instance,category,real,n_ins,n_outs,acacia_result,acacia_time,ltlsynt_result,ltlsynt_time,slowdown
01.ltl,both_ok,real,4,3,OK,0.043,OK,0.036,1.2
02.ltl,both_ok,real,4,4,OK,0.052,OK,0.045,1.2
03.ltl,both_ok,real,5,5,OK,3.385,OK,3.23,1.0
05.ltl,acacia_only,real,5,5,OK,14.107,TIMEOUT,17.054,
06.ltl,neither,?,5,5,TIMEOUT,17.033,TIMEOUT,17.053,
07.ltl,neither,?,5,5,TIMEOUT,17.033,TIMEOUT,17.052,
08.ltl,neither,?,5,6,TIMEOUT,17.036,TIMEOUT,17.051,
09.ltl,acacia_only,real,5,5,OK,8.996,TIMEOUT,17.056,
10.ltl,acacia_only,real,5,5,OK,3.574,TIMEOUT,17.06,
11.ltl,acacia_only,real,5,5,OK,3.632,TIMEOUT,17.054,
12.ltl,acacia_only,real,5,6,OK,6.191,TIMEOUT,17.048,
13.ltl,acacia_only,real,5,6,OK,6.333,TIMEOUT,17.043,
ActionConverter.ltl,both_ok,real,5,6,OK,0.022,OK,0.02,1.1
AlarmMin_efe2feaf.ltl,both_ok,real,6,2,OK,0.027,OK,0.021,1.3
Alarm_06e9cad4.ltl,neither,?,14,6,TIMEOUT,17.055,TIMEOUT,17.041,
Alarm_2d1010f8.ltl,both_ok,real,3,3,OK,0.025,OK,0.023,1.1
Alarm_68c86764.ltl,acacia_only,real,11,6,OK,16.26,TIMEOUT,17.041,
Alarm_70523fbe.ltl,acacia_only,real,11,6,OK,9.463,TIMEOUT,17.045,
Alarm_88c5c1c3.ltl,both_ok,real,11,6,OK,0.127,OK,0.022,5.8
Alarm_9cac58d3.ltl,both_ok,real,11,6,OK,0.123,OK,0.019,6.5
Alarm_a5f99bc6.ltl,neither,?,14,6,TIMEOUT,17.051,TIMEOUT,17.039,
Alarm_f2774e0b.ltl,acacia_only,real,10,6,OK,4.457,TIMEOUT,17.044,
AllHeating_d6376bf9.ltl,both_ok,real,6,5,OK,0.051,OK,0.02,2.6
AllLights_2c5b09da.ltl,neither,?,15,8,TIMEOUT,17.054,TIMEOUT,17.037,
AllLights_63831f8c.ltl,neither,?,12,8,TIMEOUT,17.063,TIMEOUT,17.035,
Assumptions_a50cadd7.ltl,both_ok,unreal,25,24,OK,0.023,OK,0.023,1.0
Automata.ltl,both_ok,real,2,13,OK,0.055,OK,0.021,2.6
Automata16S.ltl,ltlsynt_only,real,2,21,TIMEOUT,17.05,OK,0.023,
Automata32S.ltl,ltlsynt_only,real,2,37,TIMEOUT,17.054,OK,0.028,
CheckAlarmBroken1_1a2942e3.ltl,both_ok,real,1,3,OK,0.126,OK,0.016,7.7
CheckAlarm_6bea956e.ltl,both_ok,unreal,1,3,OK,0.024,OK,0.018,1.3
CheckAlarm_88f351a6.ltl,both_ok,unreal,1,3,OK,0.021,OK,0.018,1.2
CheckCoffeMachineBroken1_a5f99bc6.ltl,both_ok,real,4,4,OK,0.025,OK,0.018,1.3
CheckCoffeMachine_1cf58fc1.ltl,both_ok,unreal,4,4,OK,0.025,OK,0.018,1.4
CheckCoffeMachine_3461125b.ltl,both_ok,unreal,4,4,OK,0.024,OK,0.018,1.3
CheckCoffeMachine_f3987563.ltl,both_ok,unreal,4,4,OK,0.025,OK,0.018,1.3
CheckDoor_c2b9e44d.ltl,both_ok,unreal,2,3,OK,0.024,OK,0.017,1.4
CheckHeating_2418b67e.ltl,both_ok,unreal,2,3,OK,0.022,OK,0.017,1.3
CheckHeating_3461125b.ltl,both_ok,unreal,2,3,OK,0.023,OK,0.017,1.3
CheckLight_007df645.ltl,both_ok,unreal,2,4,OK,0.023,OK,0.017,1.3
CheckLight_aeb1d897.ltl,both_ok,unreal,2,4,OK,0.021,OK,0.017,1.2
CheckRoom_06e9cad4.ltl,both_ok,unreal,6,0,OK,0.117,OK,0.017,7.0
CheckRoom_2c5b09da.ltl,both_ok,unreal,7,0,OK,0.024,OK,0.017,1.4
CheckRoom_3916ec59.ltl,both_ok,unreal,5,0,OK,0.103,OK,0.017,6.2
CheckRoom_70523fbe.ltl,both_ok,unreal,4,0,OK,0.106,OK,0.016,6.6
CheckRoom_88c5c1c3.ltl,both_ok,unreal,4,0,OK,0.117,OK,0.018,6.6
CheckShades_1a2942e3.ltl,both_ok,unreal,2,3,OK,0.023,OK,0.018,1.3
CheckShades_3461125b.ltl,both_ok,unreal,2,3,OK,0.024,OK,0.018,1.3
CheckShades_4d4ca5c4.ltl,both_ok,unreal,2,3,OK,0.02,OK,0.017,1.2
CheckShades_aeb1d897.ltl,both_ok,unreal,2,3,OK,0.021,OK,0.018,1.2
CheckTime_3916ec59.ltl,both_ok,unreal,8,0,OK,0.024,OK,0.018,1.3
CheckTime_4b5e6eaa.ltl,both_ok,unreal,5,0,OK,0.021,OK,0.019,1.1
CheckTime_54e1f7d2.ltl,both_ok,unreal,4,0,OK,0.02,OK,0.018,1.1
CheckTime_6479ef9a.ltl,both_ok,unreal,4,0,OK,0.02,OK,0.018,1.1
CheckTimer_54e1f7d2.ltl,both_ok,unreal,1,4,OK,0.02,OK,0.017,1.2
CheckTimer_fa8592c8.ltl,both_ok,unreal,1,4,OK,0.019,OK,0.016,1.2
CheckWarnlightBroken1_70523fbe.ltl,both_ok,real,2,3,OK,0.113,OK,0.017,6.6
CheckWarnlight_1cf58fc1.ltl,both_ok,unreal,3,3,OK,0.02,OK,0.017,1.1
CheckWarnlight_4b5a2bad.ltl,both_ok,unreal,2,3,OK,0.02,OK,0.017,1.2
CheckWarnlight_54e1f7d2.ltl,both_ok,unreal,2,3,OK,0.021,OK,0.018,1.2
CheckWarnlight_6bea956e.ltl,both_ok,unreal,3,3,OK,0.021,OK,0.017,1.2
CheckWindows_2418b67e.ltl,both_ok,unreal,3,0,OK,0.113,OK,0.017,6.6
CheckWindows_54e1f7d2.ltl,both_ok,unreal,3,0,OK,0.112,OK,0.016,6.9
Cockpitboard.ltl,both_ok,real,6,19,OK,0.129,OK,0.016,8.1
Cockpitboard_efe2feaf.ltl,both_ok,real,6,19,OK,0.124,OK,0.017,7.4
CoffeMachine_974f4a68.ltl,both_ok,real,6,4,OK,0.027,OK,0.033,0.8
CoffeMachine_a50cadd7.ltl,both_ok,unreal,4,4,OK,0.027,OK,0.017,1.5
CoffeeMin_88f351a6.ltl,both_ok,real,6,4,OK,0.027,OK,0.019,1.4
Coffee_06e9cad4.ltl,both_ok,real,10,4,OK,0.052,OK,0.04,1.3
Coffee_235467da.ltl,both_ok,real,7,4,OK,0.036,OK,0.095,0.4
Coffee_2c5b09da.ltl,both_ok,real,11,4,OK,0.122,OK,0.026,4.7
Coffee_6479ef9a.ltl,both_ok,real,8,4,OK,0.043,OK,0.041,1.1
Coffee_d6376bf9.ltl,both_ok,real,9,4,OK,0.046,OK,0.038,1.2
Coffee_efe2feaf.ltl,both_ok,real,7,4,OK,0.036,OK,0.095,0.4
Coffee_f1477cc5.ltl,both_ok,unreal,8,4,OK,0.036,OK,0.04,0.9
Core_4b5a2bad.ltl,both_ok,unreal,10,7,OK,0.121,OK,0.066,1.8
Core_66f450a4.ltl,both_ok,unreal,8,5,OK,0.026,OK,0.02,1.3
Core_fa4d4ce3.ltl,both_ok,unreal,8,13,OK,0.193,OK,0.022,8.8
Core_solved_974f4a68.ltl,both_ok,real,10,7,OK,0.128,OK,0.082,1.6
DeviceBehaviorChec_fa8592c8.ltl,both_ok,unreal,4,6,OK,0.025,OK,0.025,1.0
Door_2d1010f8.ltl,both_ok,real,4,3,OK,0.022,OK,0.025,0.9
EnemeyModule.ltl,both_ok,real,2,7,OK,0.115,OK,0.017,6.8
EscalatorBidirectional.ltl,both_ok,real,7,7,OK,0.028,OK,0.02,1.4
EscalatorBidirectionalInit.ltl,both_ok,real,7,8,OK,0.031,OK,0.02,1.6
EscalatorCounting.ltl,both_ok,real,3,6,OK,0.021,OK,0.017,1.2
EscalatorCountingInit.ltl,both_ok,real,3,7,OK,0.023,OK,0.018,1.3
EscalatorNonCounting.ltl,both_ok,real,2,3,OK,0.019,OK,0.017,1.1
EscalatorNonReactive.ltl,both_ok,real,0,2,OK,0.118,OK,0.017,7.1
EscalatorSmart.ltl,both_ok,real,4,3,OK,0.039,OK,0.02,2.0
Example1_d6376bf9.ltl,both_ok,real,6,8,OK,0.025,OK,0.018,1.4
FelixSpecFixed2.2.core_fa8592c8.ltl,both_ok,unreal,5,4,OK,0.023,OK,0.02,1.2
FelixSpecFixed2_fa4d4ce3.ltl,ltlsynt_only,real,36,30,TIMEOUT,17.059,OK,0.027,
FelixSpecFixed3.core_b209ff21.ltl,both_ok,unreal,8,8,OK,0.285,OK,0.133,2.1
FelixSpecFixed3_b0840146.ltl,ltlsynt_only,real,36,30,TIMEOUT,17.058,OK,0.029,
FelixSpecFixed4GuaranteesOnly_88f351a6.ltl,both_ok,unreal,32,14,OK,0.105,OK,0.02,5.3
FelixSpecFixed4_3916ec59.ltl,ltlsynt_only,real,36,30,TIMEOUT,17.059,OK,0.031,
FelixSpecFixed4_dd3a27e1.ltl,ltlsynt_only,real,36,30,TIMEOUT,17.059,OK,0.028,
FelixSpecFixed_2418b67e.ltl,ltlsynt_only,real,36,30,TIMEOUT,17.057,OK,0.027,
Gamelogic.ltl,both_ok,real,5,25,OK,0.028,OK,0.025,1.1
GamemodeChooser.ltl,both_ok,real,9,11,OK,0.033,OK,0.02,1.6
Gamemodule.ltl,both_ok,real,4,4,OK,0.022,OK,0.018,1.2
HeatingMin_d6c5ac79.ltl,both_ok,real,2,3,OK,0.019,OK,0.019,1.0
Heating_235467da.ltl,both_ok,real,3,3,OK,0.023,OK,0.021,1.1
Heating_974f4a68.ltl,both_ok,real,4,3,OK,0.024,OK,0.032,0.8
Heating_b02056d6.ltl,both_ok,real,3,3,OK,0.022,OK,0.019,1.2
Heating_b209ff21.ltl,both_ok,real,3,3,OK,0.021,OK,0.018,1.2
IntendDemo_42dc4fff.ltl,ltlsynt_only,unreal,14,17,TIMEOUT,17.052,OK,0.801,
KitchenTimerV0.ltl,both_ok,real,2,2,OK,0.021,OK,0.017,1.2
KitchenTimerV1.ltl,both_ok,real,2,6,OK,0.026,OK,0.02,1.2
KitchenTimerV10.ltl,both_ok,real,4,11,OK,0.101,OK,0.182,0.6
KitchenTimerV2.ltl,both_ok,real,4,6,OK,0.028,OK,0.021,1.3
KitchenTimerV3.ltl,both_ok,real,4,6,OK,0.032,OK,0.029,1.1
KitchenTimerV4.ltl,both_ok,real,4,6,OK,0.034,OK,0.043,0.8
KitchenTimerV5.ltl,both_ok,real,4,6,OK,0.051,OK,0.068,0.8
KitchenTimerV6.ltl,both_ok,real,4,6,OK,0.085,OK,0.139,0.6
KitchenTimerV7.ltl,both_ok,real,4,8,OK,0.086,OK,0.14,0.6
KitchenTimerV8.ltl,both_ok,real,4,11,OK,0.087,OK,0.137,0.6
KitchenTimerV9.ltl,acacia_slow,real,4,11,OK,0.823,OK,0.256,3.2
LampController_974f4a68.ltl,both_ok,real,5,3,OK,0.03,OK,0.028,1.1
LedMatrix.ltl,ltlsynt_only,real,3,27,TIMEOUT,17.053,OK,0.305,
Light_a50cadd7.ltl,both_ok,unreal,2,4,OK,0.107,OK,0.023,4.6
Light_aeb1d897.ltl,both_ok,unreal,5,4,OK,0.036,OK,0.349,0.1
Light_d65ed84e.ltl,both_ok,real,5,4,OK,0.028,OK,0.032,0.9
Lights2Min_9cbf2546.ltl,both_ok,real,6,6,OK,0.042,OK,0.023,1.8
Lights2_06e9cad4.ltl,both_ok,real,9,8,OK,0.46,OK,1.6,0.3
Lights2_0f5381e9.ltl,both_ok,real,8,8,OK,0.463,OK,1.173,0.4
Lights2_2c5b09da.ltl,acacia_slow,real,10,8,OK,2.198,OK,0.03,74.3
Lights2_9cac58d3.ltl,both_ok,real,7,8,OK,0.418,OK,0.992,0.4
Lights2_b02056d6.ltl,both_ok,real,7,8,OK,0.411,OK,0.991,0.4
Lights2_f1477cc5.ltl,both_ok,unreal,8,8,OK,0.081,OK,0.557,0.1
Lights2_f3987563.ltl,both_ok,real,7,8,OK,0.342,OK,1.579,0.2
Lights3Min_6479ef9a.ltl,both_ok,real,5,4,OK,0.023,OK,0.021,1.1
Lights3_06e9cad4.ltl,both_ok,real,9,4,OK,0.056,OK,0.058,1.0
Lights3_235467da.ltl,both_ok,real,7,4,OK,0.046,OK,0.051,0.9
Lights3_2c5b09da.ltl,both_ok,real,10,4,OK,0.11,OK,0.022,5.1
Lights3_3916ec59.ltl,both_ok,real,8,4,OK,0.057,OK,0.049,1.2
Lights3_6bea956e.ltl,both_ok,real,7,4,OK,0.044,OK,0.051,0.9
Lights3_f1477cc5.ltl,both_ok,real,7,4,OK,0.045,OK,0.061,0.7
LightsMin_6bea956e.ltl,both_ok,real,3,4,OK,0.025,OK,0.02,1.3
LightsTotal_06e9cad4.ltl,acacia_only,real,10,8,OK,1.443,TIMEOUT,17.033,
LightsTotal_2c5b09da.ltl,acacia_slow,unreal,11,8,OK,1.521,OK,0.176,8.6
LightsTotal_9cbf2546.ltl,acacia_only,real,8,8,OK,0.969,TIMEOUT,17.049,
LightsTotal_d65ed84e.ltl,both_ok,real,9,8,OK,1.354,OK,15.107,0.1
Lights_06e9cad4.ltl,both_ok,real,8,4,OK,0.047,OK,0.039,1.2
Lights_2c5b09da.ltl,both_ok,real,9,4,OK,0.092,OK,0.022,4.1
Lights_3461125b.ltl,both_ok,real,6,4,OK,0.044,OK,0.032,1.3
Lights_9cac58d3.ltl,both_ok,real,6,4,OK,0.041,OK,0.032,1.3
Lights_b0840146.ltl,both_ok,real,7,4,OK,0.049,OK,0.034,1.4
Lights_f3987563.ltl,both_ok,real,6,4,OK,0.042,OK,0.037,1.1
ModdifiedLedMatrix4X.ltl,ltlsynt_only,unreal,3,25,TIMEOUT,17.036,OK,1.537,
ModdifiedLedMatrix5X.ltl,ltlsynt_only,real,3,25,TIMEOUT,17.037,OK,2.332,
Morning2Min_6cbc6174.ltl,both_ok,real,12,3,OK,0.148,OK,0.016,9.0
Morning2_1cf58fc1.ltl,neither,?,18,10,TIMEOUT,17.063,TIMEOUT,17.04,
Morning2_4d4ca5c4.ltl,both_ok,real,16,10,OK,0.131,OK,0.022,6.0
Morning2_9cac58d3.ltl,both_ok,real,16,10,OK,0.128,OK,0.02,6.6
MorningMin_d6c5ac79.ltl,acacia_slow,real,9,13,OK,1.444,OK,0.027,54.1
Morning_14a3b3a2.ltl,neither,?,17,15,TIMEOUT,17.054,TIMEOUT,17.15,
Morning_4b5e6eaa.ltl,neither,?,14,15,TIMEOUT,17.058,TIMEOUT,17.035,
Morning_c92eb242.ltl,neither,?,14,15,TIMEOUT,17.055,TIMEOUT,17.037,
Morning_f1477cc5.ltl,neither,?,13,15,TIMEOUT,17.08,TIMEOUT,17.039,
Morning_f2774e0b.ltl,neither,?,13,15,TIMEOUT,17.079,TIMEOUT,17.039,
MusicAppFeedback.ltl,both_ok,real,5,3,OK,0.026,OK,0.021,1.2
MusicAppMotivating.ltl,both_ok,real,5,3,OK,0.026,OK,0.022,1.2
MusicAppSimple.ltl,both_ok,real,4,3,OK,0.023,OK,0.019,1.2
OneCounter.ltl,acacia_slow,real,9,9,OK,3.645,OK,0.172,21.2
OneCounterGui.ltl,both_ok,unreal,9,9,OK,0.039,OK,0.024,1.6
OneCounterGuiA0.ltl,both_ok,unreal,9,9,OK,0.036,OK,0.021,1.7
OneCounterGuiA1.ltl,both_ok,unreal,9,9,OK,0.048,OK,0.022,2.2
OneCounterGuiA2.ltl,both_ok,unreal,9,9,OK,0.105,OK,0.026,4.1
OneCounterGuiA3.ltl,both_ok,unreal,9,9,OK,0.087,OK,0.04,2.2
OneCounterGuiA4.ltl,both_ok,unreal,9,9,OK,0.095,OK,0.045,2.1
OneCounterGuiA5.ltl,both_ok,unreal,9,9,OK,0.264,OK,0.044,6.0
OneCounterGuiA6.ltl,acacia_slow,unreal,9,9,OK,0.693,OK,0.061,11.4
OneCounterGuiA7.ltl,acacia_slow,unreal,9,9,OK,1.305,OK,0.077,16.9
OneCounterGuiA8.ltl,acacia_slow,unreal,9,9,OK,4.227,OK,0.122,34.7
OneCounterGuiA9.ltl,acacia_slow,real,9,9,OK,3.677,OK,0.175,21.0
OneCounterInRange.ltl,both_ok,unreal,5,3,OK,0.021,OK,0.02,1.1
OneCounterInRangeA0.ltl,both_ok,unreal,5,3,OK,0.024,OK,0.019,1.2
OneCounterInRangeA1.ltl,both_ok,unreal,5,3,OK,0.022,OK,0.018,1.2
OneCounterInRangeA2.ltl,both_ok,unreal,5,3,OK,0.022,OK,0.018,1.2
OneCounterInRangeA3.ltl,both_ok,real,5,3,OK,0.022,OK,0.02,1.1
PlugController_fa4d4ce3.ltl,both_ok,real,4,3,OK,0.026,OK,0.03,0.9
PlugDeviceModel_b0840146.ltl,both_ok,real,0,0,OK,0.1,OK,0.018,5.7
Radarboard.ltl,both_ok,real,5,24,OK,0.125,OK,0.017,7.2
RegManager.ltl,both_ok,real,2,8,OK,0.023,OK,0.017,1.4
Room_a50cadd7.ltl,both_ok,unreal,4,0,OK,0.109,OK,0.021,5.2
RotationCalculator.ltl,both_ok,real,6,8,OK,0.026,OK,0.02,1.3
SPI.ltl,acacia_slow,real,4,16,OK,0.327,OK,0.062,5.3
SPIPureNext.ltl,neither,?,1,27,TIMEOUT,17.037,TIMEOUT,17.038,
SPIReadClk.ltl,both_ok,real,3,3,OK,0.023,OK,0.02,1.1
SPIReadManag.ltl,both_ok,real,8,16,OK,0.266,OK,0.022,11.9
SPIReadSdi.ltl,both_ok,real,4,3,OK,0.023,OK,0.019,1.2
SPIWriteClk.ltl,both_ok,real,5,3,OK,0.024,OK,0.02,1.2
SPIWriteManag.ltl,both_ok,real,5,15,OK,0.075,OK,0.02,3.9
SPIWriteSdi.ltl,both_ok,real,6,4,OK,0.024,OK,0.018,1.3
Scoreboard.ltl,both_ok,real,5,12,OK,0.122,OK,0.022,5.5
Sensor.ltl,both_ok,real,4,6,OK,0.156,OK,0.03,5.2
SensorInit.ltl,both_ok,real,2,17,OK,0.146,OK,0.022,6.6
SensorPart.ltl,ltlsynt_only,real,2,21,TIMEOUT,17.084,OK,0.022,
SensorRegister.ltl,both_ok,real,1,2,OK,0.023,OK,0.018,1.3
SensorSelector.ltl,both_ok,real,4,25,OK,0.275,OK,0.02,14.0
SensorSubmodulChooser.ltl,both_ok,real,4,15,OK,0.05,OK,0.027,1.8
Shades2Min_63831f8c.ltl,both_ok,real,3,2,OK,0.02,OK,0.017,1.2
Shades2_235467da.ltl,both_ok,real,4,3,OK,0.025,OK,0.019,1.3
Shades2_42dc4fff.ltl,both_ok,real,4,3,OK,0.025,OK,0.019,1.3
Shades2_70523fbe.ltl,both_ok,real,4,3,OK,0.024,OK,0.018,1.3
Shades2_a5f99bc6.ltl,both_ok,real,4,3,OK,0.023,OK,0.018,1.3
ShadesMin_aeb1d897.ltl,both_ok,real,2,2,OK,0.02,OK,0.017,1.2
Shades_6479ef9a.ltl,both_ok,real,3,3,OK,0.021,OK,0.017,1.3
Shades_974f4a68.ltl,both_ok,real,4,3,OK,0.027,OK,0.045,0.6
Shades_9cac58d3.ltl,both_ok,real,3,3,OK,0.024,OK,0.02,1.2
Shades_a02758ea.ltl,both_ok,real,3,3,OK,0.022,OK,0.019,1.2
Shades_b209ff21.ltl,both_ok,real,3,3,OK,0.023,OK,0.02,1.2
SingleContoller_d65ed84e.ltl,both_ok,unreal,12,6,OK,0.299,OK,0.143,2.1
SliderDefault.ltl,both_ok,real,2,3,OK,0.026,OK,0.024,1.1
SliderDelayed.ltl,both_ok,real,4,9,OK,0.052,OK,0.058,0.9
SliderScored.ltl,both_ok,real,4,9,OK,0.034,OK,0.028,1.2
System_b0840146.ltl,both_ok,unreal,3,5,OK,0.021,OK,0.019,1.1
Time_a50cadd7.ltl,both_ok,unreal,4,0,OK,0.099,OK,0.017,5.9
Timer_a50cadd7.ltl,both_ok,real,1,4,OK,0.023,OK,0.016,1.4
TorcsAccelerating.ltl,both_ok,real,2,6,OK,0.023,OK,0.022,1.1
TorcsGearing.ltl,both_ok,real,1,3,OK,0.021,OK,0.018,1.2
TorcsSimple.ltl,both_ok,real,3,8,OK,0.022,OK,0.019,1.2
TorcsSteeringImproved.ltl,both_ok,real,4,8,OK,0.029,OK,0.02,1.4
TorcsSteeringSimple.ltl,both_ok,real,4,3,OK,0.023,OK,0.019,1.2
TorcsSteeringSmart.ltl,both_ok,real,4,6,OK,0.024,OK,0.02,1.2
TwoCounters.ltl,both_ok,unreal,6,8,OK,0.029,OK,0.021,1.4
TwoCounters2.ltl,both_ok,unreal,11,8,OK,0.063,OK,0.024,2.6
TwoCounters3.ltl,acacia_slow,real,11,8,OK,1.132,OK,0.215,5.3
TwoCounters4.ltl,both_ok,real,11,8,OK,0.111,OK,0.028,3.9
TwoCounters5.ltl,ltlsynt_only,unreal,19,13,TIMEOUT,17.054,OK,1.707,
TwoCountersDisButA0.ltl,both_ok,unreal,11,13,OK,0.173,OK,0.026,6.7
TwoCountersDisButA1.ltl,both_ok,unreal,11,13,OK,0.215,OK,0.03,7.1
TwoCountersDisButA2.ltl,both_ok,unreal,11,13,OK,0.279,OK,0.088,3.2
TwoCountersDisButA3.ltl,acacia_slow,unreal,11,13,OK,0.331,OK,0.096,3.4
TwoCountersDisButA4.ltl,acacia_slow,unreal,12,13,OK,1.338,OK,0.097,13.8
TwoCountersDisButA5.ltl,acacia_slow,unreal,12,13,OK,1.443,OK,0.103,14.0
TwoCountersDisButA6.ltl,acacia_slow,unreal,13,13,OK,10.454,OK,0.103,101.3
TwoCountersDisButA7.ltl,acacia_slow,unreal,13,13,OK,11.652,OK,0.125,93.5
TwoCountersDisButA8.ltl,ltlsynt_only,unreal,14,13,TIMEOUT,17.138,OK,0.125,
TwoCountersDisButA9.ltl,ltlsynt_only,unreal,14,13,TIMEOUT,17.135,OK,0.149,
TwoCountersDisButAC.ltl,ltlsynt_only,unreal,15,13,TIMEOUT,17.043,OK,0.147,
TwoCountersGui.ltl,acacia_slow,unreal,19,14,OK,5.883,OK,0.027,220.3
TwoCountersInRange.ltl,both_ok,unreal,11,8,OK,0.036,OK,0.023,1.6
TwoCountersInRangeA0.ltl,both_ok,unreal,11,8,OK,0.037,OK,0.02,1.8
TwoCountersInRangeA1.ltl,both_ok,unreal,11,8,OK,0.05,OK,0.02,2.5
TwoCountersInRangeA2.ltl,both_ok,unreal,11,8,OK,0.055,OK,0.021,2.7
TwoCountersInRangeA3.ltl,both_ok,unreal,11,8,OK,0.058,OK,0.022,2.7
TwoCountersInRangeA4.ltl,both_ok,unreal,11,8,OK,0.059,OK,0.022,2.7
TwoCountersInRangeA5.ltl,both_ok,unreal,11,8,OK,0.065,OK,0.023,2.8
TwoCountersInRangeA6.ltl,both_ok,real,11,8,OK,0.113,OK,0.025,4.4
TwoCountersInRangeM0.ltl,both_ok,unreal,11,8,OK,0.078,OK,0.025,3.1
TwoCountersInRangeM1.ltl,both_ok,unreal,11,8,OK,0.081,OK,0.025,3.2
TwoCountersInRangeM2.ltl,both_ok,unreal,11,8,OK,0.076,OK,0.025,3.1
TwoCountersInRangeM3.ltl,both_ok,unreal,11,8,OK,0.076,OK,0.025,3.1
TwoCountersInRangeM4.ltl,both_ok,unreal,11,8,OK,0.065,OK,0.025,2.6
TwoCountersInRangeM5.ltl,both_ok,unreal,11,8,OK,0.065,OK,0.025,2.6
TwoCountersRefined.ltl,both_ok,unreal,6,8,OK,0.033,OK,0.021,1.5
TwoCountersRefinedRefined.ltl,both_ok,real,6,8,OK,0.041,OK,0.023,1.8
UnderapproxDemo.ltl,both_ok,unreal,1,0,OK,0.105,OK,0.016,6.4
UnderapproxDemo2.ltl,both_ok,unreal,2,2,OK,0.118,OK,0.018,6.5
UnderapproxStrengthenedDemo.ltl,both_ok,real,1,0,OK,0.106,OK,0.017,6.3
Warnlight_2d1010f8.ltl,both_ok,real,4,3,OK,0.026,OK,0.021,1.2
Warnlight_a50cadd7.ltl,both_ok,unreal,2,3,OK,0.024,OK,0.018,1.4
Window2Min_88c5c1c3.ltl,both_ok,real,6,5,OK,0.023,OK,0.017,1.3
Window2_54e1f7d2.ltl,both_ok,real,9,11,OK,0.138,OK,0.081,1.7
Window2_6479ef9a.ltl,both_ok,real,7,7,OK,0.086,OK,0.024,3.6
Window2_9cac58d3.ltl,acacia_slow,real,9,11,OK,0.627,OK,0.023,27.0
Window2_aeb1d897.ltl,both_ok,real,7,7,OK,0.081,OK,0.026,3.1
Window2_f1477cc5.ltl,both_ok,unreal,8,7,OK,0.035,OK,0.019,1.8
WindowMin_a5f99bc6.ltl,both_ok,real,4,5,OK,0.024,OK,0.018,1.3
Window_235467da.ltl,both_ok,real,5,5,OK,0.041,OK,0.019,2.2
Window_42dc4fff.ltl,both_ok,real,5,5,OK,0.036,OK,0.019,1.9
Window_54e1f7d2.ltl,both_ok,real,5,5,OK,0.039,OK,0.019,2.1
abcg_arbiter1.ltl,both_ok,real,1,4,OK,0.025,OK,0.023,1.1
abcg_arbiter2.ltl,both_ok,real,2,8,OK,0.101,OK,0.027,3.7
abcg_arbiter3.ltl,ltlsynt_only,real,3,12,TIMEOUT,17.044,OK,0.253,
abcg_arbiter4.ltl,ltlsynt_only,real,4,16,TIMEOUT,17.047,OK,15.493,
abcg_arbiter5.ltl,neither,?,5,20,TIMEOUT,17.054,TIMEOUT,17.048,
amba_case_study2.ltl,acacia_only,real,7,8,OK,1.849,TIMEOUT,17.03,
amba_decomposed_arbiter2.ltl,both_ok,real,3,4,OK,0.025,OK,0.024,1.0
amba_decomposed_arbiter3.ltl,both_ok,real,4,5,OK,0.026,OK,0.025,1.1
amba_decomposed_arbiter4.ltl,both_ok,real,5,6,OK,0.051,OK,0.067,0.8
amba_decomposed_arbiter5.ltl,both_ok,real,6,7,OK,0.588,OK,0.819,0.7
amba_decomposed_arbiter6.ltl,both_ok,real,7,8,OK,14.371,OK,16.632,0.9
amba_decomposed_arbiter7.ltl,neither,?,8,9,TIMEOUT,17.031,TIMEOUT,17.029,
amba_decomposed_arbiter8.ltl,neither,?,9,10,TIMEOUT,17.083,TIMEOUT,17.03,
amba_decomposed_decode.ltl,both_ok,real,2,3,OK,0.022,OK,0.022,1.0
amba_decomposed_encode10.ltl,both_ok,real,11,4,OK,0.041,OK,0.145,0.3
amba_decomposed_encode11.ltl,both_ok,real,12,4,OK,0.049,OK,0.281,0.2
amba_decomposed_encode12.ltl,both_ok,real,13,4,OK,0.059,OK,0.572,0.1
amba_decomposed_encode13.ltl,both_ok,real,14,4,OK,0.075,OK,1.534,0.0
amba_decomposed_encode14.ltl,both_ok,real,15,4,OK,0.132,OK,3.912,0.0
amba_decomposed_encode15.ltl,both_ok,real,16,4,OK,0.297,OK,8.932,0.0
amba_decomposed_encode16.ltl,acacia_only,real,17,4,OK,0.806,TIMEOUT,17.043,
amba_decomposed_encode2.ltl,both_ok,real,3,1,OK,0.022,OK,0.021,1.0
amba_decomposed_encode3.ltl,both_ok,real,4,2,OK,0.022,OK,0.022,1.0
amba_decomposed_encode4.ltl,both_ok,real,5,2,OK,0.021,OK,0.02,1.1
amba_decomposed_encode5.ltl,both_ok,real,6,3,OK,0.024,OK,0.023,1.1
amba_decomposed_encode6.ltl,both_ok,real,7,3,OK,0.026,OK,0.023,1.1
amba_decomposed_encode7.ltl,both_ok,real,8,3,OK,0.028,OK,0.026,1.1
amba_decomposed_encode8.ltl,both_ok,real,9,3,OK,0.029,OK,0.032,0.9
amba_decomposed_encode9.ltl,both_ok,real,10,4,OK,0.04,OK,0.082,0.5
amba_decomposed_lock10.ltl,both_ok,real,21,1,OK,0.156,OK,0.022,7.2
amba_decomposed_lock100.ltl,ltlsynt_only,?,201,1,TIMEOUT,17.057,OK,0.035,
amba_decomposed_lock11.ltl,acacia_slow,real,23,1,OK,0.356,OK,0.021,16.9
amba_decomposed_lock12.ltl,acacia_slow,real,25,1,OK,0.912,OK,0.021,43.0
amba_decomposed_lock120.ltl,ltlsynt_only,?,241,1,TIMEOUT,17.055,OK,0.038,
amba_decomposed_lock13.ltl,acacia_slow,real,27,1,OK,2.966,OK,0.021,141.8
amba_decomposed_lock14.ltl,acacia_slow,real,29,1,OK,11.637,OK,0.022,536.5
amba_decomposed_lock15.ltl,ltlsynt_only,real,31,1,TIMEOUT,17.097,OK,0.025,
amba_decomposed_lock150.ltl,ltlsynt_only,real,301,1,TIMEOUT,17.054,OK,4.737,
amba_decomposed_lock16.ltl,ltlsynt_only,real,33,1,TIMEOUT,17.091,OK,0.022,
amba_decomposed_lock2.ltl,both_ok,real,5,1,OK,0.024,OK,0.021,1.2
amba_decomposed_lock200.ltl,ltlsynt_only,real,401,1,TIMEOUT,17.054,OK,15.942,
amba_decomposed_lock3.ltl,both_ok,real,7,1,OK,0.022,OK,0.019,1.2
amba_decomposed_lock30.ltl,ltlsynt_only,?,61,1,TIMEOUT,17.055,OK,0.021,
amba_decomposed_lock4.ltl,both_ok,real,9,1,OK,0.022,OK,0.018,1.2
amba_decomposed_lock5.ltl,both_ok,real,11,1,OK,0.023,OK,0.018,1.3
amba_decomposed_lock6.ltl,both_ok,real,13,1,OK,0.027,OK,0.02,1.4
amba_decomposed_lock60.ltl,ltlsynt_only,?,121,1,TIMEOUT,17.056,OK,0.025,
amba_decomposed_lock7.ltl,both_ok,real,15,1,OK,0.029,OK,0.019,1.5
amba_decomposed_lock8.ltl,both_ok,real,17,1,OK,0.039,OK,0.02,2.0
amba_decomposed_lock9.ltl,both_ok,real,19,1,OK,0.068,OK,0.021,3.3
amba_decomposed_shift.ltl,both_ok,real,2,1,OK,0.023,OK,0.018,1.3
amba_decomposed_tburst4.ltl,both_ok,real,4,1,OK,0.021,OK,0.023,0.9
amba_decomposed_tincr.ltl,both_ok,real,5,1,OK,0.022,OK,0.02,1.1
amba_decomposed_tsingle.ltl,both_ok,real,4,1,OK,0.02,OK,0.02,1.0
amba_gr+_2.ltl,neither,?,7,16,TIMEOUT,17.049,TIMEOUT,17.04,
amba_gr_2.ltl,neither,?,7,15,TIMEOUT,17.047,TIMEOUT,17.044,
amba_gr_3.ltl,neither,?,9,18,TIMEOUT,17.051,TIMEOUT,17.054,
arbiter1.ltl,both_ok,real,1,1,OK,0.022,OK,0.022,1.0
arbiter10.ltl,neither,?,10,10,TIMEOUT,17.043,TIMEOUT,17.037,
arbiter2.ltl,both_ok,real,2,2,OK,0.021,OK,0.019,1.1
arbiter3.ltl,both_ok,real,3,3,OK,0.024,OK,0.02,1.2
arbiter4.ltl,both_ok,real,4,4,OK,0.051,OK,0.024,2.1
arbiter5.ltl,acacia_slow,real,5,5,OK,0.617,OK,0.043,14.4
arbiter6.ltl,ltlsynt_only,real,6,6,TIMEOUT,17.036,OK,0.127,
arbiter7.ltl,ltlsynt_only,real,7,7,TIMEOUT,17.04,OK,0.622,
arbiter8.ltl,ltlsynt_only,real,8,8,TIMEOUT,17.051,OK,3.882,
arbiter9.ltl,neither,?,9,9,TIMEOUT,17.066,TIMEOUT,17.035,
arbiter_on_inpchange1.ltl,both_ok,real,1,1,OK,0.023,OK,0.022,1.1
arbiter_on_inpchange2.ltl,both_ok,real,2,2,OK,0.023,OK,0.033,0.7
arbiter_on_inpchange3.ltl,both_ok,real,3,3,OK,0.08,OK,2.689,0.0
arbiter_on_inpchange4.ltl,acacia_only,real,4,4,OK,9.906,TIMEOUT,17.033,
arbiter_on_inpchange5.ltl,neither,?,5,5,TIMEOUT,17.042,TIMEOUT,17.031,
arbiter_on_inpchange6.ltl,neither,?,6,6,TIMEOUT,17.043,TIMEOUT,17.033,
arbiter_with_buffer1.ltl,both_ok,real,2,2,OK,0.022,OK,0.02,1.1
arbiter_with_buffer10.ltl,neither,?,20,20,TIMEOUT,17.05,TIMEOUT,17.055,
arbiter_with_buffer2.ltl,both_ok,real,4,4,OK,0.021,OK,0.017,1.2
arbiter_with_buffer3.ltl,both_ok,real,6,6,OK,0.042,OK,0.02,2.1
arbiter_with_buffer4.ltl,acacia_slow,real,8,8,OK,1.262,OK,0.038,33.0
arbiter_with_buffer5.ltl,ltlsynt_only,real,10,10,TIMEOUT,17.095,OK,0.158,
arbiter_with_buffer6.ltl,ltlsynt_only,real,12,12,TIMEOUT,17.072,OK,1.394,
arbiter_with_buffer7.ltl,ltlsynt_only,real,14,14,TIMEOUT,17.043,OK,13.593,
arbiter_with_buffer8.ltl,neither,?,16,16,TIMEOUT,17.054,TIMEOUT,17.053,
arbiter_with_buffer9.ltl,neither,?,18,18,TIMEOUT,17.052,TIMEOUT,17.057,
arbiter_with_cancel1.ltl,both_ok,real,2,1,OK,0.023,OK,0.021,1.1
arbiter_with_cancel2.ltl,both_ok,real,4,2,OK,0.021,OK,0.021,1.0
arbiter_with_cancel3.ltl,both_ok,real,6,3,OK,0.027,OK,0.024,1.1
arbiter_with_cancel4.ltl,both_ok,real,8,4,OK,0.106,OK,0.042,2.5
arbiter_with_cancel5.ltl,acacia_slow,real,10,5,OK,2.443,OK,0.2,12.2
arbiter_with_cancel6.ltl,ltlsynt_only,real,12,6,TIMEOUT,17.05,OK,1.778,
arbiter_with_cancel7.ltl,ltlsynt_only,real,14,7,TIMEOUT,17.044,OK,15.14,
arbiter_with_cancel8.ltl,neither,?,16,8,TIMEOUT,17.054,TIMEOUT,17.03,
arbiter_with_cancel9.ltl,neither,?,18,9,TIMEOUT,17.051,TIMEOUT,17.029,
button.ltl,both_ok,real,1,4,OK,0.142,OK,0.017,8.3
collector_v111.ltl,neither,?,11,1,TIMEOUT,17.055,TIMEOUT,17.034,
collector_v13.ltl,both_ok,real,3,1,OK,0.023,OK,0.018,1.2
collector_v15.ltl,both_ok,real,5,1,OK,0.024,OK,0.024,1.0
collector_v17.ltl,both_ok,real,7,1,OK,0.059,OK,0.261,0.2
collector_v19.ltl,both_ok,real,9,1,OK,1.093,OK,14.031,0.1
collector_v210.ltl,both_ok,real,10,1,OK,0.163,OK,4.079,0.0
collector_v211.ltl,acacia_only,real,11,1,OK,0.347,TIMEOUT,17.034,
collector_v212.ltl,acacia_only,real,12,1,OK,0.858,TIMEOUT,17.033,
collector_v213.ltl,acacia_only,real,13,1,OK,2.254,TIMEOUT,17.039,
collector_v215.ltl,acacia_only,real,15,1,OK,16.14,TIMEOUT,17.029,
collector_v23.ltl,both_ok,real,3,1,OK,0.024,OK,0.022,1.1
collector_v25.ltl,both_ok,real,5,1,OK,0.024,OK,0.021,1.2
collector_v27.ltl,both_ok,real,7,1,OK,0.035,OK,0.051,0.7
collector_v29.ltl,both_ok,real,9,1,OK,0.085,OK,0.788,0.1
collector_v310.ltl,neither,?,10,1,TIMEOUT,17.036,TIMEOUT,17.035,
collector_v327.ltl,neither,?,27,1,TIMEOUT,17.05,TIMEOUT,17.055,
collector_v33.ltl,both_ok,real,3,1,OK,0.025,OK,0.029,0.9
collector_v35.ltl,both_ok,real,5,1,OK,0.036,OK,2.631,0.0
collector_v37.ltl,acacia_only,real,7,1,OK,0.278,TIMEOUT,17.04,
collector_v39.ltl,acacia_only,real,9,1,OK,5.59,TIMEOUT,17.035,
detector_unreal10.ltl,both_ok,unreal,10,1,OK,0.107,OK,0.029,3.7
detector_unreal11.ltl,both_ok,unreal,11,1,OK,0.197,OK,0.034,5.9
detector_unreal12.ltl,acacia_slow,unreal,12,1,OK,0.433,OK,0.049,8.9
detector_unreal13.ltl,acacia_slow,unreal,13,1,OK,1.028,OK,0.077,13.4
detector_unreal14.ltl,acacia_slow,unreal,14,1,OK,2.776,OK,0.138,20.1
detector_unreal15.ltl,acacia_slow,unreal,15,1,OK,6.845,OK,0.272,25.2
detector_unreal16.ltl,acacia_slow,unreal,16,1,OK,16.734,OK,0.615,27.2
detector_unreal2.ltl,both_ok,unreal,2,1,OK,0.023,OK,0.021,1.1
detector_unreal25.ltl,neither,?,25,1,TIMEOUT,17.049,TIMEOUT,17.057,
detector_unreal3.ltl,both_ok,unreal,3,1,OK,0.022,OK,0.018,1.2
detector_unreal4.ltl,both_ok,unreal,4,1,OK,0.023,OK,0.019,1.2
detector_unreal5.ltl,both_ok,unreal,5,1,OK,0.026,OK,0.024,1.1
detector_unreal50.ltl,neither,?,50,1,TIMEOUT,17.046,TIMEOUT,17.053,
detector_unreal6.ltl,both_ok,unreal,6,1,OK,0.028,OK,0.023,1.2
detector_unreal7.ltl,both_ok,unreal,7,1,OK,0.031,OK,0.021,1.5
detector_unreal70.ltl,neither,?,70,1,TIMEOUT,17.055,TIMEOUT,17.056,
detector_unreal8.ltl,both_ok,unreal,8,1,OK,0.041,OK,0.02,2.0
detector_unreal9.ltl,both_ok,unreal,9,1,OK,0.061,OK,0.024,2.6
door_locking_problem_d6c5ac79.ltl,both_ok,real,6,3,OK,0.029,OK,0.02,1.4
example101.ltl,both_ok,real,1,1,OK,0.022,OK,0.017,1.3
example102.ltl,both_ok,real,1,1,OK,0.021,OK,0.017,1.2
example10a1.ltl,both_ok,real,1,1,OK,0.021,OK,0.017,1.2
example10a2.ltl,both_ok,real,1,1,OK,0.022,OK,0.018,1.3
example71.ltl,both_ok,real,1,1,OK,0.02,OK,0.017,1.2
example72.ltl,both_ok,real,2,2,OK,0.02,OK,0.016,1.2
example7a1.ltl,both_ok,real,1,1,OK,0.019,OK,0.017,1.1
example7a2.ltl,both_ok,real,2,2,OK,0.02,OK,0.017,1.2
example81.ltl,both_ok,real,1,1,OK,0.019,OK,0.016,1.2
example82.ltl,both_ok,real,2,2,OK,0.019,OK,0.017,1.2
example91.ltl,both_ok,real,1,1,OK,0.019,OK,0.016,1.2
example92.ltl,both_ok,real,1,1,OK,0.02,OK,0.017,1.1
finding_nemo_1.ltl,ltlsynt_only,real,2,5,TIMEOUT,17.029,OK,0.025,
finding_nemo_2.ltl,ltlsynt_only,real,2,8,TIMEOUT,17.035,OK,0.04,
finding_nemo_3.ltl,ltlsynt_only,real,2,11,TIMEOUT,17.03,OK,0.084,
finding_nemo_4.ltl,ltlsynt_only,real,2,14,TIMEOUT,17.036,OK,0.423,
finding_nemo_5.ltl,ltlsynt_only,real,2,17,TIMEOUT,17.045,OK,5.199,
finding_nemo_6.ltl,neither,?,2,20,TIMEOUT,17.052,TIMEOUT,17.04,
finding_nemo_7.ltl,neither,?,2,23,TIMEOUT,17.053,TIMEOUT,17.051,
full_arbiter_enc10.ltl,ltlsynt_only,real,4,4,TIMEOUT,17.046,OK,13.598,
full_arbiter_enc8.ltl,ltlsynt_only,real,3,4,TIMEOUT,17.037,OK,0.943,
full_arbiter_unreal12_1.ltl,both_ok,unreal,2,2,OK,0.025,OK,0.022,1.1
full_arbiter_unreal12_10.ltl,both_ok,unreal,2,2,OK,0.078,OK,0.064,1.2
full_arbiter_unreal12_11.ltl,both_ok,unreal,2,2,OK,0.13,OK,0.106,1.2
full_arbiter_unreal12_12.ltl,both_ok,unreal,2,2,OK,0.25,OK,0.192,1.3
full_arbiter_unreal12_13.ltl,both_ok,unreal,2,2,OK,0.537,OK,0.398,1.4
full_arbiter_unreal12_14.ltl,both_ok,unreal,2,2,OK,1.113,OK,0.832,1.3
full_arbiter_unreal12_15.ltl,both_ok,unreal,2,2,OK,2.438,OK,1.927,1.3
full_arbiter_unreal12_16.ltl,both_ok,unreal,2,2,OK,5.999,OK,4.334,1.4
full_arbiter_unreal12_18.ltl,neither,?,2,2,TIMEOUT,17.062,TIMEOUT,17.063,
full_arbiter_unreal12_2.ltl,both_ok,unreal,2,2,OK,0.024,OK,0.02,1.2
full_arbiter_unreal12_3.ltl,both_ok,unreal,2,2,OK,0.023,OK,0.019,1.2
full_arbiter_unreal12_4.ltl,both_ok,unreal,2,2,OK,0.023,OK,0.018,1.3
full_arbiter_unreal12_5.ltl,both_ok,unreal,2,2,OK,0.027,OK,0.021,1.3
full_arbiter_unreal12_6.ltl,both_ok,unreal,2,2,OK,0.026,OK,0.021,1.2
full_arbiter_unreal12_7.ltl,both_ok,unreal,2,2,OK,0.031,OK,0.024,1.3
full_arbiter_unreal12_8.ltl,both_ok,unreal,2,2,OK,0.039,OK,0.029,1.4
full_arbiter_unreal12_9.ltl,both_ok,unreal,2,2,OK,0.052,OK,0.042,1.2
full_arbiter_unreal13_1.ltl,both_ok,unreal,3,3,OK,0.029,OK,0.023,1.3
full_arbiter_unreal13_2.ltl,both_ok,unreal,3,3,OK,0.031,OK,0.022,1.4
full_arbiter_unreal13_3.ltl,both_ok,unreal,3,3,OK,0.038,OK,0.028,1.3
full_arbiter_unreal13_4.ltl,both_ok,unreal,3,3,OK,0.078,OK,0.058,1.3
full_arbiter_unreal13_5.ltl,both_ok,unreal,3,3,OK,0.318,OK,0.23,1.4
full_arbiter_unreal13_6.ltl,both_ok,unreal,3,3,OK,2.094,OK,1.44,1.5
full_arbiter_unreal13_7.ltl,both_ok,unreal,3,3,OK,13.231,OK,9.97,1.3
full_arbiter_unreal13_8.ltl,neither,?,3,3,TIMEOUT,17.059,TIMEOUT,17.06,
full_arbiter_unreal14_1.ltl,both_ok,unreal,4,4,OK,0.059,OK,0.037,1.6
full_arbiter_unreal14_2.ltl,both_ok,unreal,4,4,OK,0.088,OK,0.054,1.6
full_arbiter_unreal14_3.ltl,both_ok,unreal,4,4,OK,0.262,OK,0.184,1.4
full_arbiter_unreal14_4.ltl,both_ok,unreal,4,4,OK,3.505,OK,2.4,1.5
full_arbiter_unreal14_5.ltl,neither,?,4,4,TIMEOUT,17.051,TIMEOUT,17.049,
full_arbiter_unreal22.ltl,both_ok,unreal,2,2,OK,0.025,OK,0.024,1.1
full_arbiter_unreal23.ltl,both_ok,unreal,3,3,OK,0.056,OK,0.042,1.3
full_arbiter_unreal24.ltl,both_ok,unreal,4,4,OK,4.773,OK,2.609,1.8
full_arbiter_unreal25.ltl,neither,?,5,5,TIMEOUT,17.043,TIMEOUT,17.04,
full_arbiter_unreal26.ltl,neither,?,6,6,TIMEOUT,17.048,TIMEOUT,17.045,
full_arbiter_unreal27.ltl,neither,?,7,7,TIMEOUT,17.047,TIMEOUT,17.045,
full_arbiter_unreal28.ltl,neither,?,8,8,TIMEOUT,17.055,TIMEOUT,17.049,
generalized_buffer2.ltl,both_ok,real,4,4,OK,0.025,OK,0.065,0.4
generalized_buffer3.ltl,acacia_only,real,5,5,OK,0.128,TIMEOUT,17.033,
increment.ltl,both_ok,real,1,2,OK,0.018,OK,0.017,1.1
jarvis_gideon_a02758ea.ltl,both_ok,unreal,18,36,OK,0.03,OK,0.023,1.3
jarvis_philippe_484face8.ltl,both_ok,unreal,33,48,OK,0.025,OK,0.019,1.3
lazy_shades_problem_d6376bf9.ltl,both_ok,real,6,3,OK,0.038,OK,0.06,0.6
lift2.ltl,both_ok,real,2,4,OK,0.027,OK,0.022,1.2
lift3.ltl,ltlsynt_only,real,3,5,TIMEOUT,17.028,OK,0.027,
lift4.ltl,ltlsynt_only,real,4,5,TIMEOUT,17.031,OK,0.042,
lift5.ltl,ltlsynt_only,real,5,6,TIMEOUT,17.04,OK,0.131,
lift6.ltl,ltlsynt_only,real,6,6,TIMEOUT,17.068,OK,0.603,
lift7.ltl,ltlsynt_only,real,7,6,TIMEOUT,17.037,OK,3.19,
lift_gr1+2.ltl,both_ok,real,4,5,OK,0.102,OK,0.055,1.9
lift_gr1+3.ltl,ltlsynt_only,real,5,6,TIMEOUT,17.033,OK,0.408,
lift_gr12.ltl,both_ok,real,3,4,OK,0.031,OK,0.027,1.1
lift_gr13.ltl,ltlsynt_only,real,4,5,TIMEOUT,17.028,OK,0.086,
lift_unary_enc2.ltl,both_ok,real,2,5,OK,0.031,OK,0.024,1.3
lift_unary_enc3.ltl,ltlsynt_only,real,3,6,TIMEOUT,17.029,OK,0.044,
lift_unary_enc4.ltl,ltlsynt_only,real,4,7,TIMEOUT,17.043,OK,0.553,
lift_unary_enc5.ltl,neither,?,5,8,TIMEOUT,17.089,TIMEOUT,17.028,
lift_wrong_physics_unreal10.ltl,acacia_only,unreal,10,7,OK,1.187,TIMEOUT,17.08,
lift_wrong_physics_unreal2.ltl,both_ok,real,2,4,OK,0.026,OK,0.024,1.1
lift_wrong_physics_unreal3.ltl,both_ok,unreal,3,5,OK,0.025,OK,0.023,1.1
lift_wrong_physics_unreal4.ltl,both_ok,unreal,4,5,OK,0.027,OK,0.026,1.0
lift_wrong_physics_unreal5.ltl,both_ok,unreal,5,6,OK,0.034,OK,0.039,0.9
lift_wrong_physics_unreal6.ltl,both_ok,unreal,6,6,OK,0.048,OK,0.085,0.6
lift_wrong_physics_unreal7.ltl,both_ok,unreal,7,6,OK,0.073,OK,0.282,0.3
lift_wrong_physics_unreal8.ltl,both_ok,unreal,8,6,OK,0.138,OK,1.561,0.1
lift_wrong_physics_unreal9.ltl,both_ok,unreal,9,7,OK,0.451,OK,10.046,0.0
lilydemo01.ltl,both_ok,unreal,3,1,OK,0.024,OK,0.021,1.1
lilydemo02.ltl,both_ok,unreal,3,1,OK,0.02,OK,0.017,1.2
lilydemo03.ltl,both_ok,real,3,1,OK,0.02,OK,0.017,1.2
lilydemo04.ltl,both_ok,real,3,1,OK,0.021,OK,0.018,1.2
lilydemo05.ltl,both_ok,real,3,1,OK,0.02,OK,0.017,1.2
lilydemo06.ltl,both_ok,real,3,1,OK,0.022,OK,0.018,1.2
lilydemo07.ltl,both_ok,real,3,1,OK,0.021,OK,0.017,1.2
lilydemo08.ltl,both_ok,real,1,1,OK,0.019,OK,0.017,1.1
lilydemo09.ltl,both_ok,real,1,1,OK,0.02,OK,0.018,1.1
lilydemo10.ltl,both_ok,real,2,2,OK,0.02,OK,0.017,1.2
lilydemo11.ltl,both_ok,unreal,2,2,OK,0.018,OK,0.016,1.1
lilydemo12.ltl,both_ok,real,2,2,OK,0.019,OK,0.016,1.1
lilydemo13.ltl,both_ok,real,1,1,OK,0.018,OK,0.016,1.1
lilydemo14.ltl,both_ok,real,2,2,OK,0.02,OK,0.016,1.2
lilydemo15.ltl,both_ok,unreal,2,2,OK,0.02,OK,0.017,1.2
lilydemo16.ltl,both_ok,unreal,3,3,OK,0.021,OK,0.017,1.3
lilydemo17.ltl,both_ok,real,2,3,OK,0.021,OK,0.017,1.3
lilydemo18.ltl,both_ok,real,3,4,OK,0.022,OK,0.018,1.3
lilydemo19.ltl,both_ok,real,2,2,OK,0.02,OK,0.017,1.2
lilydemo20.ltl,both_ok,real,2,3,OK,0.022,OK,0.018,1.3
lilydemo21.ltl,both_ok,real,4,4,OK,0.027,OK,0.056,0.5
lilydemo22.ltl,both_ok,real,3,1,OK,0.022,OK,0.02,1.1
lilydemo23.ltl,both_ok,real,1,1,OK,0.02,OK,0.018,1.2
lilydemo24.ltl,both_ok,real,4,4,OK,0.021,OK,0.017,1.2
load_balancer2.ltl,both_ok,real,3,2,OK,0.021,OK,0.019,1.1
load_balancer3.ltl,both_ok,real,4,3,OK,0.027,OK,0.022,1.2
load_balancer4.ltl,both_ok,real,5,4,OK,0.04,OK,0.027,1.5
load_balancer5.ltl,both_ok,real,6,5,OK,0.109,OK,0.056,1.9
load_balancer6.ltl,acacia_slow,real,7,6,OK,0.566,OK,0.224,2.5
load_balancer7.ltl,both_ok,real,8,7,OK,8.853,OK,15.643,0.6
load_balancer_unreal12_1.ltl,both_ok,unreal,3,2,OK,0.026,OK,0.023,1.1
load_balancer_unreal12_10.ltl,both_ok,unreal,3,2,OK,0.045,OK,0.045,1.0
load_balancer_unreal12_11.ltl,both_ok,unreal,3,2,OK,0.065,OK,0.059,1.1
load_balancer_unreal12_12.ltl,both_ok,unreal,3,2,OK,0.105,OK,0.099,1.1
load_balancer_unreal12_13.ltl,both_ok,unreal,3,2,OK,0.193,OK,0.179,1.1
load_balancer_unreal12_14.ltl,both_ok,unreal,3,2,OK,0.386,OK,0.367,1.1
load_balancer_unreal12_15.ltl,both_ok,unreal,3,2,OK,0.807,OK,0.783,1.0
load_balancer_unreal12_16.ltl,both_ok,unreal,3,2,OK,1.834,OK,1.709,1.1
load_balancer_unreal12_2.ltl,both_ok,unreal,3,2,OK,0.023,OK,0.021,1.0
load_balancer_unreal12_3.ltl,both_ok,unreal,3,2,OK,0.022,OK,0.02,1.1
load_balancer_unreal12_4.ltl,both_ok,unreal,3,2,OK,0.022,OK,0.019,1.1
load_balancer_unreal12_5.ltl,both_ok,unreal,3,2,OK,0.023,OK,0.02,1.2
load_balancer_unreal12_6.ltl,both_ok,unreal,3,2,OK,0.024,OK,0.019,1.2
load_balancer_unreal12_7.ltl,both_ok,unreal,3,2,OK,0.026,OK,0.021,1.2
load_balancer_unreal12_8.ltl,both_ok,unreal,3,2,OK,0.028,OK,0.025,1.1
load_balancer_unreal12_9.ltl,both_ok,unreal,3,2,OK,0.033,OK,0.031,1.1
load_balancer_unreal13_1.ltl,both_ok,unreal,4,3,OK,0.028,OK,0.026,1.1
load_balancer_unreal13_10.ltl,both_ok,unreal,4,3,OK,0.176,OK,0.161,1.1
load_balancer_unreal13_11.ltl,both_ok,unreal,4,3,OK,0.346,OK,0.326,1.1
load_balancer_unreal13_12.ltl,both_ok,unreal,4,3,OK,0.735,OK,0.693,1.1
load_balancer_unreal13_2.ltl,both_ok,unreal,4,3,OK,0.026,OK,0.023,1.1
load_balancer_unreal13_3.ltl,both_ok,unreal,4,3,OK,0.026,OK,0.023,1.2
load_balancer_unreal13_4.ltl,both_ok,unreal,4,3,OK,0.028,OK,0.023,1.2
load_balancer_unreal13_5.ltl,both_ok,unreal,4,3,OK,0.029,OK,0.025,1.1
load_balancer_unreal13_6.ltl,both_ok,unreal,4,3,OK,0.034,OK,0.03,1.1
load_balancer_unreal13_7.ltl,both_ok,unreal,4,3,OK,0.043,OK,0.039,1.1
load_balancer_unreal13_8.ltl,both_ok,unreal,4,3,OK,0.062,OK,0.056,1.1
load_balancer_unreal13_9.ltl,both_ok,unreal,4,3,OK,0.098,OK,0.091,1.1
load_balancer_unreal14_1.ltl,both_ok,unreal,5,4,OK,0.032,OK,0.029,1.1
load_balancer_unreal14_10.ltl,neither,?,5,4,TIMEOUT,17.058,TIMEOUT,17.053,
load_balancer_unreal14_11.ltl,neither,?,5,4,TIMEOUT,17.057,TIMEOUT,17.056,
load_balancer_unreal14_12.ltl,neither,?,5,4,TIMEOUT,17.058,TIMEOUT,17.056,
load_balancer_unreal14_2.ltl,both_ok,unreal,5,4,OK,0.035,OK,0.029,1.2
load_balancer_unreal14_3.ltl,both_ok,unreal,5,4,OK,0.038,OK,0.033,1.2
load_balancer_unreal14_4.ltl,both_ok,unreal,5,4,OK,0.064,OK,0.057,1.1
load_balancer_unreal14_5.ltl,both_ok,unreal,5,4,OK,0.213,OK,0.195,1.1
load_balancer_unreal14_6.ltl,both_ok,unreal,5,4,OK,1.271,OK,1.132,1.1
load_balancer_unreal14_7.ltl,both_ok,unreal,5,4,OK,9.302,OK,8.168,1.1
load_balancer_unreal14_8.ltl,neither,?,5,4,TIMEOUT,17.059,TIMEOUT,17.055,
load_balancer_unreal14_9.ltl,neither,?,5,4,TIMEOUT,17.06,TIMEOUT,17.057,
load_balancer_unreal15_2.ltl,both_ok,unreal,6,5,OK,0.067,OK,0.05,1.3
load_balancer_unreal15_3.ltl,both_ok,unreal,6,5,OK,0.109,OK,0.085,1.3
load_balancer_unreal15_4.ltl,both_ok,unreal,6,5,OK,0.827,OK,0.653,1.3
load_balancer_unreal15_5.ltl,both_ok,unreal,6,5,OK,15.205,OK,12.112,1.3
load_balancer_unreal16_1.ltl,both_ok,unreal,7,6,OK,0.164,OK,0.081,2.0
load_balancer_unreal16_2.ltl,both_ok,unreal,7,6,OK,0.224,OK,0.141,1.6
load_balancer_unreal16_3.ltl,both_ok,unreal,7,6,OK,0.716,OK,0.512,1.4
load_balancer_unreal22.ltl,both_ok,real,3,2,OK,0.026,OK,0.024,1.1
load_balancer_unreal23.ltl,both_ok,unreal,4,3,OK,0.028,OK,0.025,1.1
load_balancer_unreal24.ltl,both_ok,unreal,5,4,OK,0.13,OK,0.102,1.3
load_balancer_unreal25.ltl,both_ok,unreal,6,5,OK,10.9,OK,8.707,1.3
load_balancer_unreal26.ltl,neither,?,7,6,TIMEOUT,17.046,TIMEOUT,17.033,
load_balancer_unreal28.ltl,neither,?,9,8,TIMEOUT,17.053,TIMEOUT,17.044,
ltl2dba01.ltl,both_ok,real,3,1,OK,0.023,OK,0.019,1.2
ltl2dba02.ltl,both_ok,real,3,1,OK,0.038,OK,0.016,2.4
ltl2dba03.ltl,both_ok,real,3,1,OK,0.02,OK,0.017,1.2
ltl2dba04.ltl,both_ok,real,3,1,OK,0.02,OK,0.016,1.3
ltl2dba05.ltl,both_ok,real,4,1,OK,0.02,OK,0.017,1.2
ltl2dba06.ltl,both_ok,real,4,1,OK,0.022,OK,0.016,1.4
ltl2dba07.ltl,both_ok,real,7,1,OK,0.066,OK,0.017,4.0
ltl2dba08.ltl,both_ok,real,5,1,OK,0.024,OK,0.016,1.5
ltl2dba09.ltl,both_ok,real,3,1,OK,0.021,OK,0.017,1.3
ltl2dba10.ltl,both_ok,real,3,1,OK,0.02,OK,0.016,1.2
ltl2dba11.ltl,both_ok,real,2,1,OK,0.019,OK,0.016,1.2
ltl2dba12.ltl,both_ok,real,2,1,OK,0.019,OK,0.016,1.2
ltl2dba13.ltl,both_ok,real,3,1,OK,0.019,OK,0.016,1.2
ltl2dba14.ltl,both_ok,real,3,1,OK,0.02,OK,0.017,1.2
ltl2dba15.ltl,both_ok,real,2,1,OK,0.02,OK,0.016,1.2
ltl2dba16.ltl,both_ok,real,2,1,OK,0.02,OK,0.016,1.2
ltl2dba17.ltl,both_ok,real,2,1,OK,0.022,OK,0.016,1.4
ltl2dba18.ltl,both_ok,real,3,1,OK,0.021,OK,0.017,1.2
ltl2dba19.ltl,both_ok,real,2,1,OK,0.02,OK,0.017,1.2
ltl2dba20.ltl,both_ok,real,4,1,OK,0.022,OK,0.016,1.3
ltl2dba21.ltl,both_ok,real,2,1,OK,0.056,OK,0.016,3.6
ltl2dba22.ltl,both_ok,real,1,1,OK,0.021,OK,0.015,1.4
ltl2dba23.ltl,both_ok,real,2,1,OK,0.02,OK,0.016,1.3
ltl2dba24.ltl,both_ok,real,1,1,OK,0.019,OK,0.016,1.2
ltl2dba25.ltl,both_ok,real,3,1,OK,0.02,OK,0.016,1.2
ltl2dba26.ltl,both_ok,real,3,1,OK,0.02,OK,0.017,1.2
ltl2dba27.ltl,both_ok,unreal,1,1,OK,0.02,OK,0.017,1.2
ltl2dba_C21.ltl,both_ok,real,1,1,OK,0.023,OK,0.017,1.3
ltl2dba_C210.ltl,both_ok,real,10,1,OK,0.119,OK,0.017,7.2
ltl2dba_C2100.ltl,ltlsynt_only,real,100,1,TIMEOUT,17.049,OK,0.016,
ltl2dba_C212.ltl,acacia_slow,real,12,1,OK,0.515,OK,0.017,30.4
ltl2dba_C214.ltl,acacia_slow,real,14,1,OK,3.755,OK,0.016,229.1
ltl2dba_C216.ltl,ltlsynt_only,real,16,1,TIMEOUT,17.046,OK,0.016,
ltl2dba_C22.ltl,both_ok,real,2,1,OK,0.023,OK,0.016,1.4
ltl2dba_C225.ltl,ltlsynt_only,real,25,1,TIMEOUT,17.048,OK,0.016,
ltl2dba_C23.ltl,both_ok,real,3,1,OK,0.02,OK,0.016,1.3
ltl2dba_C24.ltl,both_ok,real,4,1,OK,0.022,OK,0.015,1.4
ltl2dba_C25.ltl,both_ok,real,5,1,OK,0.026,OK,0.017,1.5
ltl2dba_C250.ltl,ltlsynt_only,real,50,1,TIMEOUT,17.049,OK,0.016,
ltl2dba_C26.ltl,both_ok,real,6,1,OK,0.029,OK,0.016,1.8
ltl2dba_C260.ltl,ltlsynt_only,real,60,1,TIMEOUT,17.05,OK,0.017,
ltl2dba_C27.ltl,both_ok,real,7,1,OK,0.032,OK,0.016,2.0
ltl2dba_C270.ltl,ltlsynt_only,real,70,1,TIMEOUT,17.05,OK,0.016,
ltl2dba_C28.ltl,both_ok,real,8,1,OK,0.042,OK,0.016,2.7
ltl2dba_C280.ltl,ltlsynt_only,real,80,1,TIMEOUT,17.05,OK,0.016,
ltl2dba_C29.ltl,both_ok,real,9,1,OK,0.064,OK,0.016,4.1
ltl2dba_E1.ltl,both_ok,real,1,1,OK,0.022,OK,0.016,1.4
ltl2dba_E10.ltl,ltlsynt_only,real,10,1,TIMEOUT,17.049,OK,0.016,
ltl2dba_E12.ltl,ltlsynt_only,real,12,1,TIMEOUT,17.037,OK,0.016,
ltl2dba_E14.ltl,ltlsynt_only,real,14,1,TIMEOUT,17.049,OK,0.017,
ltl2dba_E15.ltl,ltlsynt_only,real,15,1,TIMEOUT,17.043,OK,0.016,
ltl2dba_E16.ltl,ltlsynt_only,real,16,1,TIMEOUT,17.04,OK,0.016,
ltl2dba_E2.ltl,both_ok,real,2,1,OK,0.019,OK,0.016,1.2
ltl2dba_E3.ltl,both_ok,real,3,1,OK,0.022,OK,0.016,1.4
ltl2dba_E4.ltl,both_ok,real,4,1,OK,0.024,OK,0.017,1.4
ltl2dba_E5.ltl,both_ok,real,5,1,OK,0.044,OK,0.018,2.5
ltl2dba_E6.ltl,both_ok,real,6,1,OK,0.256,OK,0.015,16.6
ltl2dba_E7.ltl,acacia_slow,real,7,1,OK,2.871,OK,0.015,187.1
ltl2dba_E8.ltl,ltlsynt_only,real,8,1,TIMEOUT,17.029,OK,0.016,
ltl2dba_E9.ltl,ltlsynt_only,real,9,1,TIMEOUT,17.035,OK,0.016,
ltl2dba_Q1.ltl,both_ok,real,1,1,OK,0.022,OK,0.016,1.4
ltl2dba_Q10.ltl,ltlsynt_only,real,10,1,TIMEOUT,17.069,OK,0.016,
ltl2dba_Q100.ltl,ltlsynt_only,real,100,1,TIMEOUT,17.047,OK,0.017,
ltl2dba_Q12.ltl,ltlsynt_only,real,12,1,TIMEOUT,17.039,OK,0.015,
ltl2dba_Q15.ltl,ltlsynt_only,real,15,1,TIMEOUT,17.043,OK,0.016,
ltl2dba_Q18.ltl,ltlsynt_only,real,18,1,TIMEOUT,17.048,OK,0.017,
ltl2dba_Q2.ltl,both_ok,real,2,1,OK,0.023,OK,0.015,1.6
ltl2dba_Q25.ltl,ltlsynt_only,real,25,1,TIMEOUT,17.046,OK,0.016,
ltl2dba_Q3.ltl,both_ok,real,3,1,OK,0.023,OK,0.016,1.4
ltl2dba_Q4.ltl,both_ok,real,4,1,OK,0.04,OK,0.016,2.5
ltl2dba_Q5.ltl,acacia_slow,real,5,1,OK,0.952,OK,0.016,57.9
ltl2dba_Q50.ltl,ltlsynt_only,real,50,1,TIMEOUT,17.048,OK,0.017,
ltl2dba_Q6.ltl,ltlsynt_only,real,6,1,TIMEOUT,17.029,OK,0.016,
ltl2dba_Q7.ltl,ltlsynt_only,real,7,1,TIMEOUT,17.031,OK,0.016,
ltl2dba_Q8.ltl,ltlsynt_only,real,8,1,TIMEOUT,17.037,OK,0.016,
ltl2dba_R1.ltl,both_ok,real,1,1,OK,0.023,OK,0.02,1.1
ltl2dba_R10.ltl,neither,?,10,1,TIMEOUT,17.045,TIMEOUT,17.137,
ltl2dba_R11.ltl,neither,?,11,1,TIMEOUT,17.055,TIMEOUT,17.148,
ltl2dba_R12.ltl,neither,?,12,1,TIMEOUT,17.043,TIMEOUT,17.037,
ltl2dba_R14.ltl,neither,?,14,1,TIMEOUT,17.032,TIMEOUT,17.028,
ltl2dba_R16.ltl,neither,?,16,1,TIMEOUT,17.043,TIMEOUT,17.028,
ltl2dba_R2.ltl,both_ok,unreal,2,1,OK,0.02,OK,0.018,1.1
ltl2dba_R3.ltl,both_ok,unreal,3,1,OK,0.023,OK,0.02,1.1
ltl2dba_R4.ltl,both_ok,unreal,4,1,OK,0.033,OK,0.106,0.3
ltl2dba_R5.ltl,both_ok,unreal,5,1,OK,0.092,OK,4.912,0.0
ltl2dba_R6.ltl,acacia_only,unreal,6,1,OK,0.558,TIMEOUT,17.093,
ltl2dba_R7.ltl,acacia_only,unreal,7,1,OK,5.926,TIMEOUT,17.122,
ltl2dba_R8.ltl,neither,?,8,1,TIMEOUT,17.032,TIMEOUT,17.143,
ltl2dba_U11.ltl,both_ok,real,1,1,OK,0.024,OK,0.016,1.5
ltl2dba_U110.ltl,ltlsynt_only,real,10,1,TIMEOUT,17.038,OK,0.017,
ltl2dba_U1100.ltl,both_ok,real,100,1,OK,0.042,OK,0.018,2.4
ltl2dba_U112.ltl,ltlsynt_only,real,12,1,TIMEOUT,17.034,OK,0.017,
ltl2dba_U115.ltl,ltlsynt_only,real,15,1,TIMEOUT,17.032,OK,0.016,
ltl2dba_U118.ltl,ltlsynt_only,real,18,1,TIMEOUT,17.035,OK,0.017,
ltl2dba_U12.ltl,both_ok,real,2,1,OK,0.023,OK,0.016,1.4
ltl2dba_U125.ltl,ltlsynt_only,real,25,1,TIMEOUT,17.031,OK,0.016,
ltl2dba_U13.ltl,both_ok,real,3,1,OK,0.021,OK,0.017,1.3
ltl2dba_U14.ltl,both_ok,real,4,1,OK,0.024,OK,0.017,1.4
ltl2dba_U15.ltl,both_ok,real,5,1,OK,0.036,OK,0.015,2.3
ltl2dba_U150.ltl,ltlsynt_only,real,50,1,TIMEOUT,17.027,OK,0.016,
ltl2dba_U16.ltl,both_ok,real,6,1,OK,0.06,OK,0.015,3.9
ltl2dba_U17.ltl,acacia_slow,real,7,1,OK,0.428,OK,0.016,26.8
ltl2dba_U18.ltl,acacia_slow,real,8,1,OK,2.79,OK,0.016,175.8
ltl2dba_U19.ltl,ltlsynt_only,real,9,1,TIMEOUT,17.031,OK,0.016,
ltl2dba_alpha1.ltl,both_ok,real,2,1,OK,0.021,OK,0.015,1.4
ltl2dba_alpha10.ltl,both_ok,real,2,1,OK,0.027,OK,0.016,1.6
ltl2dba_alpha100.ltl,ltlsynt_only,real,2,1,TIMEOUT,17.027,OK,0.017,
ltl2dba_alpha12.ltl,both_ok,real,2,1,OK,0.027,OK,0.016,1.6
ltl2dba_alpha14.ltl,both_ok,real,2,1,OK,0.033,OK,0.015,2.1
ltl2dba_alpha16.ltl,both_ok,real,2,1,OK,0.045,OK,0.017,2.6
ltl2dba_alpha17.ltl,both_ok,real,2,1,OK,0.052,OK,0.016,3.2
ltl2dba_alpha18.ltl,both_ok,real,2,1,OK,0.062,OK,0.016,3.9
ltl2dba_alpha2.ltl,both_ok,real,2,1,OK,0.022,OK,0.016,1.3
ltl2dba_alpha20.ltl,both_ok,real,2,1,OK,0.09,OK,0.016,5.7
ltl2dba_alpha25.ltl,both_ok,real,2,1,OK,0.251,OK,0.017,14.6
ltl2dba_alpha3.ltl,both_ok,real,2,1,OK,0.021,OK,0.016,1.3
ltl2dba_alpha4.ltl,both_ok,real,2,1,OK,0.02,OK,0.016,1.3
ltl2dba_alpha5.ltl,both_ok,real,2,1,OK,0.025,OK,0.017,1.5
ltl2dba_alpha50.ltl,ltlsynt_only,real,2,1,TIMEOUT,17.025,OK,0.016,
ltl2dba_alpha6.ltl,both_ok,real,2,1,OK,0.022,OK,0.019,1.1
ltl2dba_alpha7.ltl,both_ok,real,2,1,OK,0.022,OK,0.018,1.2
ltl2dba_alpha8.ltl,both_ok,real,2,1,OK,0.023,OK,0.016,1.4
ltl2dba_beta1.ltl,both_ok,real,2,1,OK,0.023,OK,0.017,1.3
ltl2dba_beta10.ltl,ltlsynt_only,real,20,1,TIMEOUT,17.04,OK,0.016,
ltl2dba_beta100.ltl,both_ok,real,200,1,OK,0.054,OK,0.017,3.2
ltl2dba_beta15.ltl,ltlsynt_only,real,30,1,TIMEOUT,17.049,OK,0.016,
ltl2dba_beta18.ltl,ltlsynt_only,real,36,1,TIMEOUT,17.049,OK,0.016,
ltl2dba_beta2.ltl,both_ok,real,4,1,OK,0.026,OK,0.016,1.6
ltl2dba_beta20.ltl,ltlsynt_only,real,40,1,TIMEOUT,17.05,OK,0.017,
ltl2dba_beta25.ltl,ltlsynt_only,real,50,1,TIMEOUT,17.053,OK,0.016,
ltl2dba_beta3.ltl,both_ok,real,6,1,OK,0.045,OK,0.015,3.0
ltl2dba_beta30.ltl,ltlsynt_only,real,60,1,TIMEOUT,17.051,OK,0.016,
ltl2dba_beta4.ltl,acacia_slow,real,8,1,OK,0.467,OK,0.017,28.1
ltl2dba_beta5.ltl,acacia_slow,real,10,1,OK,1.677,OK,0.016,103.0
ltl2dba_beta6.ltl,ltlsynt_only,real,12,1,TIMEOUT,17.037,OK,0.015,
ltl2dba_beta7.ltl,ltlsynt_only,real,14,1,TIMEOUT,17.059,OK,0.016,
ltl2dba_beta8.ltl,ltlsynt_only,real,16,1,TIMEOUT,17.03,OK,0.017,
ltl2dba_theta1.ltl,both_ok,unreal,3,1,OK,0.023,OK,0.021,1.1
ltl2dba_theta10.ltl,acacia_slow,unreal,12,1,OK,0.585,OK,0.037,15.9
ltl2dba_theta100.ltl,neither,?,102,1,TIMEOUT,17.049,TIMEOUT,17.06,
ltl2dba_theta12.ltl,acacia_slow,unreal,14,1,OK,3.191,OK,0.084,38.1
ltl2dba_theta14.ltl,ltlsynt_only,unreal,16,1,TIMEOUT,17.064,OK,0.324,
ltl2dba_theta16.ltl,ltlsynt_only,unreal,18,1,TIMEOUT,17.031,OK,1.81,
ltl2dba_theta2.ltl,both_ok,unreal,4,1,OK,0.024,OK,0.023,1.1
ltl2dba_theta25.ltl,neither,?,27,1,TIMEOUT,17.048,TIMEOUT,17.055,
ltl2dba_theta3.ltl,both_ok,unreal,5,1,OK,0.026,OK,0.024,1.1
ltl2dba_theta300.ltl,neither,?,302,1,TIMEOUT,17.05,TIMEOUT,17.057,
ltl2dba_theta4.ltl,both_ok,unreal,6,1,OK,0.026,OK,0.021,1.2
ltl2dba_theta5.ltl,both_ok,unreal,7,1,OK,0.032,OK,0.024,1.4
ltl2dba_theta50.ltl,neither,?,52,1,TIMEOUT,17.05,TIMEOUT,17.059,
ltl2dba_theta500.ltl,neither,?,502,1,TIMEOUT,17.052,TIMEOUT,17.056,
ltl2dba_theta6.ltl,both_ok,unreal,8,1,OK,0.044,OK,0.021,2.1
ltl2dba_theta7.ltl,both_ok,unreal,9,1,OK,0.07,OK,0.022,3.2
ltl2dba_theta8.ltl,both_ok,unreal,10,1,OK,0.13,OK,0.025,5.3
ltl2dpa01.ltl,both_ok,real,1,3,OK,0.025,OK,0.017,1.5
ltl2dpa02.ltl,both_ok,real,2,2,OK,0.02,OK,0.017,1.2
ltl2dpa03.ltl,both_ok,real,3,3,OK,0.027,OK,0.019,1.4
ltl2dpa04.ltl,both_ok,real,2,2,OK,0.023,OK,0.017,1.4
ltl2dpa05.ltl,both_ok,real,2,2,OK,0.02,OK,0.016,1.2
ltl2dpa06.ltl,both_ok,real,3,2,OK,0.02,OK,0.016,1.2
ltl2dpa07.ltl,both_ok,real,3,2,OK,0.019,OK,0.017,1.1
ltl2dpa08.ltl,both_ok,real,2,2,OK,0.02,OK,0.016,1.2
ltl2dpa09.ltl,both_ok,real,3,2,OK,0.021,OK,0.017,1.2
ltl2dpa10.ltl,both_ok,real,2,3,OK,0.024,OK,0.016,1.5
ltl2dpa11.ltl,both_ok,real,3,2,OK,0.021,OK,0.016,1.3
ltl2dpa12.ltl,both_ok,real,2,4,OK,0.024,OK,0.019,1.2
ltl2dpa13.ltl,acacia_slow,real,2,3,OK,0.934,OK,0.025,37.0
ltl2dpa14.ltl,both_ok,real,1,3,OK,0.023,OK,0.017,1.3
ltl2dpa15.ltl,both_ok,real,2,2,OK,0.021,OK,0.016,1.3
ltl2dpa16.ltl,both_ok,real,3,2,OK,0.02,OK,0.016,1.3
ltl2dpa17.ltl,both_ok,real,3,2,OK,0.021,OK,0.017,1.2
ltl2dpa18.ltl,both_ok,real,3,2,OK,0.022,OK,0.016,1.4
ltl2dpa19.ltl,acacia_slow,real,3,3,OK,1.621,OK,0.026,61.4
ltl2dpa20.ltl,both_ok,real,3,2,OK,0.026,OK,0.018,1.4
ltl2dpa21.ltl,both_ok,real,2,3,OK,0.025,OK,0.017,1.4
ltl2dpa22.ltl,both_ok,real,6,3,OK,0.092,OK,0.027,3.4
ltl2dpa23.ltl,both_ok,real,2,2,OK,0.023,OK,0.017,1.3
ltl2dpa24.ltl,both_ok,real,2,2,OK,0.021,OK,0.016,1.3
mux10.ltl,both_ok,real,14,1,OK,0.039,OK,0.017,2.3
mux100.ltl,ltlsynt_only,real,107,1,TIMEOUT,17.051,OK,0.02,
mux12.ltl,both_ok,real,16,1,OK,0.103,OK,0.017,6.1
mux125.ltl,ltlsynt_only,real,132,1,TIMEOUT,17.052,OK,0.02,
mux132.ltl,ltlsynt_only,real,140,1,TIMEOUT,17.054,OK,0.02,
mux16.ltl,acacia_slow,real,20,1,OK,2.381,OK,0.017,137.0
mux175.ltl,ltlsynt_only,real,183,1,TIMEOUT,17.052,OK,0.021,
mux200.ltl,ltlsynt_only,real,208,1,TIMEOUT,17.049,OK,0.022,
mux32.ltl,ltlsynt_only,real,37,1,TIMEOUT,17.052,OK,0.017,
mux64.ltl,ltlsynt_only,real,70,1,TIMEOUT,17.052,OK,0.019,
mux8.ltl,both_ok,real,11,1,OK,0.024,OK,0.017,1.4
narylatch10.ltl,both_ok,real,11,10,OK,0.023,OK,0.018,1.3
narylatch11.ltl,both_ok,real,12,11,OK,0.024,OK,0.019,1.2
narylatch12.ltl,both_ok,real,13,12,OK,0.024,OK,0.02,1.2
narylatch16.ltl,both_ok,real,17,16,OK,0.025,OK,0.02,1.2
narylatch32.ltl,both_ok,real,33,32,OK,0.03,OK,0.025,1.2
narylatch64.ltl,both_ok,real,65,64,OK,0.041,OK,0.032,1.3
narylatch8.ltl,both_ok,real,9,8,OK,0.023,OK,0.018,1.3
prioritized_arbiter1.ltl,both_ok,real,2,2,OK,0.024,OK,0.018,1.3
prioritized_arbiter10.ltl,ltlsynt_only,real,11,11,TIMEOUT,17.051,OK,0.021,
prioritized_arbiter12.ltl,ltlsynt_only,real,13,13,TIMEOUT,17.054,OK,0.028,
prioritized_arbiter2.ltl,both_ok,real,3,3,OK,0.021,OK,0.017,1.2
prioritized_arbiter3.ltl,both_ok,real,4,4,OK,0.021,OK,0.017,1.2
prioritized_arbiter4.ltl,both_ok,real,5,5,OK,0.029,OK,0.018,1.6
prioritized_arbiter5.ltl,both_ok,real,6,6,OK,0.055,OK,0.017,3.2
prioritized_arbiter6.ltl,acacia_slow,real,7,7,OK,3.027,OK,0.019,159.6
prioritized_arbiter7.ltl,ltlsynt_only,real,8,8,TIMEOUT,17.05,OK,0.018,
prioritized_arbiter8.ltl,ltlsynt_only,real,9,9,TIMEOUT,17.052,OK,0.02,
prioritized_arbiter9.ltl,ltlsynt_only,real,10,10,TIMEOUT,17.102,OK,0.02,
prioritized_arbiter_enc10.ltl,ltlsynt_only,real,4,4,TIMEOUT,17.034,OK,5.702,
prioritized_arbiter_enc12.ltl,neither,?,4,4,TIMEOUT,17.044,TIMEOUT,17.056,
prioritized_arbiter_enc8.ltl,ltlsynt_only,real,3,4,TIMEOUT,17.043,OK,0.423,
prioritized_arbiter_unreal12_1.ltl,both_ok,unreal,3,3,OK,0.026,OK,0.017,1.5
prioritized_arbiter_unreal12_10.ltl,both_ok,unreal,3,3,OK,0.151,OK,0.022,6.8
prioritized_arbiter_unreal12_11.ltl,both_ok,unreal,3,3,OK,0.286,OK,0.02,14.2
prioritized_arbiter_unreal12_12.ltl,acacia_slow,unreal,3,3,OK,0.582,OK,0.019,31.3
prioritized_arbiter_unreal12_13.ltl,acacia_slow,unreal,3,3,OK,1.252,OK,0.018,70.9
prioritized_arbiter_unreal12_14.ltl,acacia_slow,unreal,3,3,OK,2.683,OK,0.019,144.7
prioritized_arbiter_unreal12_15.ltl,acacia_slow,unreal,3,3,OK,6.208,OK,0.018,354.5
prioritized_arbiter_unreal12_16.ltl,acacia_slow,unreal,3,3,OK,13.177,OK,0.017,762.6
prioritized_arbiter_unreal12_2.ltl,both_ok,unreal,3,3,OK,0.024,OK,0.017,1.4
prioritized_arbiter_unreal12_3.ltl,both_ok,unreal,3,3,OK,0.027,OK,0.018,1.5
prioritized_arbiter_unreal12_4.ltl,both_ok,unreal,3,3,OK,0.026,OK,0.018,1.4
prioritized_arbiter_unreal12_5.ltl,both_ok,unreal,3,3,OK,0.028,OK,0.018,1.6
prioritized_arbiter_unreal12_6.ltl,both_ok,unreal,3,3,OK,0.031,OK,0.017,1.8
prioritized_arbiter_unreal12_7.ltl,both_ok,unreal,3,3,OK,0.042,OK,0.017,2.5
prioritized_arbiter_unreal12_8.ltl,both_ok,unreal,3,3,OK,0.056,OK,0.017,3.4
prioritized_arbiter_unreal12_9.ltl,both_ok,unreal,3,3,OK,0.087,OK,0.017,5.2
prioritized_arbiter_unreal13_1.ltl,both_ok,unreal,4,4,OK,0.041,OK,0.017,2.5
prioritized_arbiter_unreal13_10.ltl,ltlsynt_only,unreal,4,4,TIMEOUT,17.057,OK,0.017,
prioritized_arbiter_unreal13_11.ltl,ltlsynt_only,unreal,4,4,TIMEOUT,17.057,OK,0.017,
prioritized_arbiter_unreal13_12.ltl,ltlsynt_only,unreal,4,4,TIMEOUT,17.058,OK,0.019,
prioritized_arbiter_unreal13_13.ltl,ltlsynt_only,unreal,4,4,TIMEOUT,17.058,OK,0.017,
prioritized_arbiter_unreal13_14.ltl,ltlsynt_only,unreal,4,4,TIMEOUT,17.057,OK,0.017,
prioritized_arbiter_unreal13_15.ltl,ltlsynt_only,unreal,4,4,TIMEOUT,17.057,OK,0.018,
prioritized_arbiter_unreal13_16.ltl,ltlsynt_only,unreal,4,4,TIMEOUT,17.061,OK,0.019,
prioritized_arbiter_unreal13_2.ltl,both_ok,unreal,4,4,OK,0.046,OK,0.017,2.7
prioritized_arbiter_unreal13_3.ltl,both_ok,unreal,4,4,OK,0.061,OK,0.018,3.3
prioritized_arbiter_unreal13_4.ltl,both_ok,unreal,4,4,OK,0.14,OK,0.018,8.0
prioritized_arbiter_unreal13_5.ltl,acacia_slow,unreal,4,4,OK,0.688,OK,0.018,38.8
prioritized_arbiter_unreal13_6.ltl,acacia_slow,unreal,4,4,OK,3.966,OK,0.018,226.2
prioritized_arbiter_unreal13_7.ltl,ltlsynt_only,unreal,4,4,TIMEOUT,17.058,OK,0.019,
prioritized_arbiter_unreal13_8.ltl,ltlsynt_only,unreal,4,4,TIMEOUT,17.057,OK,0.018,
prioritized_arbiter_unreal13_9.ltl,ltlsynt_only,unreal,4,4,TIMEOUT,17.055,OK,0.018,
prioritized_arbiter_unreal14_1.ltl,both_ok,unreal,5,5,OK,0.155,OK,0.018,8.6
prioritized_arbiter_unreal14_10.ltl,ltlsynt_only,unreal,5,5,TIMEOUT,17.054,OK,0.018,
prioritized_arbiter_unreal14_11.ltl,ltlsynt_only,unreal,5,5,TIMEOUT,17.055,OK,0.019,
prioritized_arbiter_unreal14_12.ltl,ltlsynt_only,unreal,5,5,TIMEOUT,17.055,OK,0.018,
prioritized_arbiter_unreal14_13.ltl,ltlsynt_only,unreal,5,5,TIMEOUT,17.057,OK,0.018,
prioritized_arbiter_unreal14_14.ltl,ltlsynt_only,unreal,5,5,TIMEOUT,17.055,OK,0.019,
prioritized_arbiter_unreal14_15.ltl,ltlsynt_only,unreal,5,5,TIMEOUT,17.057,OK,0.018,
prioritized_arbiter_unreal14_16.ltl,ltlsynt_only,unreal,5,5,TIMEOUT,17.056,OK,0.018,
prioritized_arbiter_unreal14_2.ltl,both_ok,unreal,5,5,OK,0.222,OK,0.018,12.0
prioritized_arbiter_unreal14_3.ltl,acacia_slow,unreal,5,5,OK,0.589,OK,0.018,33.3
prioritized_arbiter_unreal14_4.ltl,acacia_slow,unreal,5,5,OK,6.641,OK,0.017,380.1
prioritized_arbiter_unreal14_5.ltl,ltlsynt_only,unreal,5,5,TIMEOUT,17.057,OK,0.017,
prioritized_arbiter_unreal14_6.ltl,ltlsynt_only,unreal,5,5,TIMEOUT,17.055,OK,0.017,
prioritized_arbiter_unreal14_7.ltl,ltlsynt_only,unreal,5,5,TIMEOUT,17.055,OK,0.019,
prioritized_arbiter_unreal14_8.ltl,ltlsynt_only,unreal,5,5,TIMEOUT,17.057,OK,0.018,
prioritized_arbiter_unreal14_9.ltl,ltlsynt_only,unreal,5,5,TIMEOUT,17.053,OK,0.018,
prioritized_arbiter_unreal15_16.ltl,ltlsynt_only,unreal,6,6,TIMEOUT,17.055,OK,0.018,
prioritized_arbiter_unreal15_2.ltl,acacia_slow,unreal,6,6,OK,1.924,OK,0.017,110.1
prioritized_arbiter_unreal15_32.ltl,ltlsynt_only,unreal,6,6,TIMEOUT,17.055,OK,0.021,
prioritized_arbiter_unreal15_4.ltl,ltlsynt_only,unreal,6,6,TIMEOUT,17.055,OK,0.019,
prioritized_arbiter_unreal16_16.ltl,ltlsynt_only,unreal,7,7,TIMEOUT,17.058,OK,0.019,
prioritized_arbiter_unreal16_2.ltl,ltlsynt_only,unreal,7,7,TIMEOUT,17.053,OK,0.019,
prioritized_arbiter_unreal16_32.ltl,ltlsynt_only,unreal,7,7,TIMEOUT,17.073,OK,0.02,
prioritized_arbiter_unreal16_4.ltl,ltlsynt_only,unreal,7,7,TIMEOUT,17.057,OK,0.02,
prioritized_arbiter_unreal210.ltl,ltlsynt_only,unreal,11,11,TIMEOUT,17.054,OK,0.021,
prioritized_arbiter_unreal2100.ltl,ltlsynt_only,unreal,101,101,TIMEOUT,17.052,OK,0.117,
prioritized_arbiter_unreal22.ltl,both_ok,unreal,3,3,OK,0.028,OK,0.017,1.6
prioritized_arbiter_unreal23.ltl,both_ok,unreal,4,4,OK,0.083,OK,0.018,4.6
prioritized_arbiter_unreal230.ltl,ltlsynt_only,unreal,31,31,TIMEOUT,17.047,OK,0.027,
prioritized_arbiter_unreal24.ltl,acacia_slow,unreal,5,5,OK,4.559,OK,0.018,260.3
prioritized_arbiter_unreal25.ltl,ltlsynt_only,unreal,6,6,TIMEOUT,17.048,OK,0.018,
prioritized_arbiter_unreal26.ltl,ltlsynt_only,unreal,7,7,TIMEOUT,17.052,OK,0.019,
prioritized_arbiter_unreal260.ltl,ltlsynt_only,unreal,61,61,TIMEOUT,17.049,OK,0.053,
prioritized_arbiter_unreal27.ltl,ltlsynt_only,unreal,8,8,TIMEOUT,17.055,OK,0.018,
prioritized_arbiter_unreal28.ltl,ltlsynt_only,unreal,9,9,TIMEOUT,17.111,OK,0.018,
robot_grid2_2.ltl,ltlsynt_only,real,4,5,TIMEOUT,17.029,OK,0.566,
robot_grid3_3.ltl,neither,?,8,5,TIMEOUT,17.034,TIMEOUT,17.031,
robot_grid4_4.ltl,neither,?,8,5,TIMEOUT,17.053,TIMEOUT,17.038,
robot_grid5_1.ltl,neither,?,8,5,TIMEOUT,17.043,TIMEOUT,17.036,
robot_grid5_5.ltl,neither,?,12,5,TIMEOUT,17.125,TIMEOUT,17.033,
robot_grid6_1.ltl,neither,?,8,5,TIMEOUT,17.058,TIMEOUT,17.034,
robot_grid6_6.ltl,neither,?,12,5,TIMEOUT,17.043,TIMEOUT,17.04,
robot_grid7_7.ltl,neither,?,12,5,TIMEOUT,17.047,TIMEOUT,17.044,
robot_grid8_8.ltl,acacia_only,?,12,5,OK,16.635,TIMEOUT,17.199,
round_robin_arbiter2.ltl,both_ok,real,2,2,OK,0.022,OK,0.02,1.1
round_robin_arbiter3.ltl,both_ok,real,3,3,OK,0.029,OK,0.022,1.3
round_robin_arbiter4.ltl,ltlsynt_only,real,4,4,TIMEOUT,17.031,OK,0.045,
round_robin_arbiter5.ltl,ltlsynt_only,real,5,5,TIMEOUT,17.03,OK,0.292,
round_robin_arbiter6.ltl,ltlsynt_only,real,6,6,TIMEOUT,17.089,OK,4.092,
round_robin_arbiter_unreal12_1.ltl,both_ok,unreal,2,2,OK,0.024,OK,0.023,1.0
round_robin_arbiter_unreal12_10.ltl,both_ok,unreal,2,2,OK,0.06,OK,0.055,1.1
round_robin_arbiter_unreal12_11.ltl,both_ok,unreal,2,2,OK,0.097,OK,0.083,1.2
round_robin_arbiter_unreal12_12.ltl,both_ok,unreal,2,2,OK,0.169,OK,0.146,1.2
round_robin_arbiter_unreal12_13.ltl,both_ok,unreal,2,2,OK,0.325,OK,0.282,1.2
round_robin_arbiter_unreal12_14.ltl,both_ok,unreal,2,2,OK,0.685,OK,0.58,1.2
round_robin_arbiter_unreal12_15.ltl,both_ok,unreal,2,2,OK,1.467,OK,1.247,1.2
round_robin_arbiter_unreal12_16.ltl,both_ok,unreal,2,2,OK,3.248,OK,2.839,1.1
round_robin_arbiter_unreal12_2.ltl,both_ok,unreal,2,2,OK,0.021,OK,0.019,1.1
round_robin_arbiter_unreal12_3.ltl,both_ok,unreal,2,2,OK,0.022,OK,0.018,1.2
round_robin_arbiter_unreal12_4.ltl,both_ok,unreal,2,2,OK,0.022,OK,0.019,1.1
round_robin_arbiter_unreal12_5.ltl,both_ok,unreal,2,2,OK,0.024,OK,0.019,1.3
round_robin_arbiter_unreal12_6.ltl,both_ok,unreal,2,2,OK,0.025,OK,0.02,1.2
round_robin_arbiter_unreal12_7.ltl,both_ok,unreal,2,2,OK,0.027,OK,0.023,1.2
round_robin_arbiter_unreal12_8.ltl,both_ok,unreal,2,2,OK,0.031,OK,0.026,1.2
round_robin_arbiter_unreal12_9.ltl,both_ok,unreal,2,2,OK,0.04,OK,0.036,1.1
round_robin_arbiter_unreal13_1.ltl,both_ok,unreal,3,3,OK,0.029,OK,0.028,1.0
round_robin_arbiter_unreal13_10.ltl,neither,?,3,3,TIMEOUT,17.057,TIMEOUT,17.041,
round_robin_arbiter_unreal13_2.ltl,both_ok,unreal,3,3,OK,0.029,OK,0.025,1.2
round_robin_arbiter_unreal13_3.ltl,both_ok,unreal,3,3,OK,0.034,OK,0.029,1.2
round_robin_arbiter_unreal13_4.ltl,both_ok,unreal,3,3,OK,0.059,OK,0.049,1.2
round_robin_arbiter_unreal13_5.ltl,both_ok,unreal,3,3,OK,0.212,OK,0.174,1.2
round_robin_arbiter_unreal13_6.ltl,both_ok,unreal,3,3,OK,1.26,OK,0.982,1.3
round_robin_arbiter_unreal13_7.ltl,both_ok,unreal,3,3,OK,9.174,OK,6.907,1.3
round_robin_arbiter_unreal13_8.ltl,neither,?,3,3,TIMEOUT,17.056,TIMEOUT,17.059,
round_robin_arbiter_unreal13_9.ltl,neither,?,3,3,TIMEOUT,17.06,TIMEOUT,17.061,
round_robin_arbiter_unreal14_1.ltl,both_ok,unreal,4,4,OK,0.049,OK,0.05,1.0
round_robin_arbiter_unreal14_2.ltl,both_ok,unreal,4,4,OK,0.079,OK,0.065,1.2
round_robin_arbiter_unreal14_3.ltl,both_ok,unreal,4,4,OK,0.189,OK,0.15,1.3
round_robin_arbiter_unreal14_4.ltl,both_ok,unreal,4,4,OK,2.136,OK,1.493,1.4
round_robin_arbiter_unreal14_5.ltl,neither,?,4,4,TIMEOUT,17.057,TIMEOUT,17.05,
round_robin_arbiter_unreal14_6.ltl,neither,?,4,4,TIMEOUT,17.059,TIMEOUT,17.055,
round_robin_arbiter_unreal14_7.ltl,neither,?,4,4,TIMEOUT,17.059,TIMEOUT,17.054,
round_robin_arbiter_unreal22.ltl,both_ok,unreal,2,2,OK,0.024,OK,0.023,1.1
round_robin_arbiter_unreal23.ltl,both_ok,unreal,3,3,OK,0.032,OK,0.034,1.0
round_robin_arbiter_unreal24.ltl,both_ok,unreal,4,4,OK,0.584,OK,1.169,0.5
round_robin_arbiter_unreal25.ltl,neither,?,5,5,TIMEOUT,17.059,TIMEOUT,17.038,
round_robin_arbiter_unreal28.ltl,neither,?,8,8,TIMEOUT,17.05,TIMEOUT,17.218,
rw_arbiter1.ltl,both_ok,real,2,2,OK,0.023,OK,0.023,1.0
rw_arbiter2.ltl,both_ok,real,4,4,OK,0.026,OK,0.036,0.7
rw_arbiter3.ltl,both_ok,real,6,6,OK,1.44,OK,0.936,1.5
rw_arbiter4.ltl,neither,?,8,8,TIMEOUT,17.052,TIMEOUT,17.031,
shift10.ltl,both_ok,real,10,10,OK,0.02,OK,0.017,1.2
shift100.ltl,both_ok,real,100,100,OK,0.027,OK,0.018,1.5
shift12.ltl,both_ok,real,12,12,OK,0.021,OK,0.016,1.3
shift125.ltl,both_ok,real,125,125,OK,0.029,OK,0.018,1.6
shift132.ltl,both_ok,real,132,132,OK,0.03,OK,0.017,1.7
shift16.ltl,both_ok,real,16,16,OK,0.022,OK,0.017,1.3
shift250.ltl,both_ok,real,250,250,OK,0.039,OK,0.022,1.8
shift32.ltl,both_ok,real,32,32,OK,0.024,OK,0.018,1.4
shift500.ltl,both_ok,real,500,500,OK,0.067,OK,0.024,2.8
shift64.ltl,both_ok,real,64,64,OK,0.028,OK,0.018,1.5
shift8.ltl,both_ok,real,8,8,OK,0.021,OK,0.016,1.3
simple_arbiter_enc10.ltl,ltlsynt_only,real,4,4,TIMEOUT,17.029,OK,8.755,
simple_arbiter_enc11.ltl,neither,?,4,4,TIMEOUT,17.038,TIMEOUT,17.049,
simple_arbiter_enc32.ltl,neither,?,5,6,TIMEOUT,17.049,TIMEOUT,17.045,
simple_arbiter_enc64.ltl,neither,?,6,7,TIMEOUT,17.035,TIMEOUT,17.041,
simple_arbiter_enc8.ltl,ltlsynt_only,real,3,4,TIMEOUT,17.032,OK,0.157,
simple_arbiter_unreal116_1.ltl,ltlsynt_only,unreal,16,16,TIMEOUT,17.049,OK,0.026,
simple_arbiter_unreal116_2.ltl,ltlsynt_only,unreal,16,16,TIMEOUT,17.049,OK,0.021,
simple_arbiter_unreal116_3.ltl,ltlsynt_only,unreal,16,16,TIMEOUT,17.034,OK,0.021,
simple_arbiter_unreal116_4.ltl,ltlsynt_only,unreal,16,16,TIMEOUT,17.048,OK,0.021,
simple_arbiter_unreal116_5.ltl,ltlsynt_only,unreal,16,16,TIMEOUT,17.047,OK,0.021,
simple_arbiter_unreal12_1.ltl,both_ok,unreal,2,2,OK,0.024,OK,0.017,1.4
simple_arbiter_unreal12_10.ltl,both_ok,unreal,2,2,OK,0.058,OK,0.017,3.3
simple_arbiter_unreal12_12.ltl,both_ok,unreal,2,2,OK,0.16,OK,0.016,10.0
simple_arbiter_unreal12_2.ltl,both_ok,unreal,2,2,OK,0.02,OK,0.016,1.2
simple_arbiter_unreal12_3.ltl,both_ok,unreal,2,2,OK,0.02,OK,0.017,1.2
simple_arbiter_unreal12_4.ltl,both_ok,unreal,2,2,OK,0.021,OK,0.016,1.3
simple_arbiter_unreal12_5.ltl,both_ok,unreal,2,2,OK,0.021,OK,0.016,1.3
simple_arbiter_unreal12_6.ltl,both_ok,unreal,2,2,OK,0.022,OK,0.017,1.3
simple_arbiter_unreal12_7.ltl,both_ok,unreal,2,2,OK,0.024,OK,0.016,1.5
simple_arbiter_unreal12_8.ltl,both_ok,unreal,2,2,OK,0.028,OK,0.016,1.7
simple_arbiter_unreal12_9.ltl,both_ok,unreal,2,2,OK,0.038,OK,0.016,2.4
simple_arbiter_unreal13_1.ltl,both_ok,unreal,3,3,OK,0.026,OK,0.017,1.5
simple_arbiter_unreal13_11.ltl,ltlsynt_only,unreal,3,3,TIMEOUT,17.058,OK,0.017,
simple_arbiter_unreal13_2.ltl,both_ok,unreal,3,3,OK,0.026,OK,0.017,1.5
simple_arbiter_unreal13_3.ltl,both_ok,unreal,3,3,OK,0.031,OK,0.017,1.8
simple_arbiter_unreal13_4.ltl,both_ok,unreal,3,3,OK,0.054,OK,0.017,3.2
simple_arbiter_unreal13_5.ltl,both_ok,unreal,3,3,OK,0.195,OK,0.017,11.2
simple_arbiter_unreal13_6.ltl,acacia_slow,unreal,3,3,OK,1.157,OK,0.017,67.1
simple_arbiter_unreal13_7.ltl,acacia_slow,unreal,3,3,OK,8.409,OK,0.017,496.1
simple_arbiter_unreal13_8.ltl,ltlsynt_only,unreal,3,3,TIMEOUT,17.058,OK,0.017,
simple_arbiter_unreal13_9.ltl,ltlsynt_only,unreal,3,3,TIMEOUT,17.061,OK,0.018,
simple_arbiter_unreal14_1.ltl,both_ok,unreal,4,4,OK,0.043,OK,0.018,2.4
simple_arbiter_unreal14_10.ltl,ltlsynt_only,unreal,4,4,TIMEOUT,17.055,OK,0.018,
simple_arbiter_unreal14_12.ltl,ltlsynt_only,unreal,4,4,TIMEOUT,17.055,OK,0.017,
simple_arbiter_unreal14_2.ltl,both_ok,unreal,4,4,OK,0.069,OK,0.017,4.1
simple_arbiter_unreal14_3.ltl,both_ok,unreal,4,4,OK,0.167,OK,0.018,9.4
simple_arbiter_unreal14_4.ltl,acacia_slow,unreal,4,4,OK,1.799,OK,0.017,103.4
simple_arbiter_unreal14_5.ltl,ltlsynt_only,unreal,4,4,TIMEOUT,17.06,OK,0.017,
simple_arbiter_unreal14_6.ltl,ltlsynt_only,unreal,4,4,TIMEOUT,17.057,OK,0.017,
simple_arbiter_unreal14_7.ltl,ltlsynt_only,unreal,4,4,TIMEOUT,17.055,OK,0.016,
simple_arbiter_unreal14_8.ltl,ltlsynt_only,unreal,4,4,TIMEOUT,17.054,OK,0.017,
simple_arbiter_unreal14_9.ltl,ltlsynt_only,unreal,4,4,TIMEOUT,17.056,OK,0.017,
simple_arbiter_unreal15_1.ltl,both_ok,unreal,5,5,OK,0.168,OK,0.017,9.6
simple_arbiter_unreal15_10.ltl,ltlsynt_only,unreal,5,5,TIMEOUT,17.056,OK,0.017,
simple_arbiter_unreal15_2.ltl,acacia_slow,unreal,5,5,OK,0.428,OK,0.018,23.9
simple_arbiter_unreal15_3.ltl,acacia_slow,unreal,5,5,OK,3.377,OK,0.017,195.5
simple_arbiter_unreal15_4.ltl,ltlsynt_only,unreal,5,5,TIMEOUT,17.058,OK,0.018,
simple_arbiter_unreal15_5.ltl,ltlsynt_only,unreal,5,5,TIMEOUT,17.057,OK,0.017,
simple_arbiter_unreal15_6.ltl,ltlsynt_only,unreal,5,5,TIMEOUT,17.039,OK,0.017,
simple_arbiter_unreal15_7.ltl,ltlsynt_only,unreal,5,5,TIMEOUT,17.058,OK,0.017,
simple_arbiter_unreal15_8.ltl,ltlsynt_only,unreal,5,5,TIMEOUT,17.055,OK,0.017,
simple_arbiter_unreal15_9.ltl,ltlsynt_only,unreal,5,5,TIMEOUT,17.056,OK,0.017,
simple_arbiter_unreal16_1.ltl,acacia_slow,unreal,6,6,OK,1.262,OK,0.017,72.6
simple_arbiter_unreal16_2.ltl,acacia_slow,unreal,6,6,OK,4.678,OK,0.017,281.3
simple_arbiter_unreal16_3.ltl,ltlsynt_only,unreal,6,6,TIMEOUT,17.057,OK,0.017,
simple_arbiter_unreal16_4.ltl,ltlsynt_only,unreal,6,6,TIMEOUT,17.056,OK,0.017,
simple_arbiter_unreal16_5.ltl,ltlsynt_only,unreal,6,6,TIMEOUT,17.056,OK,0.017,
simple_arbiter_unreal18_8.ltl,ltlsynt_only,unreal,8,8,TIMEOUT,17.097,OK,0.018,
simple_arbiter_unreal210.ltl,ltlsynt_only,unreal,10,10,TIMEOUT,17.056,OK,0.02,
simple_arbiter_unreal22.ltl,both_ok,unreal,2,2,OK,0.024,OK,0.017,1.4
simple_arbiter_unreal225.ltl,ltlsynt_only,unreal,25,25,TIMEOUT,17.049,OK,0.024,
simple_arbiter_unreal23.ltl,both_ok,unreal,3,3,OK,0.03,OK,0.017,1.8
simple_arbiter_unreal24.ltl,acacia_slow,unreal,4,4,OK,0.509,OK,0.017,29.5
simple_arbiter_unreal25.ltl,ltlsynt_only,unreal,5,5,TIMEOUT,17.03,OK,0.019,
simple_arbiter_unreal250.ltl,ltlsynt_only,unreal,50,50,TIMEOUT,17.051,OK,0.043,
simple_arbiter_unreal26.ltl,ltlsynt_only,unreal,6,6,TIMEOUT,17.05,OK,0.018,
simple_arbiter_unreal260.ltl,ltlsynt_only,unreal,60,60,TIMEOUT,17.05,OK,0.053,
simple_arbiter_unreal27.ltl,ltlsynt_only,unreal,7,7,TIMEOUT,17.054,OK,0.019,
simple_arbiter_unreal275.ltl,ltlsynt_only,unreal,75,75,TIMEOUT,17.049,OK,0.073,
simple_arbiter_unreal28.ltl,ltlsynt_only,unreal,8,8,TIMEOUT,17.054,OK,0.018,
simple_arbiter_with_hints10.ltl,ltlsynt_only,real,10,10,TIMEOUT,17.127,OK,6.758,
simple_arbiter_with_hints2.ltl,both_ok,real,2,2,OK,0.023,OK,0.022,1.1
simple_arbiter_with_hints4.ltl,both_ok,real,4,4,OK,0.026,OK,0.022,1.1
simple_arbiter_with_hints6.ltl,ltlsynt_only,real,6,6,TIMEOUT,17.027,OK,0.04,
simple_arbiter_with_hints8.ltl,ltlsynt_only,real,8,8,TIMEOUT,17.045,OK,0.307,
test2_f2774e0b.ltl,both_ok,real,4,16,OK,0.021,OK,0.017,1.2
test3_efe2feaf.ltl,both_ok,real,4,16,OK,0.046,OK,0.018,2.6
test4_4b82b1f4.ltl,both_ok,unreal,2,8,OK,0.023,OK,0.017,1.4
test5_6cbc6174.ltl,both_ok,real,1,6,OK,0.022,OK,0.017,1.2
test6_0f5381e9.ltl,both_ok,real,1,8,OK,0.022,OK,0.018,1.2
test7_2c5b09da.ltl,both_ok,real,2,6,OK,0.022,OK,0.019,1.2
test8_88f351a6.ltl,both_ok,unreal,2,6,OK,0.021,OK,0.019,1.1
test9_dd3a27e1.ltl,both_ok,unreal,3,6,OK,0.021,OK,0.02,1.1
test_f3987563.ltl,both_ok,real,2,4,OK,0.02,OK,0.017,1.2
tmp_13cfc6f2.ltl,ltlsynt_only,real,6,7,TIMEOUT,17.032,OK,0.96,
workstation_resupply_1.ltl,both_ok,real,1,7,OK,0.031,OK,0.021,1.5
workstation_resupply_3.ltl,ltlsynt_only,real,3,11,TIMEOUT,17.03,OK,0.192,
workstation_resupply_4.ltl,ltlsynt_only,real,4,13,TIMEOUT,17.071,OK,1.895,
zoo0.ltl,both_ok,real,3,9,OK,0.028,OK,0.023,1.2
zoo10.ltl,both_ok,real,3,8,OK,0.025,OK,0.02,1.2
zoo5.ltl,both_ok,real,3,8,OK,0.026,OK,0.019,1.4
