instance,result,seconds,exit
01.ltl,REALIZABLE,0.033,0
02.ltl,REALIZABLE,0.043,0
03.ltl,TIMEOUT,17.024,124
05.ltl,TIMEOUT,17.132,124
06.ltl,TIMEOUT,17.232,124
07.ltl,TIMEOUT,17.182,124
08.ltl,TIMEOUT,17.383,124
09.ltl,TIMEOUT,17.333,124
10.ltl,TIMEOUT,17.282,124
11.ltl,TIMEOUT,17.333,124
12.ltl,TIMEOUT,17.433,124
13.ltl,TIMEOUT,17.05,124
ActionConverter.ltl,REALIZABLE,0.019,0
AlarmMin_efe2feaf.ltl,REALIZABLE,0.025,0
Alarm_06e9cad4.ltl,TIMEOUT,17.081,124
Alarm_2d1010f8.ltl,REALIZABLE,0.015,0
Alarm_68c86764.ltl,REALIZABLE,12.485,0
Alarm_70523fbe.ltl,REALIZABLE,6.393,0
Alarm_88c5c1c3.ltl,REALIZABLE,0.019,0
Alarm_9cac58d3.ltl,REALIZABLE,0.017,0
Alarm_a5f99bc6.ltl,TIMEOUT,17.05,124
Alarm_f2774e0b.ltl,REALIZABLE,3.166,0
AllHeating_d6376bf9.ltl,REALIZABLE,0.032,0
AllLights_06e9cad4.ltl,TIMEOUT,17.082,124
AllLights_2c5b09da.ltl,TIMEOUT,17.082,124
AllLights_63831f8c.ltl,TIMEOUT,17.07,124
AllLights_aeb1d897.ltl,TIMEOUT,17.081,124
AllLights_b209ff21.ltl,TIMEOUT,17.082,124
AllLights_d6c5ac79.ltl,TIMEOUT,17.082,124
AllShades_66f450a4.ltl,TIMEOUT,17.082,124
Assumptions_a50cadd7.ltl,UNREALIZABLE,0.044,1
Automata.ltl,REALIZABLE,0.066,0
Automata16S.ltl,TIMEOUT,17.082,124
Automata32S.ltl,TIMEOUT,17.083,124
Button.ltl,REALIZABLE,0.03,0
CheckAlarmBroken1_1a2942e3.ltl,REALIZABLE,0.031,0
CheckAlarm_6bea956e.ltl,UNREALIZABLE,0.039,1
CheckCoffeMachineBroken1_a5f99bc6.ltl,REALIZABLE,0.039,0
CheckCoffeMachine_3461125b.ltl,UNREALIZABLE,0.04,1
CheckCoffeMachine_f3987563.ltl,UNREALIZABLE,0.039,1
CheckDoor_c2b9e44d.ltl,UNREALIZABLE,0.034,1
CheckHeating_2418b67e.ltl,UNREALIZABLE,0.04,1
CheckHeating_3461125b.ltl,UNREALIZABLE,0.032,1
CheckLight_007df645.ltl,UNREALIZABLE,0.038,1
CheckLight_aeb1d897.ltl,UNREALIZABLE,0.041,1
CheckRoom_06e9cad4.ltl,UNREALIZABLE,0.034,1
CheckRoom_2c5b09da.ltl,UNREALIZABLE,0.033,1
CheckRoom_3916ec59.ltl,UNREALIZABLE,0.038,1
CheckRoom_70523fbe.ltl,UNREALIZABLE,0.042,1
CheckShades_1a2942e3.ltl,UNREALIZABLE,0.039,1
CheckShades_3461125b.ltl,UNREALIZABLE,0.031,1
CheckShades_4d4ca5c4.ltl,UNREALIZABLE,0.015,1
CheckShades_aeb1d897.ltl,UNREALIZABLE,0.023,1
CheckTime_3916ec59.ltl,UNREALIZABLE,0.012,1
CheckTime_4b5e6eaa.ltl,UNREALIZABLE,0.019,1
CheckTime_54e1f7d2.ltl,UNREALIZABLE,0.016,1
CheckTimer_54e1f7d2.ltl,UNREALIZABLE,0.015,1
CheckTimer_fa8592c8.ltl,UNREALIZABLE,0.014,1
CheckWarnlightBroken1_70523fbe.ltl,REALIZABLE,0.017,0
CheckWarnlight_1cf58fc1.ltl,UNREALIZABLE,0.015,1
CheckWarnlight_4b5a2bad.ltl,UNREALIZABLE,0.015,1
CheckWarnlight_54e1f7d2.ltl,UNREALIZABLE,0.015,1
CheckWarnlight_6bea956e.ltl,UNREALIZABLE,0.015,1
CheckWindows_54e1f7d2.ltl,UNREALIZABLE,0.019,1
Cockpitboard.ltl,REALIZABLE,0.015,0
Cockpitboard_efe2feaf.ltl,REALIZABLE,0.016,0
CoffeMachine_974f4a68.ltl,REALIZABLE,0.019,0
CoffeMachine_a50cadd7.ltl,UNREALIZABLE,0.01,1
CoffeeMin_88f351a6.ltl,REALIZABLE,0.019,0
Coffee_06e9cad4.ltl,REALIZABLE,0.024,0
Coffee_235467da.ltl,REALIZABLE,0.025,0
Coffee_2c5b09da.ltl,REALIZABLE,0.079,0
Coffee_6479ef9a.ltl,REALIZABLE,0.026,0
Coffee_d6376bf9.ltl,REALIZABLE,0.046,0
Coffee_efe2feaf.ltl,REALIZABLE,0.031,0
Coffee_f1477cc5.ltl,UNREALIZABLE,0.04,1
Core_4b5a2bad.ltl,UNREALIZABLE,0.06,1
Core_66f450a4.ltl,UNREALIZABLE,0.022,1
Core_fa4d4ce3.ltl,UNREALIZABLE,0.182,1
Core_solved_974f4a68.ltl,REALIZABLE,0.03,0
Demo1_06e9cad4.ltl,TIMEOUT,17.082,124
Demo1_2c5b09da.ltl,TIMEOUT,17.083,124
Demo1_63831f8c.ltl,TIMEOUT,17.082,124
Demo1_c2b9e44d.ltl,TIMEOUT,17.082,124
Demo1_d65ed84e.ltl,TIMEOUT,17.082,124
DeviceBehaviorChec_fa8592c8.ltl,UNREALIZABLE,0.036,1
Door_2d1010f8.ltl,REALIZABLE,0.039,0
EnemeyModule.ltl,REALIZABLE,0.041,0
EscalatorBidirectional.ltl,REALIZABLE,0.038,0
EscalatorBidirectionalInit.ltl,REALIZABLE,0.031,0
EscalatorCounting.ltl,REALIZABLE,0.018,0
EscalatorCountingInit.ltl,REALIZABLE,0.018,0
EscalatorNonCounting.ltl,REALIZABLE,0.015,0
EscalatorNonReactive.ltl,REALIZABLE,0.009,0
EscalatorSmart.ltl,REALIZABLE,0.02,0
Example1_d6376bf9.ltl,REALIZABLE,0.014,0
F-G-contradiction-10.ltl,UNREALIZABLE,0.043,1
F-G-contradiction-11.ltl,UNREALIZABLE,0.104,1
F-G-contradiction-110.ltl,TIMEOUT,17.132,124
F-G-contradiction-111.ltl,TIMEOUT,17.133,124
F-G-contradiction-112.ltl,TIMEOUT,17.333,124
F-G-contradiction-113.ltl,TIMEOUT,17.383,124
F-G-contradiction-114.ltl,TIMEOUT,17.083,124
F-G-contradiction-12.ltl,UNREALIZABLE,0.416,1
F-G-contradiction-13.ltl,UNREALIZABLE,0.751,1
F-G-contradiction-14.ltl,TIMEOUT,17.028,124
F-G-contradiction-15.ltl,TIMEOUT,17.032,124
F-G-contradiction-16.ltl,TIMEOUT,17.049,124
F-G-contradiction-17.ltl,TIMEOUT,17.071,124
F-G-contradiction-18.ltl,TIMEOUT,17.082,124
F-G-contradiction-19.ltl,TIMEOUT,17.081,124
F-G-contradiction-2-unreal.ltl,UNREALIZABLE,0.036,1
FelixSpecFixed2.2.core_fa8592c8.ltl,UNREALIZABLE,0.033,1
FelixSpecFixed2_fa4d4ce3.ltl,TIMEOUT,17.083,124
FelixSpecFixed3.core_b209ff21.ltl,UNREALIZABLE,0.197,1
FelixSpecFixed3_b0840146.ltl,TIMEOUT,17.072,124
FelixSpecFixed4GuaranteesOnly_88f351a6.ltl,TIMEOUT,17.082,124
FelixSpecFixed4_3916ec59.ltl,TIMEOUT,17.069,124
FelixSpecFixed5_f82794da.ltl,TIMEOUT,17.049,124
FelixSpecFixed_2418b67e.ltl,TIMEOUT,17.082,124
Full_f1477cc5.ltl,TIMEOUT,17.042,124
GF-G-contradiction0.ltl,UNREALIZABLE,0.038,1
GF-G-contradiction1.ltl,UNREALIZABLE,0.337,1
GF-G-contradiction2.ltl,UNREALIZABLE,1.712,1
GF-G-contradiction3.ltl,TIMEOUT,17.049,124
GF-G-contradiction4.ltl,TIMEOUT,17.049,124
GF-G-contradiction5.ltl,TIMEOUT,17.081,124
GF-G-contradiction6.ltl,TIMEOUT,17.282,124
GF-G-contradiction7.ltl,TIMEOUT,17.333,124
Gamelogic.ltl,REALIZABLE,0.038,0
GamemodeChooser.ltl,REALIZABLE,0.031,0
Gamemodule.ltl,REALIZABLE,0.034,0
HeatingMin_d6c5ac79.ltl,REALIZABLE,0.031,0
Heating_235467da.ltl,REALIZABLE,0.034,0
Heating_974f4a68.ltl,REALIZABLE,0.044,0
Heating_b02056d6.ltl,REALIZABLE,0.035,0
Heating_b209ff21.ltl,REALIZABLE,0.036,0
Increment.ltl,REALIZABLE,0.036,0
IntendDemo_42dc4fff.ltl,TIMEOUT,17.082,124
KitchenTimerV0.ltl,REALIZABLE,0.027,0
KitchenTimerV1.ltl,REALIZABLE,0.031,0
KitchenTimerV10.ltl,REALIZABLE,0.131,0
KitchenTimerV2.ltl,REALIZABLE,0.022,0
KitchenTimerV3.ltl,REALIZABLE,0.045,0
KitchenTimerV4.ltl,REALIZABLE,0.034,0
KitchenTimerV5.ltl,REALIZABLE,0.047,0
KitchenTimerV6.ltl,REALIZABLE,0.074,0
KitchenTimerV7.ltl,REALIZABLE,0.086,0
KitchenTimerV8.ltl,REALIZABLE,0.115,0
KitchenTimerV9.ltl,REALIZABLE,0.818,0
LampController_974f4a68.ltl,REALIZABLE,0.027,0
LedMatrix.ltl,REALIZABLE,1.288,0
Light_a50cadd7.ltl,UNREALIZABLE,0.016,1
Light_aeb1d897.ltl,UNREALIZABLE,0.019,1
Light_d65ed84e.ltl,REALIZABLE,0.038,0
Lights2Min_9cbf2546.ltl,REALIZABLE,0.043,0
Lights2_06e9cad4.ltl,REALIZABLE,0.297,0
Lights2_0f5381e9.ltl,REALIZABLE,0.359,0
Lights2_2c5b09da.ltl,REALIZABLE,1.551,0
Lights2_9cac58d3.ltl,REALIZABLE,0.273,0
Lights2_b02056d6.ltl,REALIZABLE,0.271,0
Lights2_f1477cc5.ltl,UNREALIZABLE,0.046,1
Lights2_f3987563.ltl,REALIZABLE,0.304,0
Lights3Min_6479ef9a.ltl,REALIZABLE,0.018,0
Lights3_06e9cad4.ltl,REALIZABLE,0.054,0
Lights3_235467da.ltl,REALIZABLE,0.042,0
Lights3_2c5b09da.ltl,REALIZABLE,0.089,0
Lights3_3916ec59.ltl,REALIZABLE,0.041,0
Lights3_6bea956e.ltl,REALIZABLE,0.035,0
Lights3_f1477cc5.ltl,REALIZABLE,0.038,0
LightsMin_6bea956e.ltl,REALIZABLE,0.022,0
LightsTotal_06e9cad4.ltl,REALIZABLE,0.873,0
LightsTotal_2c5b09da.ltl,UNREALIZABLE,0.417,1
LightsTotal_9cbf2546.ltl,REALIZABLE,0.854,0
LightsTotal_d65ed84e.ltl,REALIZABLE,0.984,0
Lights_06e9cad4.ltl,REALIZABLE,0.031,0
Lights_2c5b09da.ltl,REALIZABLE,0.074,0
Lights_3461125b.ltl,REALIZABLE,0.034,0
Lights_9cac58d3.ltl,REALIZABLE,0.039,0
Lights_b0840146.ltl,REALIZABLE,0.038,0
Lights_f3987563.ltl,REALIZABLE,0.036,0
ModdifiedLedMatrix4X.ltl,UNREALIZABLE,0.696,1
ModdifiedLedMatrix5X.ltl,REALIZABLE,0.513,0
Morning2Min_6cbc6174.ltl,REALIZABLE,0.014,0
Morning2_06e9cad4.ltl,TIMEOUT,17.081,124
Morning2_1cf58fc1.ltl,TIMEOUT,17.282,124
Morning2_2c5b09da.ltl,TIMEOUT,17.075,124
Morning2_407db2cc.ltl,TIMEOUT,17.082,124
Morning2_4d4ca5c4.ltl,REALIZABLE,0.016,0
Morning2_63831f8c.ltl,TIMEOUT,17.082,124
Morning2_68c86764.ltl,TIMEOUT,17.083,124
Morning2_9cac58d3.ltl,REALIZABLE,0.022,0
Morning2_d65ed84e.ltl,TIMEOUT,17.082,124
Morning2s_06cf2373.ltl,TIMEOUT,17.082,124
Morning2s_06e9cad4.ltl,TIMEOUT,17.081,124
Morning2s_2c5b09da.ltl,TIMEOUT,17.082,124
Morning2s_42dc4fff.ltl,TIMEOUT,17.082,124
Morning2s_9cbf2546.ltl,TIMEOUT,17.082,124
Morning2s_d6c5ac79.ltl,TIMEOUT,17.082,124
MorningMin_d6c5ac79.ltl,REALIZABLE,0.067,0
Morning_14a3b3a2.ltl,TIMEOUT,17.082,124
Morning_4b5e6eaa.ltl,TIMEOUT,17.082,124
Morning_88c5c1c3.ltl,TIMEOUT,17.065,124
Morning_9cac58d3.ltl,TIMEOUT,17.083,124
Morning_c92eb242.ltl,TIMEOUT,17.082,124
Morning_f1477cc5.ltl,TIMEOUT,17.081,124
Morning_f2774e0b.ltl,TIMEOUT,17.082,124
MusicAppFeedback.ltl,REALIZABLE,0.034,0
MusicAppMotivating.ltl,REALIZABLE,0.04,0
MusicAppSimple.ltl,REALIZABLE,0.042,0
OneCounter.ltl,REALIZABLE,2.331,0
OneCounterGui.ltl,UNREALIZABLE,0.038,1
OneCounterGuiA1.ltl,UNREALIZABLE,0.047,1
OneCounterGuiA2.ltl,UNREALIZABLE,0.079,1
OneCounterGuiA3.ltl,UNREALIZABLE,0.073,1
OneCounterGuiA4.ltl,UNREALIZABLE,0.091,1
OneCounterGuiA5.ltl,UNREALIZABLE,0.102,1
OneCounterGuiA6.ltl,UNREALIZABLE,0.142,1
OneCounterGuiA7.ltl,UNREALIZABLE,0.191,1
OneCounterGuiA8.ltl,UNREALIZABLE,0.305,1
OneCounterInRange.ltl,UNREALIZABLE,0.021,1
OneCounterInRangeA1.ltl,UNREALIZABLE,0.04,1
OneCounterInRangeA2.ltl,UNREALIZABLE,0.036,1
OneCounterInRangeA3.ltl,REALIZABLE,0.031,0
PlugController_fa4d4ce3.ltl,REALIZABLE,0.04,0
Radarboard.ltl,REALIZABLE,0.042,0
RegManager.ltl,REALIZABLE,0.026,0
Room_a50cadd7.ltl,UNREALIZABLE,0.033,1
RotationCalculator.ltl,REALIZABLE,0.041,0
SPI.ltl,REALIZABLE,0.277,0
SPIPureNext.ltl,REALIZABLE,8.663,0
SPIReadClk.ltl,REALIZABLE,0.02,0
SPIReadManag.ltl,REALIZABLE,0.019,0
SPIReadSdi.ltl,REALIZABLE,0.021,0
SPIWriteClk.ltl,REALIZABLE,0.024,0
SPIWriteManag.ltl,REALIZABLE,0.016,0
SPIWriteSdi.ltl,REALIZABLE,0.015,0
Scoreboard.ltl,REALIZABLE,0.019,0
Sensor.ltl,REALIZABLE,0.106,0
SensorInit.ltl,REALIZABLE,0.567,0
SensorPart.ltl,TIMEOUT,17.132,124
SensorRegister.ltl,REALIZABLE,0.031,0
SensorSelector.ltl,REALIZABLE,0.04,0
SensorSubmodulChooser.ltl,REALIZABLE,0.052,0
Shades2Min_63831f8c.ltl,REALIZABLE,0.026,0
Shades2_235467da.ltl,REALIZABLE,0.042,0
Shades2_42dc4fff.ltl,REALIZABLE,0.043,0
Shades2_70523fbe.ltl,REALIZABLE,0.035,0
Shades2_a5f99bc6.ltl,REALIZABLE,0.038,0
ShadesMin_aeb1d897.ltl,REALIZABLE,0.044,0
Shades_6479ef9a.ltl,REALIZABLE,0.04,0
Shades_974f4a68.ltl,REALIZABLE,0.047,0
Shades_9cac58d3.ltl,REALIZABLE,0.039,0
Shades_a02758ea.ltl,REALIZABLE,0.03,0
SingleContoller_d65ed84e.ltl,UNREALIZABLE,0.787,1
SliderDefault.ltl,REALIZABLE,0.018,0
SliderDelayed.ltl,REALIZABLE,0.038,0
SliderScored.ltl,REALIZABLE,0.035,0
System_b0840146.ltl,UNREALIZABLE,0.037,1
Time_a50cadd7.ltl,UNREALIZABLE,0.037,1
Timer_a50cadd7.ltl,REALIZABLE,0.035,0
TorcsAccelerating.ltl,REALIZABLE,0.036,0
TorcsGearing.ltl,REALIZABLE,0.036,0
TorcsSimple.ltl,REALIZABLE,0.037,0
TorcsSteeringImproved.ltl,REALIZABLE,0.053,0
TorcsSteeringSimple.ltl,REALIZABLE,0.034,0
TorcsSteeringSmart.ltl,REALIZABLE,0.04,0
TwoCounters.ltl,UNREALIZABLE,0.059,1
TwoCounters2.ltl,UNREALIZABLE,0.089,1
TwoCounters3.ltl,REALIZABLE,1.375,0
TwoCounters4.ltl,REALIZABLE,0.022,0
TwoCounters5.ltl,TIMEOUT,17.082,124
TwoCountersDisButA0.ltl,UNREALIZABLE,1.668,1
TwoCountersDisButA1.ltl,UNREALIZABLE,1.474,1
TwoCountersDisButA2.ltl,UNREALIZABLE,1.681,1
TwoCountersDisButA3.ltl,UNREALIZABLE,1.641,1
TwoCountersDisButA4.ltl,UNREALIZABLE,4.012,1
TwoCountersDisButA5.ltl,UNREALIZABLE,4.321,1
TwoCountersDisButA6.ltl,RESOURCE_LIMIT,7.924,3
TwoCountersDisButA7.ltl,RESOURCE_LIMIT,5.715,3
TwoCountersDisButA8.ltl,UNREALIZABLE,15.723,1
TwoCountersDisButA9.ltl,TIMEOUT,17.222,124
TwoCountersDisButAC.ltl,TIMEOUT,17.284,124
TwoCountersGui.ltl,RESOURCE_LIMIT,9.044,3
TwoCountersInRange.ltl,UNREALIZABLE,0.363,1
TwoCountersInRangeA1.ltl,UNREALIZABLE,0.207,1
TwoCountersInRangeA2.ltl,UNREALIZABLE,0.132,1
TwoCountersInRangeA3.ltl,UNREALIZABLE,0.188,1
TwoCountersInRangeA4.ltl,UNREALIZABLE,0.236,1
TwoCountersInRangeA5.ltl,UNREALIZABLE,0.259,1
TwoCountersInRangeM0.ltl,UNREALIZABLE,0.272,1
TwoCountersInRangeM1.ltl,UNREALIZABLE,0.293,1
TwoCountersInRangeM2.ltl,UNREALIZABLE,0.255,1
TwoCountersInRangeM3.ltl,UNREALIZABLE,0.256,1
TwoCountersInRangeM4.ltl,UNREALIZABLE,0.252,1
TwoCountersRefined.ltl,UNREALIZABLE,0.027,1
TwoCountersRefinedRefined.ltl,REALIZABLE,0.04,0
UnderapproxDemo2.ltl,UNREALIZABLE,0.032,1
UnderapproxStrengthenedDemo.ltl,REALIZABLE,0.031,0
Warnlight_2d1010f8.ltl,REALIZABLE,0.039,0
Warnlight_a50cadd7.ltl,UNREALIZABLE,0.03,1
Window2Min_88c5c1c3.ltl,REALIZABLE,0.037,0
Window2_54e1f7d2.ltl,REALIZABLE,0.046,0
Window2_6479ef9a.ltl,REALIZABLE,0.085,0
Window2_9cac58d3.ltl,REALIZABLE,0.638,0
Window2_aeb1d897.ltl,REALIZABLE,0.06,0
Window2_f1477cc5.ltl,UNREALIZABLE,0.021,1
WindowMin_a5f99bc6.ltl,REALIZABLE,0.022,0
Window_235467da.ltl,REALIZABLE,0.022,0
Window_42dc4fff.ltl,REALIZABLE,0.022,0
Window_54e1f7d2.ltl,REALIZABLE,0.024,0
Zoo0.ltl,REALIZABLE,0.022,0
Zoo10.ltl,REALIZABLE,0.019,0
Zoo5.ltl,REALIZABLE,0.015,0
abcg_arbiter_pb_1_pe_.ltl,REALIZABLE,0.035,0
abcg_arbiter_pb_2_pe_.ltl,REALIZABLE,0.101,0
abcg_arbiter_pb_3_pe_.ltl,TIMEOUT,17.049,124
abcg_arbiter_pb_4_pe_.ltl,TIMEOUT,17.049,124
abcg_arbiter_pb_5_pe_.ltl,TIMEOUT,17.082,124
abcg_arbiter_pb_6_pe_.ltl,TIMEOUT,17.082,124
amba_case_study_pb_2_pe_.ltl,REALIZABLE,1.394,0
amba_case_study_pb_3_pe_.ltl,TIMEOUT,17.131,124
amba_case_study_pb_4_pe_.ltl,TIMEOUT,17.049,124
amba_case_study_unreal_pb_2_pe_.ltl,TIMEOUT,17.132,124
amba_case_study_unreal_pb_3_pe_.ltl,TIMEOUT,17.082,124
amba_case_study_unreal_pb_4_pe_.ltl,TIMEOUT,17.049,124
amba_case_study_unreal_pb_5_pe_.ltl,TIMEOUT,17.07,124
amba_decomposed_arbiter_pb_10_pe_.ltl,TIMEOUT,17.082,124
amba_decomposed_arbiter_pb_11_pe_.ltl,TIMEOUT,17.082,124
amba_decomposed_arbiter_pb_12_pe_.ltl,TIMEOUT,17.082,124
amba_decomposed_arbiter_pb_13_pe_.ltl,TIMEOUT,17.082,124
amba_decomposed_arbiter_pb_2_pe_.ltl,REALIZABLE,0.024,0
amba_decomposed_arbiter_pb_3_pe_.ltl,REALIZABLE,0.033,0
amba_decomposed_arbiter_pb_4_pe_.ltl,REALIZABLE,0.055,0
amba_decomposed_arbiter_pb_5_pe_.ltl,REALIZABLE,0.119,0
amba_decomposed_arbiter_pb_6_pe_.ltl,REALIZABLE,2.264,0
amba_decomposed_arbiter_pb_7_pe_.ltl,TIMEOUT,17.132,124
amba_decomposed_arbiter_pb_8_pe_.ltl,TIMEOUT,17.133,124
amba_decomposed_arbiter_pb_9_pe_.ltl,TIMEOUT,17.168,124
amba_decomposed_decode.ltl,REALIZABLE,0.013,0
amba_decomposed_encode_pb_10_pe_.ltl,REALIZABLE,0.036,0
amba_decomposed_encode_pb_11_pe_.ltl,REALIZABLE,0.049,0
amba_decomposed_encode_pb_12_pe_.ltl,REALIZABLE,0.072,0
amba_decomposed_encode_pb_13_pe_.ltl,REALIZABLE,0.15,0
amba_decomposed_encode_pb_14_pe_.ltl,REALIZABLE,0.346,0
amba_decomposed_encode_pb_15_pe_.ltl,REALIZABLE,0.948,0
amba_decomposed_encode_pb_16_pe_.ltl,REALIZABLE,3.392,0
amba_decomposed_encode_pb_20_pe_.ltl,TIMEOUT,17.081,124
amba_decomposed_encode_pb_25_pe_.ltl,TIMEOUT,17.083,124
amba_decomposed_encode_pb_2_pe_.ltl,REALIZABLE,0.035,0
amba_decomposed_encode_pb_3_pe_.ltl,REALIZABLE,0.038,0
amba_decomposed_encode_pb_4_pe_.ltl,REALIZABLE,0.042,0
amba_decomposed_encode_pb_5_pe_.ltl,REALIZABLE,0.048,0
amba_decomposed_encode_pb_6_pe_.ltl,REALIZABLE,0.049,0
amba_decomposed_encode_pb_7_pe_.ltl,REALIZABLE,0.038,0
amba_decomposed_encode_pb_8_pe_.ltl,REALIZABLE,0.052,0
amba_decomposed_encode_pb_9_pe_.ltl,REALIZABLE,0.054,0
amba_decomposed_lock_pb_10_pe_.ltl,REALIZABLE,0.018,0
amba_decomposed_lock_pb_11_pe_.ltl,REALIZABLE,0.032,0
amba_decomposed_lock_pb_12_pe_.ltl,REALIZABLE,0.044,0
amba_decomposed_lock_pb_13_pe_.ltl,REALIZABLE,0.041,0
amba_decomposed_lock_pb_14_pe_.ltl,REALIZABLE,0.04,0
amba_decomposed_lock_pb_15_pe_.ltl,REALIZABLE,0.043,0
amba_decomposed_lock_pb_16_pe_.ltl,REALIZABLE,0.03,0
amba_decomposed_lock_pb_2_pe_.ltl,REALIZABLE,0.034,0
amba_decomposed_lock_pb_30_pe_.ltl,ERROR,0.034,2
amba_decomposed_lock_pb_3_pe_.ltl,REALIZABLE,0.034,0
amba_decomposed_lock_pb_4_pe_.ltl,REALIZABLE,0.035,0
amba_decomposed_lock_pb_5_pe_.ltl,REALIZABLE,0.04,0
amba_decomposed_lock_pb_6_pe_.ltl,REALIZABLE,0.036,0
amba_decomposed_lock_pb_7_pe_.ltl,REALIZABLE,0.037,0
amba_decomposed_lock_pb_8_pe_.ltl,REALIZABLE,0.036,0
amba_decomposed_lock_pb_9_pe_.ltl,REALIZABLE,0.037,0
amba_decomposed_shift.ltl,REALIZABLE,0.034,0
amba_decomposed_tburst4.ltl,REALIZABLE,0.037,0
amba_decomposed_tincr.ltl,REALIZABLE,0.039,0
amba_decomposed_tsingle.ltl,REALIZABLE,0.037,0
amba_gr+_pb_2_pe_.ltl,TIMEOUT,17.082,124
amba_gr+_pb_3_pe_.ltl,TIMEOUT,17.083,124
amba_gr_pb_2_pe_.ltl,TIMEOUT,17.072,124
amba_gr_pb_3_pe_.ltl,TIMEOUT,17.082,124
amba_gr_pb_4_pe_.ltl,TIMEOUT,17.073,124
arbiter-paper-unreal-unreal.ltl,UNREALIZABLE,0.071,1
arbiter-with-failure-real.ltl,REALIZABLE,0.03,0
arbiter_on_inpchange_pb_1_pe_.ltl,REALIZABLE,0.031,0
arbiter_on_inpchange_pb_2_pe_.ltl,REALIZABLE,0.034,0
arbiter_on_inpchange_pb_3_pe_.ltl,REALIZABLE,0.077,0
arbiter_on_inpchange_pb_4_pe_.ltl,REALIZABLE,8.12,0
arbiter_on_inpchange_pb_5_pe_.ltl,TIMEOUT,17.049,124
arbiter_on_inpchange_pb_6_pe_.ltl,TIMEOUT,17.049,124
arbiter_on_inpchange_pb_7_pe_.ltl,TIMEOUT,17.033,124
arbiter_pb_10_pe_.ltl,TIMEOUT,17.082,124
arbiter_pb_1_pe_.ltl,REALIZABLE,0.036,0
arbiter_pb_2_pe_.ltl,REALIZABLE,0.018,0
arbiter_pb_3_pe_.ltl,REALIZABLE,0.028,0
arbiter_pb_4_pe_.ltl,REALIZABLE,0.061,0
arbiter_pb_5_pe_.ltl,REALIZABLE,0.781,0
arbiter_pb_6_pe_.ltl,TIMEOUT,17.027,124
arbiter_pb_7_pe_.ltl,TIMEOUT,17.131,124
arbiter_pb_8_pe_.ltl,TIMEOUT,17.132,124
arbiter_pb_9_pe_.ltl,TIMEOUT,17.082,124
arbiter_with_buffer_pb_10_pe_.ltl,TIMEOUT,17.082,124
arbiter_with_buffer_pb_1_pe_.ltl,REALIZABLE,0.023,0
arbiter_with_buffer_pb_2_pe_.ltl,REALIZABLE,0.032,0
arbiter_with_buffer_pb_3_pe_.ltl,REALIZABLE,0.036,0
arbiter_with_buffer_pb_4_pe_.ltl,REALIZABLE,0.694,0
arbiter_with_buffer_pb_5_pe_.ltl,TIMEOUT,17.132,124
arbiter_with_buffer_pb_6_pe_.ltl,TIMEOUT,17.078,124
arbiter_with_buffer_pb_7_pe_.ltl,TIMEOUT,17.082,124
arbiter_with_buffer_pb_8_pe_.ltl,TIMEOUT,17.077,124
arbiter_with_buffer_pb_9_pe_.ltl,TIMEOUT,17.082,124
arbiter_with_cancel_pb_10_pe_.ltl,TIMEOUT,17.076,124
arbiter_with_cancel_pb_1_pe_.ltl,REALIZABLE,0.037,0
arbiter_with_cancel_pb_2_pe_.ltl,REALIZABLE,0.036,0
arbiter_with_cancel_pb_3_pe_.ltl,REALIZABLE,0.048,0
arbiter_with_cancel_pb_4_pe_.ltl,REALIZABLE,0.077,0
arbiter_with_cancel_pb_5_pe_.ltl,REALIZABLE,1.253,0
arbiter_with_cancel_pb_6_pe_.ltl,TIMEOUT,17.081,124
arbiter_with_cancel_pb_7_pe_.ltl,TIMEOUT,17.049,124
arbiter_with_cancel_pb_8_pe_.ltl,TIMEOUT,17.082,124
arbiter_with_cancel_pb_9_pe_.ltl,TIMEOUT,17.082,124
batch-arbiter-real.ltl,REALIZABLE,0.053,0
box-limited-real.ltl,REALIZABLE,0.107,0
box-real.ltl,TIMEOUT,17.031,124
box0.ltl,UNREALIZABLE,0.034,1
box1.ltl,UNREALIZABLE,0.052,1
buffer-storage-real.ltl,REALIZABLE,0.562,0
chain-4-real.ltl,TIMEOUT,17.082,124
chain-5-real.ltl,TIMEOUT,17.083,124
chain-60.ltl,TIMEOUT,17.072,124
chain-70.ltl,TIMEOUT,17.082,124
chain-simple-10-real.ltl,REALIZABLE,0.133,0
chain-simple-20-real.ltl,REALIZABLE,0.264,0
chain-simple-30-real.ltl,REALIZABLE,0.508,0
chain-simple-40-real.ltl,REALIZABLE,0.807,0
chain-simple-5-real.ltl,REALIZABLE,0.065,0
chain-simple-50-real.ltl,REALIZABLE,1.132,0
chain-simple-60-real.ltl,REALIZABLE,1.581,0
chain-simple-70-real.ltl,TIMEOUT,17.082,124
chain-simple-param-70-real.ltl,REALIZABLE,1.068,0
chomp_pb_2_2_pe_.ltl,REALIZABLE,0.124,0
chomp_pb_2_3_pe_.ltl,REALIZABLE,6.135,0
chomp_pb_2_4_pe_.ltl,TIMEOUT,17.043,124
chomp_pb_2_5_pe_.ltl,TIMEOUT,17.082,124
chomp_pb_2_6_pe_.ltl,TIMEOUT,17.083,124
chomp_pb_3_2_pe_.ltl,REALIZABLE,6.602,0
chomp_pb_3_3_pe_.ltl,TIMEOUT,17.072,124
chomp_pb_3_4_pe_.ltl,TIMEOUT,17.083,124
chomp_pb_3_5_pe_.ltl,TIMEOUT,17.05,124
chomp_pb_3_6_pe_.ltl,TIMEOUT,17.051,124
chomp_pb_4_2_pe_.ltl,TIMEOUT,17.043,124
chomp_pb_4_3_pe_.ltl,TIMEOUT,17.082,124
chomp_pb_4_4_pe_.ltl,TIMEOUT,17.049,124
chomp_pb_4_5_pe_.ltl,TIMEOUT,17.083,124
chomp_pb_4_6_pe_.ltl,TIMEOUT,17.083,124
collector_v1_pb_11_pe_.ltl,TIMEOUT,17.037,124
collector_v1_pb_12_pe_.ltl,TIMEOUT,17.081,124
collector_v1_pb_13_pe_.ltl,TIMEOUT,17.049,124
collector_v1_pb_14_pe_.ltl,TIMEOUT,17.082,124
collector_v1_pb_15_pe_.ltl,TIMEOUT,17.069,124
collector_v1_pb_3_pe_.ltl,REALIZABLE,0.02,0
collector_v1_pb_5_pe_.ltl,REALIZABLE,0.017,0
collector_v1_pb_7_pe_.ltl,REALIZABLE,0.051,0
collector_v1_pb_9_pe_.ltl,REALIZABLE,1.242,0
collector_v2_pb_10_pe_.ltl,REALIZABLE,0.18,0
collector_v2_pb_11_pe_.ltl,REALIZABLE,0.558,0
collector_v2_pb_12_pe_.ltl,REALIZABLE,1.842,0
collector_v2_pb_13_pe_.ltl,REALIZABLE,6.278,0
collector_v2_pb_15_pe_.ltl,TIMEOUT,17.049,124
collector_v2_pb_27_pe_.ltl,TIMEOUT,17.083,124
collector_v2_pb_3_pe_.ltl,REALIZABLE,0.032,0
collector_v2_pb_5_pe_.ltl,REALIZABLE,0.041,0
collector_v2_pb_7_pe_.ltl,REALIZABLE,0.055,0
collector_v2_pb_9_pe_.ltl,REALIZABLE,0.09,0
collector_v3_pb_10_pe_.ltl,TIMEOUT,17.033,124
collector_v3_pb_11_pe_.ltl,TIMEOUT,17.049,124
collector_v3_pb_12_pe_.ltl,TIMEOUT,17.049,124
collector_v3_pb_13_pe_.ltl,TIMEOUT,17.05,124
collector_v3_pb_15_pe_.ltl,TIMEOUT,17.05,124
collector_v3_pb_3_pe_.ltl,REALIZABLE,0.018,0
collector_v3_pb_5_pe_.ltl,REALIZABLE,0.028,0
collector_v3_pb_7_pe_.ltl,REALIZABLE,0.235,0
collector_v3_pb_9_pe_.ltl,REALIZABLE,6.478,0
diagonal-real.ltl,REALIZABLE,0.049,0
door_locking_problem_d6c5ac79.ltl,REALIZABLE,0.027,0
elevator-paper-real.ltl,TIMEOUT,17.019,124
evasion-real.ltl,TIMEOUT,17.049,124
evasion0.ltl,TIMEOUT,17.049,124
example10_pb_1_pe_.ltl,REALIZABLE,0.025,0
example10_pb_2_pe_.ltl,REALIZABLE,0.03,0
example10a_pb_1_pe_.ltl,REALIZABLE,0.034,0
example10a_pb_2_pe_.ltl,REALIZABLE,0.035,0
example7_pb_1_pe_.ltl,REALIZABLE,0.038,0
example7_pb_2_pe_.ltl,REALIZABLE,0.036,0
example7a_pb_1_pe_.ltl,REALIZABLE,0.032,0
example7a_pb_2_pe_.ltl,REALIZABLE,0.036,0
example8_pb_1_pe_.ltl,REALIZABLE,0.041,0
example8_pb_2_pe_.ltl,REALIZABLE,0.036,0
example9_pb_1_pe_.ltl,REALIZABLE,0.034,0
example9_pb_2_pe_.ltl,REALIZABLE,0.041,0
f-real-real.ltl,TIMEOUT,17.031,124
f-unreal-unreal.ltl,UNREALIZABLE,0.027,1
finding_nemo_pb_1_pe_.ltl,SYFCO-FAIL,0.0,-1
finding_nemo_pb_2_pe_.ltl,SYFCO-FAIL,0.0,-1
finding_nemo_pb_3_pe_.ltl,SYFCO-FAIL,0.0,-1
finding_nemo_pb_4_pe_.ltl,SYFCO-FAIL,0.0,-1
finding_nemo_pb_5_pe_.ltl,SYFCO-FAIL,0.0,-1
finding_nemo_pb_6_pe_.ltl,SYFCO-FAIL,0.0,-1
finding_nemo_pb_7_pe_.ltl,SYFCO-FAIL,0.0,-1
follow0.ltl,TIMEOUT,17.045,124
follow1.ltl,TIMEOUT,17.049,124
follow2.ltl,TIMEOUT,17.081,124
follow3.ltl,TIMEOUT,17.082,124
full_arbiter_enc_pb_10_pe_.ltl,TIMEOUT,17.05,124
full_arbiter_enc_pb_12_pe_.ltl,TIMEOUT,17.049,124
full_arbiter_enc_pb_8_pe_.ltl,TIMEOUT,17.049,124
full_arbiter_unreal1_pb_2_10_pe_.ltl,UNREALIZABLE,0.07,1
full_arbiter_unreal1_pb_2_11_pe_.ltl,UNREALIZABLE,0.121,1
full_arbiter_unreal1_pb_2_12_pe_.ltl,UNREALIZABLE,0.208,1
full_arbiter_unreal1_pb_2_13_pe_.ltl,UNREALIZABLE,0.448,1
full_arbiter_unreal1_pb_2_14_pe_.ltl,UNREALIZABLE,0.865,1
full_arbiter_unreal1_pb_2_15_pe_.ltl,UNREALIZABLE,1.936,1
full_arbiter_unreal1_pb_2_16_pe_.ltl,UNREALIZABLE,4.049,1
full_arbiter_unreal1_pb_2_18_pe_.ltl,TIMEOUT,17.078,124
full_arbiter_unreal1_pb_2_1_pe_.ltl,UNREALIZABLE,0.028,1
full_arbiter_unreal1_pb_2_20_pe_.ltl,TIMEOUT,17.082,124
full_arbiter_unreal1_pb_2_21_pe_.ltl,TIMEOUT,17.082,124
full_arbiter_unreal1_pb_2_22_pe_.ltl,TIMEOUT,17.07,124
full_arbiter_unreal1_pb_2_24_pe_.ltl,TIMEOUT,17.082,124
full_arbiter_unreal1_pb_2_26_pe_.ltl,TIMEOUT,17.082,124
full_arbiter_unreal1_pb_2_2_pe_.ltl,UNREALIZABLE,0.02,1
full_arbiter_unreal1_pb_2_3_pe_.ltl,UNREALIZABLE,0.024,1
full_arbiter_unreal1_pb_2_4_pe_.ltl,UNREALIZABLE,0.038,1
full_arbiter_unreal1_pb_2_5_pe_.ltl,UNREALIZABLE,0.033,1
full_arbiter_unreal1_pb_2_6_pe_.ltl,UNREALIZABLE,0.05,1
full_arbiter_unreal1_pb_2_7_pe_.ltl,UNREALIZABLE,0.05,1
full_arbiter_unreal1_pb_2_8_pe_.ltl,UNREALIZABLE,0.05,1
full_arbiter_unreal1_pb_2_9_pe_.ltl,UNREALIZABLE,0.051,1
full_arbiter_unreal1_pb_3_10_pe_.ltl,TIMEOUT,17.082,124
full_arbiter_unreal1_pb_3_11_pe_.ltl,TIMEOUT,17.081,124
full_arbiter_unreal1_pb_3_12_pe_.ltl,TIMEOUT,17.081,124
full_arbiter_unreal1_pb_3_13_pe_.ltl,TIMEOUT,17.08,124
full_arbiter_unreal1_pb_3_14_pe_.ltl,TIMEOUT,17.079,124
full_arbiter_unreal1_pb_3_15_pe_.ltl,TIMEOUT,17.078,124
full_arbiter_unreal1_pb_3_1_pe_.ltl,UNREALIZABLE,0.038,1
full_arbiter_unreal1_pb_3_2_pe_.ltl,UNREALIZABLE,0.043,1
full_arbiter_unreal1_pb_3_3_pe_.ltl,UNREALIZABLE,0.048,1
full_arbiter_unreal1_pb_3_4_pe_.ltl,UNREALIZABLE,0.067,1
full_arbiter_unreal1_pb_3_5_pe_.ltl,UNREALIZABLE,0.232,1
full_arbiter_unreal1_pb_3_6_pe_.ltl,UNREALIZABLE,1.401,1
full_arbiter_unreal1_pb_3_7_pe_.ltl,UNREALIZABLE,10.167,1
full_arbiter_unreal1_pb_3_8_pe_.ltl,TIMEOUT,17.082,124
full_arbiter_unreal1_pb_3_9_pe_.ltl,TIMEOUT,17.083,124
full_arbiter_unreal1_pb_4_1_pe_.ltl,UNREALIZABLE,0.055,1
full_arbiter_unreal1_pb_4_2_pe_.ltl,UNREALIZABLE,0.06,1
full_arbiter_unreal1_pb_4_3_pe_.ltl,UNREALIZABLE,0.198,1
full_arbiter_unreal1_pb_4_4_pe_.ltl,UNREALIZABLE,2.498,1
full_arbiter_unreal1_pb_4_5_pe_.ltl,TIMEOUT,17.046,124
full_arbiter_unreal1_pb_4_6_pe_.ltl,TIMEOUT,17.069,124
full_arbiter_unreal1_pb_4_7_pe_.ltl,TIMEOUT,17.081,124
full_arbiter_unreal1_pb_4_8_pe_.ltl,TIMEOUT,17.081,124
full_arbiter_unreal1_pb_6_8_pe_.ltl,TIMEOUT,17.049,124
full_arbiter_unreal2_pb_2_pe_.ltl,UNREALIZABLE,0.023,1
full_arbiter_unreal2_pb_3_pe_.ltl,UNREALIZABLE,0.064,1
full_arbiter_unreal2_pb_4_pe_.ltl,UNREALIZABLE,4.581,1
full_arbiter_unreal2_pb_5_pe_.ltl,TIMEOUT,17.049,124
full_arbiter_unreal2_pb_6_pe_.ltl,TIMEOUT,17.049,124
full_arbiter_unreal2_pb_7_pe_.ltl,TIMEOUT,17.082,124
g-real-real.ltl,TIMEOUT,17.082,124
g-real0.ltl,UNREALIZABLE,5.976,1
g-unreal-1-unreal.ltl,UNKNOWN,3.033,3
g-unreal-10.ltl,UNREALIZABLE,0.019,1
g-unreal-11.ltl,UNREALIZABLE,0.039,1
g-unreal-110.ltl,UNKNOWN,0.589,3
g-unreal-111.ltl,UNKNOWN,0.611,3
g-unreal-112.ltl,UNKNOWN,0.702,3
g-unreal-113.ltl,UNKNOWN,0.738,3
g-unreal-114.ltl,UNKNOWN,0.833,3
g-unreal-115.ltl,UNKNOWN,0.875,3
g-unreal-116.ltl,UNKNOWN,2.372,3
g-unreal-117.ltl,UNKNOWN,2.506,3
g-unreal-118.ltl,UNKNOWN,2.812,3
g-unreal-119.ltl,UNKNOWN,2.756,3
g-unreal-12.ltl,UNREALIZABLE,0.037,1
g-unreal-120.ltl,UNKNOWN,3.002,3
g-unreal-13.ltl,UNREALIZABLE,0.047,1
g-unreal-14.ltl,UNREALIZABLE,0.13,1
g-unreal-15.ltl,UNKNOWN,0.129,3
g-unreal-16.ltl,UNKNOWN,0.147,3
g-unreal-17.ltl,UNKNOWN,0.185,3
g-unreal-18.ltl,UNKNOWN,0.454,3
g-unreal-19.ltl,UNKNOWN,0.501,3
g-unreal-20.ltl,TIMEOUT,17.079,124
g-unreal-21.ltl,TIMEOUT,17.082,124
g-unreal-30.ltl,UNREALIZABLE,0.044,1
g-unreal-31.ltl,UNREALIZABLE,0.156,1
g-unreal-310.ltl,TIMEOUT,17.282,124
g-unreal-311.ltl,TIMEOUT,17.082,124
g-unreal-312.ltl,TIMEOUT,17.037,124
g-unreal-313.ltl,TIMEOUT,17.049,124
g-unreal-314.ltl,TIMEOUT,17.082,124
g-unreal-32.ltl,UNREALIZABLE,2.505,1
g-unreal-33.ltl,TIMEOUT,17.033,124
g-unreal-34.ltl,TIMEOUT,17.037,124
g-unreal-35.ltl,TIMEOUT,17.049,124
g-unreal-36.ltl,TIMEOUT,17.05,124
g-unreal-37.ltl,TIMEOUT,17.049,124
g-unreal-38.ltl,TIMEOUT,17.182,124
g-unreal-39.ltl,TIMEOUT,17.282,124
generalized_buffer_pb_2_pe_.ltl,REALIZABLE,0.098,0
generalized_buffer_pb_3_pe_.ltl,TIMEOUT,17.049,124
generalized_buffer_pb_4_pe_.ltl,TIMEOUT,17.049,124
generalized_buffer_pb_5_pe_.ltl,TIMEOUT,17.082,124
generalized_buffer_pb_6_pe_.ltl,TIMEOUT,17.082,124
gf-real-real.ltl,REALIZABLE,0.038,0
gf-unreal0.ltl,UNREALIZABLE,0.016,1
gf-unreal1.ltl,UNREALIZABLE,0.028,1
gf-unreal10.ltl,UNKNOWN,0.055,3
gf-unreal11.ltl,UNKNOWN,0.048,3
gf-unreal12.ltl,UNKNOWN,0.046,3
gf-unreal13.ltl,UNKNOWN,0.048,3
gf-unreal14.ltl,UNKNOWN,0.049,3
gf-unreal15.ltl,UNKNOWN,0.053,3
gf-unreal16.ltl,UNKNOWN,0.066,3
gf-unreal17.ltl,UNKNOWN,0.069,3
gf-unreal18.ltl,UNKNOWN,0.08,3
gf-unreal19.ltl,UNKNOWN,0.078,3
gf-unreal2.ltl,UNREALIZABLE,0.024,1
gf-unreal20.ltl,UNKNOWN,0.11,3
gf-unreal21.ltl,UNKNOWN,0.113,3
gf-unreal22.ltl,UNKNOWN,0.11,3
gf-unreal23.ltl,UNKNOWN,0.111,3
gf-unreal24.ltl,UNKNOWN,0.137,3
gf-unreal25.ltl,UNKNOWN,0.139,3
gf-unreal26.ltl,UNKNOWN,0.143,3
gf-unreal27.ltl,UNKNOWN,0.156,3
gf-unreal28.ltl,UNKNOWN,0.177,3
gf-unreal29.ltl,UNKNOWN,0.198,3
gf-unreal3.ltl,UNREALIZABLE,0.029,1
gf-unreal30.ltl,UNKNOWN,0.211,3
gf-unreal31.ltl,UNKNOWN,0.228,3
gf-unreal32.ltl,UNKNOWN,0.246,3
gf-unreal33.ltl,UNKNOWN,0.254,3
gf-unreal34.ltl,UNKNOWN,0.295,3
gf-unreal35.ltl,UNKNOWN,0.303,3
gf-unreal36.ltl,UNKNOWN,0.412,3
gf-unreal37.ltl,UNKNOWN,0.454,3
gf-unreal38.ltl,UNKNOWN,0.47,3
gf-unreal39.ltl,UNKNOWN,0.491,3
gf-unreal4.ltl,UNREALIZABLE,0.03,1
gf-unreal40.ltl,UNKNOWN,0.53,3
gf-unreal41.ltl,UNKNOWN,0.555,3
gf-unreal42.ltl,UNKNOWN,0.628,3
gf-unreal43.ltl,UNKNOWN,0.676,3
gf-unreal44.ltl,UNKNOWN,0.675,3
gf-unreal45.ltl,UNKNOWN,0.676,3
gf-unreal46.ltl,UNKNOWN,0.791,3
gf-unreal47.ltl,UNKNOWN,0.815,3
gf-unreal5.ltl,UNKNOWN,0.02,3
gf-unreal6.ltl,UNKNOWN,0.043,3
gf-unreal7.ltl,UNKNOWN,0.041,3
gf-unreal8.ltl,UNKNOWN,0.053,3
gf-unreal9.ltl,UNKNOWN,0.054,3
heim-buechi-real.ltl,REALIZABLE,1.895,0
heim-double-x-real.ltl,REALIZABLE,0.374,0
heim-double-x0.ltl,UNREALIZABLE,0.194,1
heim-double-x1.ltl,UNREALIZABLE,2.981,1
heim-double-x10.ltl,TIMEOUT,17.049,124
heim-double-x11.ltl,TIMEOUT,17.049,124
heim-double-x12.ltl,TIMEOUT,17.081,124
heim-double-x13.ltl,TIMEOUT,17.083,124
heim-double-x2.ltl,UNREALIZABLE,4.67,1
heim-double-x3.ltl,UNREALIZABLE,12.788,1
heim-double-x4.ltl,TIMEOUT,17.032,124
heim-double-x5.ltl,TIMEOUT,17.033,124
heim-double-x6.ltl,TIMEOUT,17.034,124
heim-double-x7.ltl,TIMEOUT,17.033,124
heim-double-x8.ltl,TIMEOUT,17.05,124
heim-double-x9.ltl,TIMEOUT,17.05,124
heim-fig7-unreal.ltl,UNREALIZABLE,0.023,1
helipad-contradict0.ltl,TIMEOUT,17.082,124
helipad-contradict1.ltl,TIMEOUT,17.082,124
helipad-real.ltl,TIMEOUT,17.082,124
infinite-race-real.ltl,REALIZABLE,0.038,0
infinite-race-u0.ltl,UNREALIZABLE,0.04,1
infinite-race-u1.ltl,UNREALIZABLE,0.047,1
infinite-race-u10.ltl,TIMEOUT,17.082,124
infinite-race-u11.ltl,TIMEOUT,17.082,124
infinite-race-u12.ltl,TIMEOUT,17.082,124
infinite-race-u13.ltl,TIMEOUT,17.082,124
infinite-race-u14.ltl,TIMEOUT,17.082,124
infinite-race-u15.ltl,TIMEOUT,17.082,124
infinite-race-u16.ltl,TIMEOUT,17.082,124
infinite-race-u17.ltl,TIMEOUT,17.081,124
infinite-race-u18.ltl,TIMEOUT,17.082,124
infinite-race-u19.ltl,TIMEOUT,17.072,124
infinite-race-u2.ltl,UNREALIZABLE,0.702,1
infinite-race-u20.ltl,TIMEOUT,17.081,124
infinite-race-u21.ltl,TIMEOUT,17.082,124
infinite-race-u22.ltl,TIMEOUT,17.116,124
infinite-race-u23.ltl,TIMEOUT,17.131,124
infinite-race-u24.ltl,TIMEOUT,17.131,124
infinite-race-u25.ltl,TIMEOUT,17.131,124
infinite-race-u3.ltl,UNREALIZABLE,1.053,1
infinite-race-u4.ltl,UNREALIZABLE,5.409,1
infinite-race-u5.ltl,UNREALIZABLE,6.324,1
infinite-race-u6.ltl,TIMEOUT,17.049,124
infinite-race-u7.ltl,TIMEOUT,17.034,124
infinite-race-u8.ltl,TIMEOUT,17.081,124
infinite-race-u9.ltl,TIMEOUT,17.081,124
infinite-race-unequal-1-real.ltl,REALIZABLE,0.13,0
infinite-race-unequal-10.ltl,UNREALIZABLE,0.019,1
infinite-race-unequal-20.ltl,UNREALIZABLE,0.019,1
infinite-race-unequal-21.ltl,UNREALIZABLE,0.115,1
infinite-race-unequal-22.ltl,UNREALIZABLE,1.606,1
infinite-race-unequal-23.ltl,TIMEOUT,17.049,124
infinite-race-unequal-24.ltl,TIMEOUT,17.034,124
infinite-race-unequal-25.ltl,TIMEOUT,17.232,124
infinite-race-unequal-26.ltl,TIMEOUT,17.082,124
items_processing-real.ltl,TIMEOUT,17.049,124
jarvis_gideon_a02758ea.ltl,TIMEOUT,17.082,124
jarvis_philippe_484face8.ltl,TIMEOUT,17.049,124
lazy_shades_problem_d6376bf9.ltl,REALIZABLE,0.032,0
lift_gr1+_pb_2_pe_.ltl,REALIZABLE,0.083,0
lift_gr1+_pb_3_pe_.ltl,TIMEOUT,17.031,124
lift_gr1+_pb_6_pe_.ltl,TIMEOUT,17.081,124
lift_gr1+_pb_7_pe_.ltl,TIMEOUT,17.081,124
lift_gr1+_pb_8_pe_.ltl,TIMEOUT,17.05,124
lift_gr1+_pb_9_pe_.ltl,TIMEOUT,17.118,124
lift_gr1_pb_10_pe_.ltl,TIMEOUT,17.133,124
lift_gr1_pb_2_pe_.ltl,REALIZABLE,0.043,0
lift_gr1_pb_3_pe_.ltl,TIMEOUT,17.026,124
lift_gr1_pb_7_pe_.ltl,TIMEOUT,17.034,124
lift_gr1_pb_8_pe_.ltl,TIMEOUT,17.081,124
lift_gr1_pb_9_pe_.ltl,TIMEOUT,17.049,124
lift_pb_10_pe_.ltl,TIMEOUT,17.081,124
lift_pb_2_pe_.ltl,REALIZABLE,0.019,0
lift_pb_3_pe_.ltl,TIMEOUT,17.033,124
lift_pb_4_pe_.ltl,TIMEOUT,17.033,124
lift_pb_5_pe_.ltl,TIMEOUT,17.033,124
lift_pb_6_pe_.ltl,TIMEOUT,17.082,124
lift_pb_7_pe_.ltl,TIMEOUT,17.05,124
lift_pb_8_pe_.ltl,TIMEOUT,17.182,124
lift_pb_9_pe_.ltl,TIMEOUT,17.038,124
lift_unary_enc_pb_2_pe_.ltl,REALIZABLE,0.017,0
lift_unary_enc_pb_3_pe_.ltl,TIMEOUT,17.033,124
lift_unary_enc_pb_4_pe_.ltl,TIMEOUT,17.049,124
lift_unary_enc_pb_5_pe_.ltl,TIMEOUT,17.033,124
lift_unary_enc_pb_6_pe_.ltl,TIMEOUT,17.049,124
lift_unary_enc_pb_7_pe_.ltl,TIMEOUT,17.082,124
lift_wrong_physics_unreal_pb_10_pe_.ltl,UNREALIZABLE,0.876,1
lift_wrong_physics_unreal_pb_2_pe_.ltl,REALIZABLE,0.018,0
lift_wrong_physics_unreal_pb_3_pe_.ltl,UNREALIZABLE,0.012,1
lift_wrong_physics_unreal_pb_4_pe_.ltl,UNREALIZABLE,0.02,1
lift_wrong_physics_unreal_pb_5_pe_.ltl,UNREALIZABLE,0.024,1
lift_wrong_physics_unreal_pb_6_pe_.ltl,UNREALIZABLE,0.035,1
lift_wrong_physics_unreal_pb_7_pe_.ltl,UNREALIZABLE,0.055,1
lift_wrong_physics_unreal_pb_8_pe_.ltl,UNREALIZABLE,0.097,1
lift_wrong_physics_unreal_pb_9_pe_.ltl,UNREALIZABLE,0.321,1
lilydemo01.ltl,UNREALIZABLE,0.021,1
lilydemo02.ltl,UNREALIZABLE,0.022,1
lilydemo03.ltl,REALIZABLE,0.031,0
lilydemo04.ltl,REALIZABLE,0.036,0
lilydemo04_modified.ltl,UNREALIZABLE,0.037,1
lilydemo05.ltl,REALIZABLE,0.039,0
lilydemo06.ltl,REALIZABLE,0.038,0
lilydemo07.ltl,REALIZABLE,0.036,0
lilydemo08.ltl,REALIZABLE,0.036,0
lilydemo09.ltl,REALIZABLE,0.037,0
lilydemo10.ltl,REALIZABLE,0.036,0
lilydemo11.ltl,UNREALIZABLE,0.035,1
lilydemo12.ltl,REALIZABLE,0.033,0
lilydemo13.ltl,REALIZABLE,0.038,0
lilydemo14.ltl,REALIZABLE,0.039,0
lilydemo15.ltl,REALIZABLE,0.034,0
lilydemo16.ltl,REALIZABLE,0.039,0
lilydemo17.ltl,REALIZABLE,0.037,0
lilydemo18.ltl,REALIZABLE,0.038,0
lilydemo19.ltl,REALIZABLE,0.036,0
lilydemo20.ltl,REALIZABLE,0.036,0
lilydemo21.ltl,REALIZABLE,0.047,0
lilydemo22.ltl,REALIZABLE,0.036,0
lilydemo23.ltl,REALIZABLE,0.04,0
load_balancer_pb_10_pe_.ltl,TIMEOUT,17.082,124
load_balancer_pb_11_pe_.ltl,TIMEOUT,17.05,124
load_balancer_pb_2_pe_.ltl,REALIZABLE,0.019,0
load_balancer_pb_3_pe_.ltl,REALIZABLE,0.031,0
load_balancer_pb_4_pe_.ltl,REALIZABLE,0.06,0
load_balancer_pb_5_pe_.ltl,REALIZABLE,0.108,0
load_balancer_pb_6_pe_.ltl,REALIZABLE,1.149,0
load_balancer_pb_7_pe_.ltl,TIMEOUT,17.132,124
load_balancer_pb_8_pe_.ltl,TIMEOUT,17.133,124
load_balancer_pb_9_pe_.ltl,TIMEOUT,17.082,124
load_balancer_unreal1_pb_2_10_pe_.ltl,UNREALIZABLE,0.052,1
load_balancer_unreal1_pb_2_11_pe_.ltl,UNREALIZABLE,0.065,1
load_balancer_unreal1_pb_2_12_pe_.ltl,UNREALIZABLE,0.089,1
load_balancer_unreal1_pb_2_13_pe_.ltl,UNREALIZABLE,0.15,1
load_balancer_unreal1_pb_2_14_pe_.ltl,UNREALIZABLE,0.319,1
load_balancer_unreal1_pb_2_15_pe_.ltl,UNREALIZABLE,0.679,1
load_balancer_unreal1_pb_2_16_pe_.ltl,UNREALIZABLE,1.461,1
load_balancer_unreal1_pb_2_1_pe_.ltl,UNREALIZABLE,0.029,1
load_balancer_unreal1_pb_2_2_pe_.ltl,UNREALIZABLE,0.034,1
load_balancer_unreal1_pb_2_3_pe_.ltl,UNREALIZABLE,0.043,1
load_balancer_unreal1_pb_2_4_pe_.ltl,UNREALIZABLE,0.04,1
load_balancer_unreal1_pb_2_5_pe_.ltl,UNREALIZABLE,0.039,1
load_balancer_unreal1_pb_2_6_pe_.ltl,UNREALIZABLE,0.044,1
load_balancer_unreal1_pb_2_7_pe_.ltl,UNREALIZABLE,0.044,1
load_balancer_unreal1_pb_2_8_pe_.ltl,UNREALIZABLE,0.045,1
load_balancer_unreal1_pb_2_9_pe_.ltl,UNREALIZABLE,0.043,1
load_balancer_unreal1_pb_3_10_pe_.ltl,UNREALIZABLE,0.144,1
load_balancer_unreal1_pb_3_11_pe_.ltl,UNREALIZABLE,0.27,1
load_balancer_unreal1_pb_3_12_pe_.ltl,UNREALIZABLE,0.645,1
load_balancer_unreal1_pb_3_1_pe_.ltl,UNREALIZABLE,0.025,1
load_balancer_unreal1_pb_3_2_pe_.ltl,UNREALIZABLE,0.02,1
load_balancer_unreal1_pb_3_3_pe_.ltl,UNREALIZABLE,0.021,1
load_balancer_unreal1_pb_3_4_pe_.ltl,UNREALIZABLE,0.022,1
load_balancer_unreal1_pb_3_5_pe_.ltl,UNREALIZABLE,0.024,1
load_balancer_unreal1_pb_3_6_pe_.ltl,UNREALIZABLE,0.025,1
load_balancer_unreal1_pb_3_7_pe_.ltl,UNREALIZABLE,0.032,1
load_balancer_unreal1_pb_3_8_pe_.ltl,UNREALIZABLE,0.047,1
load_balancer_unreal1_pb_3_9_pe_.ltl,UNREALIZABLE,0.086,1
load_balancer_unreal1_pb_4_10_pe_.ltl,TIMEOUT,17.082,124
load_balancer_unreal1_pb_4_11_pe_.ltl,TIMEOUT,17.083,124
load_balancer_unreal1_pb_4_12_pe_.ltl,TIMEOUT,17.083,124
load_balancer_unreal1_pb_4_1_pe_.ltl,UNREALIZABLE,0.049,1
load_balancer_unreal1_pb_4_2_pe_.ltl,UNREALIZABLE,0.037,1
load_balancer_unreal1_pb_4_3_pe_.ltl,UNREALIZABLE,0.045,1
load_balancer_unreal1_pb_4_4_pe_.ltl,UNREALIZABLE,0.062,1
load_balancer_unreal1_pb_4_5_pe_.ltl,UNREALIZABLE,0.177,1
load_balancer_unreal1_pb_4_6_pe_.ltl,UNREALIZABLE,1.072,1
load_balancer_unreal1_pb_4_7_pe_.ltl,UNREALIZABLE,7.478,1
load_balancer_unreal1_pb_4_8_pe_.ltl,TIMEOUT,17.082,124
load_balancer_unreal1_pb_4_9_pe_.ltl,TIMEOUT,17.082,124
load_balancer_unreal1_pb_5_2_pe_.ltl,UNREALIZABLE,0.171,1
load_balancer_unreal1_pb_5_3_pe_.ltl,UNREALIZABLE,0.192,1
load_balancer_unreal1_pb_5_4_pe_.ltl,UNREALIZABLE,0.74,1
load_balancer_unreal1_pb_5_5_pe_.ltl,UNREALIZABLE,13.43,1
load_balancer_unreal1_pb_5_6_pe_.ltl,TIMEOUT,17.082,124
load_balancer_unreal1_pb_5_7_pe_.ltl,TIMEOUT,17.083,124
load_balancer_unreal1_pb_6_1_pe_.ltl,UNREALIZABLE,0.806,1
load_balancer_unreal1_pb_6_2_pe_.ltl,UNREALIZABLE,1.314,1
load_balancer_unreal1_pb_6_3_pe_.ltl,UNREALIZABLE,1.603,1
load_balancer_unreal1_pb_6_4_pe_.ltl,TIMEOUT,17.08,124
load_balancer_unreal1_pb_6_5_pe_.ltl,TIMEOUT,17.082,124
load_balancer_unreal2_pb_2_pe_.ltl,REALIZABLE,0.02,0
load_balancer_unreal2_pb_3_pe_.ltl,UNREALIZABLE,0.023,1
load_balancer_unreal2_pb_4_pe_.ltl,UNREALIZABLE,0.149,1
load_balancer_unreal2_pb_5_pe_.ltl,UNREALIZABLE,11.329,1
load_balancer_unreal2_pb_6_pe_.ltl,TIMEOUT,17.049,124
load_balancer_unreal2_pb_7_pe_.ltl,TIMEOUT,17.042,124
load_balancer_unreal2_pb_8_pe_.ltl,TIMEOUT,17.081,124
ltl2dba01.ltl,REALIZABLE,0.017,0
ltl2dba02.ltl,REALIZABLE,0.02,0
ltl2dba03.ltl,REALIZABLE,0.017,0
ltl2dba04.ltl,REALIZABLE,0.015,0
ltl2dba05.ltl,REALIZABLE,0.016,0
ltl2dba06.ltl,REALIZABLE,0.023,0
ltl2dba07.ltl,REALIZABLE,0.21,0
ltl2dba08.ltl,REALIZABLE,0.019,0
ltl2dba09.ltl,REALIZABLE,0.029,0
ltl2dba10.ltl,REALIZABLE,0.03,0
ltl2dba11.ltl,REALIZABLE,0.032,0
ltl2dba12.ltl,REALIZABLE,0.032,0
ltl2dba13.ltl,REALIZABLE,0.04,0
ltl2dba14.ltl,REALIZABLE,0.044,0
ltl2dba15.ltl,REALIZABLE,0.045,0
ltl2dba16.ltl,REALIZABLE,0.04,0
ltl2dba17.ltl,REALIZABLE,0.035,0
ltl2dba18.ltl,REALIZABLE,0.036,0
ltl2dba19.ltl,REALIZABLE,0.037,0
ltl2dba20.ltl,REALIZABLE,0.045,0
ltl2dba21.ltl,REALIZABLE,0.068,0
ltl2dba22.ltl,REALIZABLE,0.025,0
ltl2dba23.ltl,REALIZABLE,0.03,0
ltl2dba25.ltl,REALIZABLE,0.031,0
ltl2dba26.ltl,REALIZABLE,0.031,0
ltl2dba27.ltl,UNREALIZABLE,0.03,1
ltl2dba_C2_pb_100_pe_.ltl,ERROR,0.039,2
ltl2dba_C2_pb_10_pe_.ltl,REALIZABLE,0.166,0
ltl2dba_C2_pb_12_pe_.ltl,REALIZABLE,1.505,0
ltl2dba_C2_pb_14_pe_.ltl,TIMEOUT,17.049,124
ltl2dba_C2_pb_16_pe_.ltl,TIMEOUT,17.05,124
ltl2dba_C2_pb_1_pe_.ltl,REALIZABLE,0.022,0
ltl2dba_C2_pb_25_pe_.ltl,TIMEOUT,17.083,124
ltl2dba_C2_pb_2_pe_.ltl,REALIZABLE,0.033,0
ltl2dba_C2_pb_3_pe_.ltl,REALIZABLE,0.039,0
ltl2dba_C2_pb_4_pe_.ltl,REALIZABLE,0.039,0
ltl2dba_C2_pb_50_pe_.ltl,TIMEOUT,17.05,124
ltl2dba_C2_pb_5_pe_.ltl,REALIZABLE,0.019,0
ltl2dba_C2_pb_60_pe_.ltl,TIMEOUT,17.083,124
ltl2dba_C2_pb_6_pe_.ltl,REALIZABLE,0.045,0
ltl2dba_C2_pb_70_pe_.ltl,ERROR,0.041,2
ltl2dba_C2_pb_7_pe_.ltl,REALIZABLE,0.048,0
ltl2dba_C2_pb_80_pe_.ltl,ERROR,0.026,2
ltl2dba_C2_pb_8_pe_.ltl,REALIZABLE,0.063,0
ltl2dba_C2_pb_9_pe_.ltl,REALIZABLE,0.068,0
ltl2dba_C2_unreal_pb_100_pe_.ltl,TIMEOUT,17.082,124
ltl2dba_C2_unreal_pb_10_pe_.ltl,UNREALIZABLE,0.148,1
ltl2dba_C2_unreal_pb_11_pe_.ltl,UNREALIZABLE,0.338,1
ltl2dba_C2_unreal_pb_12_pe_.ltl,UNREALIZABLE,0.799,1
ltl2dba_C2_unreal_pb_13_pe_.ltl,UNREALIZABLE,1.93,1
ltl2dba_C2_unreal_pb_14_pe_.ltl,UNREALIZABLE,5.69,1
ltl2dba_C2_unreal_pb_15_pe_.ltl,UNREALIZABLE,15.221,1
ltl2dba_C2_unreal_pb_16_pe_.ltl,TIMEOUT,17.05,124
ltl2dba_C2_unreal_pb_25_pe_.ltl,TIMEOUT,17.082,124
ltl2dba_C2_unreal_pb_2_pe_.ltl,UNREALIZABLE,0.038,1
ltl2dba_C2_unreal_pb_3_pe_.ltl,UNREALIZABLE,0.046,1
ltl2dba_C2_unreal_pb_4_pe_.ltl,UNREALIZABLE,0.036,1
ltl2dba_C2_unreal_pb_50_pe_.ltl,TIMEOUT,17.082,124
ltl2dba_C2_unreal_pb_5_pe_.ltl,UNREALIZABLE,0.049,1
ltl2dba_C2_unreal_pb_60_pe_.ltl,TIMEOUT,17.083,124
ltl2dba_C2_unreal_pb_6_pe_.ltl,UNREALIZABLE,0.042,1
ltl2dba_C2_unreal_pb_70_pe_.ltl,TIMEOUT,17.083,124
ltl2dba_C2_unreal_pb_7_pe_.ltl,UNREALIZABLE,0.049,1
ltl2dba_C2_unreal_pb_80_pe_.ltl,TIMEOUT,17.082,124
ltl2dba_C2_unreal_pb_8_pe_.ltl,UNREALIZABLE,0.051,1
ltl2dba_C2_unreal_pb_9_pe_.ltl,UNREALIZABLE,0.077,1
ltl2dba_E_pb_10_pe_.ltl,TIMEOUT,17.082,124
ltl2dba_E_pb_12_pe_.ltl,TIMEOUT,17.05,124
ltl2dba_E_pb_14_pe_.ltl,TIMEOUT,17.082,124
ltl2dba_E_pb_15_pe_.ltl,TIMEOUT,17.082,124
ltl2dba_E_pb_16_pe_.ltl,TIMEOUT,17.05,124
ltl2dba_E_pb_1_pe_.ltl,REALIZABLE,0.025,0
ltl2dba_E_pb_2_pe_.ltl,REALIZABLE,0.031,0
ltl2dba_E_pb_3_pe_.ltl,REALIZABLE,0.03,0
ltl2dba_E_pb_4_pe_.ltl,REALIZABLE,0.029,0
ltl2dba_E_pb_5_pe_.ltl,REALIZABLE,0.048,0
ltl2dba_E_pb_6_pe_.ltl,REALIZABLE,0.141,0
ltl2dba_E_pb_7_pe_.ltl,REALIZABLE,1.331,0
ltl2dba_E_pb_8_pe_.ltl,TIMEOUT,17.033,124
ltl2dba_E_pb_9_pe_.ltl,TIMEOUT,17.033,124
ltl2dba_Q_pb_100_pe_.ltl,ERROR,0.02,2
ltl2dba_Q_pb_10_pe_.ltl,TIMEOUT,17.082,124
ltl2dba_Q_pb_12_pe_.ltl,TIMEOUT,17.08,124
ltl2dba_Q_pb_15_pe_.ltl,TIMEOUT,17.049,124
ltl2dba_Q_pb_18_pe_.ltl,TIMEOUT,17.049,124
ltl2dba_Q_pb_1_pe_.ltl,REALIZABLE,0.02,0
ltl2dba_Q_pb_25_pe_.ltl,TIMEOUT,17.049,124
ltl2dba_Q_pb_2_pe_.ltl,REALIZABLE,0.017,0
ltl2dba_Q_pb_3_pe_.ltl,REALIZABLE,0.024,0
ltl2dba_Q_pb_4_pe_.ltl,REALIZABLE,0.048,0
ltl2dba_Q_pb_50_pe_.ltl,ERROR,0.031,2
ltl2dba_Q_pb_5_pe_.ltl,REALIZABLE,5.925,0
ltl2dba_Q_pb_6_pe_.ltl,TIMEOUT,17.033,124
ltl2dba_Q_pb_7_pe_.ltl,TIMEOUT,17.033,124
ltl2dba_Q_pb_8_pe_.ltl,TIMEOUT,17.033,124
ltl2dba_R_pb_10_pe_.ltl,TIMEOUT,17.049,124
ltl2dba_R_pb_11_pe_.ltl,TIMEOUT,17.082,124
ltl2dba_R_pb_12_pe_.ltl,TIMEOUT,17.05,124
ltl2dba_R_pb_14_pe_.ltl,TIMEOUT,17.021,124
ltl2dba_R_pb_1_pe_.ltl,REALIZABLE,0.016,0
ltl2dba_R_pb_2_pe_.ltl,UNREALIZABLE,0.021,1
ltl2dba_R_pb_3_pe_.ltl,UNREALIZABLE,0.011,1
ltl2dba_R_pb_4_pe_.ltl,UNREALIZABLE,0.023,1
ltl2dba_R_pb_5_pe_.ltl,UNREALIZABLE,0.082,1
ltl2dba_R_pb_6_pe_.ltl,UNREALIZABLE,0.716,1
ltl2dba_R_pb_7_pe_.ltl,UNREALIZABLE,11.437,1
ltl2dba_R_pb_8_pe_.ltl,TIMEOUT,17.033,124
ltl2dba_U1_pb_100_pe_.ltl,ERROR,0.034,2
ltl2dba_U1_pb_10_pe_.ltl,TIMEOUT,17.049,124
ltl2dba_U1_pb_12_pe_.ltl,TIMEOUT,17.033,124
ltl2dba_U1_pb_15_pe_.ltl,TIMEOUT,17.033,124
ltl2dba_U1_pb_18_pe_.ltl,TIMEOUT,17.033,124
ltl2dba_U1_pb_1_pe_.ltl,REALIZABLE,0.016,0
ltl2dba_U1_pb_25_pe_.ltl,TIMEOUT,17.049,124
ltl2dba_U1_pb_2_pe_.ltl,REALIZABLE,0.03,0
ltl2dba_U1_pb_3_pe_.ltl,REALIZABLE,0.038,0
ltl2dba_U1_pb_4_pe_.ltl,REALIZABLE,0.041,0
ltl2dba_U1_pb_50_pe_.ltl,TIMEOUT,17.05,124
ltl2dba_U1_pb_5_pe_.ltl,REALIZABLE,0.036,0
ltl2dba_U1_pb_6_pe_.ltl,REALIZABLE,0.142,0
ltl2dba_U1_pb_7_pe_.ltl,REALIZABLE,1.915,0
ltl2dba_U1_pb_8_pe_.ltl,TIMEOUT,17.019,124
ltl2dba_U1_pb_9_pe_.ltl,TIMEOUT,17.033,124
ltl2dba_alpha_pb_100_pe_.ltl,TIMEOUT,17.026,124
ltl2dba_alpha_pb_10_pe_.ltl,REALIZABLE,0.018,0
ltl2dba_alpha_pb_12_pe_.ltl,REALIZABLE,0.038,0
ltl2dba_alpha_pb_14_pe_.ltl,REALIZABLE,0.041,0
ltl2dba_alpha_pb_16_pe_.ltl,REALIZABLE,0.05,0
ltl2dba_alpha_pb_17_pe_.ltl,REALIZABLE,0.039,0
ltl2dba_alpha_pb_18_pe_.ltl,REALIZABLE,0.059,0
ltl2dba_alpha_pb_1_pe_.ltl,REALIZABLE,0.021,0
ltl2dba_alpha_pb_20_pe_.ltl,REALIZABLE,0.075,0
ltl2dba_alpha_pb_25_pe_.ltl,REALIZABLE,0.133,0
ltl2dba_alpha_pb_2_pe_.ltl,REALIZABLE,0.023,0
ltl2dba_alpha_pb_3_pe_.ltl,REALIZABLE,0.034,0
ltl2dba_alpha_pb_4_pe_.ltl,REALIZABLE,0.04,0
ltl2dba_alpha_pb_50_pe_.ltl,TIMEOUT,17.026,124
ltl2dba_alpha_pb_5_pe_.ltl,REALIZABLE,0.027,0
ltl2dba_alpha_pb_6_pe_.ltl,REALIZABLE,0.031,0
ltl2dba_alpha_pb_7_pe_.ltl,REALIZABLE,0.038,0
ltl2dba_alpha_pb_8_pe_.ltl,REALIZABLE,0.037,0
ltl2dba_beta_pb_100_pe_.ltl,ERROR,0.05,2
ltl2dba_beta_pb_10_pe_.ltl,TIMEOUT,17.05,124
ltl2dba_beta_pb_15_pe_.ltl,TIMEOUT,17.081,124
ltl2dba_beta_pb_18_pe_.ltl,TIMEOUT,17.083,124
ltl2dba_beta_pb_1_pe_.ltl,REALIZABLE,0.037,0
ltl2dba_beta_pb_20_pe_.ltl,TIMEOUT,17.083,124
ltl2dba_beta_pb_25_pe_.ltl,TIMEOUT,17.082,124
ltl2dba_beta_pb_2_pe_.ltl,REALIZABLE,0.036,0
ltl2dba_beta_pb_30_pe_.ltl,TIMEOUT,17.133,124
ltl2dba_beta_pb_3_pe_.ltl,REALIZABLE,0.033,0
ltl2dba_beta_pb_4_pe_.ltl,REALIZABLE,0.254,0
ltl2dba_beta_pb_5_pe_.ltl,REALIZABLE,2.929,0
ltl2dba_beta_pb_6_pe_.ltl,TIMEOUT,17.029,124
ltl2dba_beta_pb_7_pe_.ltl,TIMEOUT,17.081,124
ltl2dba_beta_pb_8_pe_.ltl,TIMEOUT,17.033,124
ltl2dba_theta_pb_100_pe_.ltl,ERROR,0.021,2
ltl2dba_theta_pb_10_pe_.ltl,UNREALIZABLE,0.612,1
ltl2dba_theta_pb_12_pe_.ltl,UNREALIZABLE,2.992,1
ltl2dba_theta_pb_14_pe_.ltl,TIMEOUT,17.033,124
ltl2dba_theta_pb_16_pe_.ltl,TIMEOUT,17.049,124
ltl2dba_theta_pb_1_pe_.ltl,UNREALIZABLE,0.025,1
ltl2dba_theta_pb_25_pe_.ltl,TIMEOUT,17.082,124
ltl2dba_theta_pb_2_pe_.ltl,UNREALIZABLE,0.039,1
ltl2dba_theta_pb_300_pe_.ltl,ERROR,0.039,2
ltl2dba_theta_pb_3_pe_.ltl,UNREALIZABLE,0.031,1
ltl2dba_theta_pb_4_pe_.ltl,UNREALIZABLE,0.046,1
ltl2dba_theta_pb_500_pe_.ltl,ERROR,0.048,2
ltl2dba_theta_pb_50_pe_.ltl,TIMEOUT,17.083,124
ltl2dba_theta_pb_5_pe_.ltl,UNREALIZABLE,0.041,1
ltl2dba_theta_pb_6_pe_.ltl,UNREALIZABLE,0.065,1
ltl2dba_theta_pb_7_pe_.ltl,UNREALIZABLE,0.06,1
ltl2dba_theta_pb_8_pe_.ltl,UNREALIZABLE,0.128,1
ltl2dpa01.ltl,REALIZABLE,0.015,0
ltl2dpa02.ltl,REALIZABLE,0.021,0
ltl2dpa03.ltl,REALIZABLE,0.045,0
ltl2dpa04.ltl,REALIZABLE,0.027,0
ltl2dpa05.ltl,REALIZABLE,0.037,0
ltl2dpa06.ltl,REALIZABLE,0.035,0
ltl2dpa07.ltl,REALIZABLE,0.034,0
ltl2dpa08.ltl,REALIZABLE,0.036,0
ltl2dpa09.ltl,REALIZABLE,0.035,0
ltl2dpa10.ltl,REALIZABLE,0.037,0
ltl2dpa11.ltl,REALIZABLE,0.04,0
ltl2dpa12.ltl,REALIZABLE,0.04,0
ltl2dpa13.ltl,REALIZABLE,0.78,0
ltl2dpa14.ltl,REALIZABLE,0.018,0
ltl2dpa15.ltl,REALIZABLE,0.03,0
ltl2dpa16.ltl,REALIZABLE,0.034,0
ltl2dpa17.ltl,REALIZABLE,0.039,0
ltl2dpa18.ltl,REALIZABLE,0.038,0
ltl2dpa19.ltl,REALIZABLE,0.825,0
ltl2dpa20.ltl,REALIZABLE,0.015,0
ltl2dpa22.ltl,REALIZABLE,0.078,0
ltl2dpa23.ltl,REALIZABLE,0.027,0
ltl2dpa24.ltl,REALIZABLE,0.039,0
mux_pb_100_pe_.ltl,REALIZABLE,0.043,0
mux_pb_10_pe_.ltl,REALIZABLE,0.031,0
mux_pb_125_pe_.ltl,REALIZABLE,0.043,0
mux_pb_12_pe_.ltl,REALIZABLE,0.039,0
mux_pb_132_pe_.ltl,REALIZABLE,0.042,0
mux_pb_150_pe_.ltl,REALIZABLE,0.05,0
mux_pb_16_pe_.ltl,REALIZABLE,0.035,0
mux_pb_175_pe_.ltl,REALIZABLE,0.037,0
mux_pb_200_pe_.ltl,REALIZABLE,0.046,0
mux_pb_32_pe_.ltl,REALIZABLE,0.033,0
mux_pb_64_pe_.ltl,REALIZABLE,0.038,0
mux_pb_8_pe_.ltl,REALIZABLE,0.034,0
narylatch_pb_10_pe_.ltl,REALIZABLE,10.428,0
narylatch_pb_11_pe_.ltl,TIMEOUT,17.082,124
narylatch_pb_12_pe_.ltl,TIMEOUT,17.08,124
narylatch_pb_16_pe_.ltl,TIMEOUT,17.083,124
narylatch_pb_32_pe_.ltl,TIMEOUT,17.082,124
narylatch_pb_64_pe_.ltl,TIMEOUT,17.082,124
narylatch_pb_8_pe_.ltl,REALIZABLE,0.27,0
ordered-visits-choice-real.ltl,REALIZABLE,0.019,0
ordered-visits-real.ltl,REALIZABLE,0.028,0
package-delivery-real.ltl,TIMEOUT,17.082,124
patrolling-alarm0.ltl,UNREALIZABLE,0.047,1
patrolling-alarm1.ltl,UNREALIZABLE,0.042,1
patrolling-alarm10.ltl,TIMEOUT,17.033,124
patrolling-alarm11.ltl,TIMEOUT,17.032,124
patrolling-alarm12.ltl,TIMEOUT,17.033,124
patrolling-alarm13.ltl,TIMEOUT,17.033,124
patrolling-alarm14.ltl,TIMEOUT,17.032,124
patrolling-alarm15.ltl,TIMEOUT,17.032,124
patrolling-alarm16.ltl,TIMEOUT,17.03,124
patrolling-alarm17.ltl,TIMEOUT,17.031,124
patrolling-alarm18.ltl,TIMEOUT,17.031,124
patrolling-alarm19.ltl,TIMEOUT,17.03,124
patrolling-alarm2.ltl,UNREALIZABLE,0.038,1
patrolling-alarm20.ltl,TIMEOUT,17.018,124
patrolling-alarm21.ltl,TIMEOUT,17.03,124
patrolling-alarm22.ltl,TIMEOUT,17.03,124
patrolling-alarm23.ltl,TIMEOUT,17.029,124
patrolling-alarm24.ltl,TIMEOUT,17.029,124
patrolling-alarm25.ltl,TIMEOUT,17.028,124
patrolling-alarm26.ltl,TIMEOUT,17.028,124
patrolling-alarm3.ltl,UNREALIZABLE,0.048,1
patrolling-alarm4.ltl,UNREALIZABLE,0.061,1
patrolling-alarm5.ltl,TIMEOUT,17.033,124
patrolling-alarm6.ltl,TIMEOUT,17.033,124
patrolling-alarm7.ltl,TIMEOUT,17.034,124
patrolling-alarm8.ltl,TIMEOUT,17.033,124
patrolling-alarm9.ltl,TIMEOUT,17.033,124
patrolling0.ltl,UNREALIZABLE,0.031,1
patrolling1.ltl,UNREALIZABLE,0.044,1
patrolling10.ltl,TIMEOUT,17.033,124
patrolling11.ltl,TIMEOUT,17.025,124
patrolling12.ltl,TIMEOUT,17.033,124
patrolling13.ltl,TIMEOUT,17.032,124
patrolling14.ltl,TIMEOUT,17.032,124
patrolling15.ltl,TIMEOUT,17.02,124
patrolling16.ltl,TIMEOUT,17.032,124
patrolling17.ltl,TIMEOUT,17.032,124
patrolling18.ltl,TIMEOUT,17.026,124
patrolling19.ltl,TIMEOUT,17.032,124
patrolling2.ltl,UNREALIZABLE,0.04,1
patrolling20.ltl,TIMEOUT,17.032,124
patrolling21.ltl,TIMEOUT,17.03,124
patrolling22.ltl,TIMEOUT,17.03,124
patrolling23.ltl,TIMEOUT,17.031,124
patrolling24.ltl,TIMEOUT,17.03,124
patrolling25.ltl,TIMEOUT,17.029,124
patrolling3.ltl,UNREALIZABLE,0.053,1
patrolling4.ltl,UNREALIZABLE,0.062,1
patrolling5.ltl,TIMEOUT,17.034,124
patrolling6.ltl,TIMEOUT,17.034,124
patrolling7.ltl,TIMEOUT,17.033,124
patrolling8.ltl,TIMEOUT,17.033,124
patrolling9.ltl,TIMEOUT,17.033,124
precise-reachability-real.ltl,REALIZABLE,0.109,0
precise-reachability0.ltl,UNREALIZABLE,0.034,1
prioritized_arbiter_enc_pb_10_pe_.ltl,REALIZABLE,5.961,0
prioritized_arbiter_enc_pb_12_pe_.ltl,TIMEOUT,17.05,124
prioritized_arbiter_enc_pb_13_pe_.ltl,TIMEOUT,17.049,124
prioritized_arbiter_enc_pb_14_pe_.ltl,TIMEOUT,17.049,124
prioritized_arbiter_enc_pb_15_pe_.ltl,TIMEOUT,17.049,124
prioritized_arbiter_enc_pb_8_pe_.ltl,TIMEOUT,17.033,124
prioritized_arbiter_pb_10_pe_.ltl,TIMEOUT,17.232,124
prioritized_arbiter_pb_12_pe_.ltl,TIMEOUT,17.082,124
prioritized_arbiter_pb_1_pe_.ltl,REALIZABLE,0.034,0
prioritized_arbiter_pb_2_pe_.ltl,REALIZABLE,0.034,0
prioritized_arbiter_pb_3_pe_.ltl,REALIZABLE,0.036,0
prioritized_arbiter_pb_4_pe_.ltl,REALIZABLE,0.035,0
prioritized_arbiter_pb_5_pe_.ltl,REALIZABLE,0.059,0
prioritized_arbiter_pb_6_pe_.ltl,REALIZABLE,1.456,0
prioritized_arbiter_pb_7_pe_.ltl,TIMEOUT,17.132,124
prioritized_arbiter_pb_8_pe_.ltl,TIMEOUT,17.132,124
prioritized_arbiter_pb_9_pe_.ltl,TIMEOUT,17.167,124
prioritized_arbiter_unreal1_pb_2_10_pe_.ltl,UNREALIZABLE,0.139,1
prioritized_arbiter_unreal1_pb_2_11_pe_.ltl,UNREALIZABLE,0.229,1
prioritized_arbiter_unreal1_pb_2_12_pe_.ltl,UNREALIZABLE,0.495,1
prioritized_arbiter_unreal1_pb_2_13_pe_.ltl,UNREALIZABLE,0.984,1
prioritized_arbiter_unreal1_pb_2_14_pe_.ltl,UNREALIZABLE,2.13,1
prioritized_arbiter_unreal1_pb_2_15_pe_.ltl,UNREALIZABLE,4.359,1
prioritized_arbiter_unreal1_pb_2_16_pe_.ltl,UNREALIZABLE,9.582,1
prioritized_arbiter_unreal1_pb_2_1_pe_.ltl,UNREALIZABLE,0.016,1
prioritized_arbiter_unreal1_pb_2_2_pe_.ltl,UNREALIZABLE,0.028,1
prioritized_arbiter_unreal1_pb_2_3_pe_.ltl,UNREALIZABLE,0.044,1
prioritized_arbiter_unreal1_pb_2_4_pe_.ltl,UNREALIZABLE,0.042,1
prioritized_arbiter_unreal1_pb_2_5_pe_.ltl,UNREALIZABLE,0.05,1
prioritized_arbiter_unreal1_pb_2_6_pe_.ltl,UNREALIZABLE,0.054,1
prioritized_arbiter_unreal1_pb_2_7_pe_.ltl,UNREALIZABLE,0.058,1
prioritized_arbiter_unreal1_pb_2_8_pe_.ltl,UNREALIZABLE,0.048,1
prioritized_arbiter_unreal1_pb_2_9_pe_.ltl,UNREALIZABLE,0.073,1
prioritized_arbiter_unreal1_pb_3_10_pe_.ltl,TIMEOUT,17.082,124
prioritized_arbiter_unreal1_pb_3_11_pe_.ltl,TIMEOUT,17.071,124
prioritized_arbiter_unreal1_pb_3_12_pe_.ltl,TIMEOUT,17.083,124
prioritized_arbiter_unreal1_pb_3_13_pe_.ltl,TIMEOUT,17.083,124
prioritized_arbiter_unreal1_pb_3_14_pe_.ltl,TIMEOUT,17.082,124
prioritized_arbiter_unreal1_pb_3_15_pe_.ltl,TIMEOUT,17.082,124
prioritized_arbiter_unreal1_pb_3_16_pe_.ltl,TIMEOUT,17.083,124
prioritized_arbiter_unreal1_pb_3_1_pe_.ltl,UNREALIZABLE,0.049,1
prioritized_arbiter_unreal1_pb_3_2_pe_.ltl,UNREALIZABLE,0.059,1
prioritized_arbiter_unreal1_pb_3_3_pe_.ltl,UNREALIZABLE,0.089,1
prioritized_arbiter_unreal1_pb_3_4_pe_.ltl,UNREALIZABLE,0.156,1
prioritized_arbiter_unreal1_pb_3_5_pe_.ltl,UNREALIZABLE,0.552,1
prioritized_arbiter_unreal1_pb_3_6_pe_.ltl,UNREALIZABLE,3.265,1
prioritized_arbiter_unreal1_pb_3_7_pe_.ltl,TIMEOUT,17.082,124
prioritized_arbiter_unreal1_pb_3_8_pe_.ltl,TIMEOUT,17.083,124
prioritized_arbiter_unreal1_pb_3_9_pe_.ltl,TIMEOUT,17.082,124
prioritized_arbiter_unreal1_pb_4_10_pe_.ltl,TIMEOUT,17.082,124
prioritized_arbiter_unreal1_pb_4_11_pe_.ltl,TIMEOUT,17.082,124
prioritized_arbiter_unreal1_pb_4_12_pe_.ltl,TIMEOUT,17.083,124
prioritized_arbiter_unreal1_pb_4_13_pe_.ltl,TIMEOUT,17.083,124
prioritized_arbiter_unreal1_pb_4_14_pe_.ltl,TIMEOUT,17.083,124
prioritized_arbiter_unreal1_pb_4_15_pe_.ltl,TIMEOUT,17.083,124
prioritized_arbiter_unreal1_pb_4_16_pe_.ltl,TIMEOUT,17.082,124
prioritized_arbiter_unreal1_pb_4_1_pe_.ltl,UNREALIZABLE,0.213,1
prioritized_arbiter_unreal1_pb_4_2_pe_.ltl,UNREALIZABLE,0.496,1
prioritized_arbiter_unreal1_pb_4_3_pe_.ltl,UNREALIZABLE,1.418,1
prioritized_arbiter_unreal1_pb_4_4_pe_.ltl,UNREALIZABLE,6.217,1
prioritized_arbiter_unreal1_pb_4_5_pe_.ltl,TIMEOUT,17.083,124
prioritized_arbiter_unreal1_pb_4_6_pe_.ltl,TIMEOUT,17.083,124
prioritized_arbiter_unreal1_pb_4_7_pe_.ltl,TIMEOUT,17.075,124
prioritized_arbiter_unreal1_pb_4_8_pe_.ltl,TIMEOUT,17.084,124
prioritized_arbiter_unreal1_pb_4_9_pe_.ltl,TIMEOUT,17.082,124
prioritized_arbiter_unreal1_pb_5_16_pe_.ltl,TIMEOUT,17.078,124
prioritized_arbiter_unreal1_pb_5_2_pe_.ltl,TIMEOUT,17.05,124
prioritized_arbiter_unreal1_pb_5_32_pe_.ltl,TIMEOUT,17.079,124
prioritized_arbiter_unreal1_pb_5_4_pe_.ltl,TIMEOUT,17.083,124
prioritized_arbiter_unreal1_pb_6_16_pe_.ltl,TIMEOUT,17.082,124
prioritized_arbiter_unreal1_pb_6_2_pe_.ltl,TIMEOUT,17.131,124
prioritized_arbiter_unreal1_pb_6_32_pe_.ltl,TIMEOUT,17.133,124
prioritized_arbiter_unreal1_pb_6_4_pe_.ltl,TIMEOUT,17.081,124
prioritized_arbiter_unreal2_pb_100_pe_.ltl,ERROR,0.212,2
prioritized_arbiter_unreal2_pb_10_pe_.ltl,TIMEOUT,17.082,124
prioritized_arbiter_unreal2_pb_2_pe_.ltl,UNREALIZABLE,0.041,1
prioritized_arbiter_unreal2_pb_30_pe_.ltl,TIMEOUT,17.05,124
prioritized_arbiter_unreal2_pb_3_pe_.ltl,UNREALIZABLE,0.076,1
prioritized_arbiter_unreal2_pb_4_pe_.ltl,UNREALIZABLE,3.454,1
prioritized_arbiter_unreal2_pb_5_pe_.ltl,TIMEOUT,17.082,124
prioritized_arbiter_unreal2_pb_60_pe_.ltl,ERROR,0.082,2
prioritized_arbiter_unreal2_pb_6_pe_.ltl,TIMEOUT,17.067,124
prioritized_arbiter_unreal2_pb_7_pe_.ltl,TIMEOUT,17.083,124
prioritized_arbiter_unreal2_pb_8_pe_.ltl,TIMEOUT,17.183,124
reversible-lane-r-real.ltl,TIMEOUT,17.05,124
reversible-lane-u-unreal.ltl,UNREALIZABLE,4.792,1
reversible-lane-u0.ltl,UNREALIZABLE,1.441,1
reversible-lane-u1.ltl,UNREALIZABLE,2.56,1
robot-cat-real-1d-real.ltl,REALIZABLE,6.083,0
robot-cat-real-2d-real.ltl,TIMEOUT,17.082,124
robot-cat-unreal-1d-unreal.ltl,UNREALIZABLE,1.259,1
robot-cat-unreal-2d-unreal.ltl,TIMEOUT,17.078,124
robot-grid-commute-1d-real.ltl,REALIZABLE,1.503,0
robot-grid-commute-2d-real.ltl,TIMEOUT,17.082,124
robot-grid-reach-1d-real.ltl,REALIZABLE,0.046,0
robot-grid-reach-2d-real.ltl,REALIZABLE,2.682,0
robot-grid-reach-repeated-with-obstacles-1d-real.ltl,REALIZABLE,0.035,0
robot-grid-reach-repeated-with-obstacles-2d-real.ltl,TIMEOUT,17.049,124
robot-grid-reach-repeated-with-obstacles-6d-real.ltl,TIMEOUT,17.082,124
robot-resource-1d-unreal.ltl,UNREALIZABLE,10.244,1
robot-resource-1d0.ltl,UNREALIZABLE,0.09,1
robot-resource-1d1.ltl,UNREALIZABLE,0.821,1
robot-resource-2d0.ltl,UNREALIZABLE,2.063,1
robot-resource-2d1.ltl,UNREALIZABLE,9.132,1
robot-resource-2d10.ltl,TIMEOUT,17.182,124
robot-resource-2d11.ltl,TIMEOUT,17.182,124
robot-resource-2d12.ltl,TIMEOUT,17.175,124
robot-resource-2d13.ltl,TIMEOUT,17.182,124
robot-resource-2d14.ltl,TIMEOUT,17.183,124
robot-resource-2d15.ltl,TIMEOUT,17.182,124
robot-resource-2d16.ltl,TIMEOUT,17.283,124
robot-resource-2d17.ltl,TIMEOUT,17.283,124
robot-resource-2d18.ltl,TIMEOUT,17.283,124
robot-resource-2d19.ltl,TIMEOUT,17.282,124
robot-resource-2d2.ltl,TIMEOUT,17.044,124
robot-resource-2d20.ltl,TIMEOUT,17.282,124
robot-resource-2d21.ltl,TIMEOUT,17.333,124
robot-resource-2d22.ltl,TIMEOUT,17.282,124
robot-resource-2d23.ltl,TIMEOUT,17.27,124
robot-resource-2d3.ltl,TIMEOUT,17.05,124
robot-resource-2d4.ltl,TIMEOUT,17.081,124
robot-resource-2d5.ltl,TIMEOUT,17.081,124
robot-resource-2d6.ltl,TIMEOUT,17.082,124
robot-resource-2d7.ltl,TIMEOUT,17.082,124
robot-resource-2d8.ltl,TIMEOUT,17.166,124
robot-resource-2d9.ltl,TIMEOUT,17.183,124
robot-tasks-real.ltl,REALIZABLE,0.067,0
robot-to-target-charging-real.ltl,TIMEOUT,17.082,124
robot-to-target-charging-unreal0.ltl,TIMEOUT,17.082,124
robot-to-target-charging-unreal1.ltl,TIMEOUT,17.082,124
robot-to-target-charging-unreal2.ltl,TIMEOUT,17.082,124
robot-to-target-charging-unreal3.ltl,TIMEOUT,17.082,124
robot-to-target-charging-unreal4.ltl,TIMEOUT,17.082,124
robot-to-target-charging-unreal5.ltl,TIMEOUT,17.083,124
robot-to-target-charging-unreal6.ltl,TIMEOUT,17.082,124
robot-to-target-charging-unreal7.ltl,TIMEOUT,17.082,124
robot-to-target-charging-unreal8.ltl,TIMEOUT,17.083,124
robot-to-target-charging0.ltl,TIMEOUT,17.133,124
robot-to-target-charging1.ltl,TIMEOUT,17.182,124
robot-to-target-charging10.ltl,TIMEOUT,17.082,124
robot-to-target-charging11.ltl,TIMEOUT,17.082,124
robot-to-target-charging12.ltl,TIMEOUT,17.067,124
robot-to-target-charging13.ltl,TIMEOUT,17.082,124
robot-to-target-charging14.ltl,TIMEOUT,17.082,124
robot-to-target-charging15.ltl,TIMEOUT,17.082,124
robot-to-target-charging16.ltl,TIMEOUT,17.082,124
robot-to-target-charging17.ltl,TIMEOUT,17.083,124
robot-to-target-charging18.ltl,TIMEOUT,17.082,124
robot-to-target-charging19.ltl,TIMEOUT,17.082,124
robot-to-target-charging2.ltl,TIMEOUT,17.182,124
robot-to-target-charging20.ltl,TIMEOUT,17.082,124
robot-to-target-charging21.ltl,TIMEOUT,17.082,124
robot-to-target-charging22.ltl,TIMEOUT,17.082,124
robot-to-target-charging23.ltl,TIMEOUT,17.082,124
robot-to-target-charging24.ltl,TIMEOUT,17.082,124
robot-to-target-charging25.ltl,TIMEOUT,17.082,124
robot-to-target-charging3.ltl,TIMEOUT,17.283,124
robot-to-target-charging4.ltl,TIMEOUT,17.283,124
robot-to-target-charging5.ltl,TIMEOUT,17.283,124
robot-to-target-charging6.ltl,TIMEOUT,17.282,124
robot-to-target-charging7.ltl,TIMEOUT,17.082,124
robot-to-target-charging8.ltl,TIMEOUT,17.082,124
robot-to-target-charging9.ltl,TIMEOUT,17.082,124
robot-to-target-unreal0.ltl,REALIZABLE,8.051,0
robot-to-target0.ltl,TIMEOUT,17.049,124
robot_analyze_samples_v1-real.ltl,TIMEOUT,17.034,124
robot_collect_samples_v1-real.ltl,TIMEOUT,17.232,124
robot_collect_samples_v2-real.ltl,TIMEOUT,17.132,124
robot_collect_samples_v3-real.ltl,TIMEOUT,17.083,124
robot_collect_samples_v4-real.ltl,TIMEOUT,17.082,124
robot_deliver_products_1-real.ltl,TIMEOUT,17.082,124
robot_deliver_products_20.ltl,TIMEOUT,17.083,124
robot_deliver_products_30.ltl,TIMEOUT,17.083,124
robot_deliver_products_40.ltl,TIMEOUT,17.083,124
robot_deliver_products_50.ltl,TIMEOUT,17.083,124
robot_grid_pb_2_2_pe_.ltl,TIMEOUT,17.034,124
robot_grid_pb_3_3_pe_.ltl,TIMEOUT,17.033,124
robot_grid_pb_4_4_pe_.ltl,TIMEOUT,17.05,124
robot_grid_pb_5_1_pe_.ltl,TIMEOUT,17.073,124
robot_grid_pb_5_5_pe_.ltl,TIMEOUT,17.05,124
robot_grid_pb_6_1_pe_.ltl,TIMEOUT,17.034,124
robot_grid_pb_6_6_pe_.ltl,TIMEOUT,17.049,124
robot_grid_pb_7_7_pe_.ltl,TIMEOUT,17.05,124
robot_grid_pb_8_8_pe_.ltl,ERROR,0.089,2
robot_repair0.ltl,TIMEOUT,17.081,124
robot_repair1.ltl,TIMEOUT,17.067,124
robot_repair2.ltl,TIMEOUT,17.082,124
robot_repair3.ltl,TIMEOUT,17.083,124
robot_repair4.ltl,TIMEOUT,17.083,124
robot_repair5.ltl,TIMEOUT,17.082,124
robot_running-real.ltl,TIMEOUT,17.083,124
round_robin_arbiter_pb_10_pe_.ltl,TIMEOUT,17.082,124
round_robin_arbiter_pb_2_pe_.ltl,REALIZABLE,0.035,0
round_robin_arbiter_pb_3_pe_.ltl,REALIZABLE,0.402,0
round_robin_arbiter_pb_4_pe_.ltl,TIMEOUT,17.033,124
round_robin_arbiter_pb_5_pe_.ltl,TIMEOUT,17.025,124
round_robin_arbiter_pb_6_pe_.ltl,TIMEOUT,17.029,124
round_robin_arbiter_pb_7_pe_.ltl,TIMEOUT,17.08,124
round_robin_arbiter_pb_8_pe_.ltl,TIMEOUT,17.132,124
round_robin_arbiter_unreal1_pb_2_10_pe_.ltl,UNREALIZABLE,0.062,1
round_robin_arbiter_unreal1_pb_2_11_pe_.ltl,UNREALIZABLE,0.077,1
round_robin_arbiter_unreal1_pb_2_12_pe_.ltl,UNREALIZABLE,0.131,1
round_robin_arbiter_unreal1_pb_2_13_pe_.ltl,UNREALIZABLE,0.262,1
round_robin_arbiter_unreal1_pb_2_14_pe_.ltl,UNREALIZABLE,0.51,1
round_robin_arbiter_unreal1_pb_2_15_pe_.ltl,UNREALIZABLE,1.129,1
round_robin_arbiter_unreal1_pb_2_16_pe_.ltl,UNREALIZABLE,2.382,1
round_robin_arbiter_unreal1_pb_2_1_pe_.ltl,UNREALIZABLE,0.019,1
round_robin_arbiter_unreal1_pb_2_2_pe_.ltl,UNREALIZABLE,0.034,1
round_robin_arbiter_unreal1_pb_2_3_pe_.ltl,UNREALIZABLE,0.038,1
round_robin_arbiter_unreal1_pb_2_4_pe_.ltl,UNREALIZABLE,0.034,1
round_robin_arbiter_unreal1_pb_2_5_pe_.ltl,UNREALIZABLE,0.036,1
round_robin_arbiter_unreal1_pb_2_6_pe_.ltl,UNREALIZABLE,0.045,1
round_robin_arbiter_unreal1_pb_2_7_pe_.ltl,UNREALIZABLE,0.044,1
round_robin_arbiter_unreal1_pb_2_8_pe_.ltl,UNREALIZABLE,0.04,1
round_robin_arbiter_unreal1_pb_2_9_pe_.ltl,UNREALIZABLE,0.042,1
round_robin_arbiter_unreal1_pb_3_10_pe_.ltl,TIMEOUT,17.082,124
round_robin_arbiter_unreal1_pb_3_11_pe_.ltl,TIMEOUT,17.082,124
round_robin_arbiter_unreal1_pb_3_12_pe_.ltl,TIMEOUT,17.082,124
round_robin_arbiter_unreal1_pb_3_13_pe_.ltl,TIMEOUT,17.068,124
round_robin_arbiter_unreal1_pb_3_14_pe_.ltl,TIMEOUT,17.082,124
round_robin_arbiter_unreal1_pb_3_15_pe_.ltl,TIMEOUT,17.082,124
round_robin_arbiter_unreal1_pb_3_16_pe_.ltl,TIMEOUT,17.082,124
round_robin_arbiter_unreal1_pb_3_1_pe_.ltl,UNREALIZABLE,0.026,1
round_robin_arbiter_unreal1_pb_3_20_pe_.ltl,TIMEOUT,17.082,124
round_robin_arbiter_unreal1_pb_3_22_pe_.ltl,TIMEOUT,17.082,124
round_robin_arbiter_unreal1_pb_3_2_pe_.ltl,UNREALIZABLE,0.02,1
round_robin_arbiter_unreal1_pb_3_3_pe_.ltl,UNREALIZABLE,0.027,1
round_robin_arbiter_unreal1_pb_3_4_pe_.ltl,UNREALIZABLE,0.043,1
round_robin_arbiter_unreal1_pb_3_50_pe_.ltl,TIMEOUT,17.082,124
round_robin_arbiter_unreal1_pb_3_5_pe_.ltl,UNREALIZABLE,0.161,1
round_robin_arbiter_unreal1_pb_3_6_pe_.ltl,UNREALIZABLE,0.913,1
round_robin_arbiter_unreal1_pb_3_7_pe_.ltl,UNREALIZABLE,7.593,1
round_robin_arbiter_unreal1_pb_3_8_pe_.ltl,TIMEOUT,17.081,124
round_robin_arbiter_unreal1_pb_3_9_pe_.ltl,TIMEOUT,17.082,124
round_robin_arbiter_unreal1_pb_4_10_pe_.ltl,TIMEOUT,17.082,124
round_robin_arbiter_unreal1_pb_4_11_pe_.ltl,TIMEOUT,17.082,124
round_robin_arbiter_unreal1_pb_4_12_pe_.ltl,TIMEOUT,17.081,124
round_robin_arbiter_unreal1_pb_4_13_pe_.ltl,TIMEOUT,17.074,124
round_robin_arbiter_unreal1_pb_4_14_pe_.ltl,TIMEOUT,17.082,124
round_robin_arbiter_unreal1_pb_4_15_pe_.ltl,TIMEOUT,17.083,124
round_robin_arbiter_unreal1_pb_4_1_pe_.ltl,UNREALIZABLE,0.06,1
round_robin_arbiter_unreal1_pb_4_2_pe_.ltl,UNREALIZABLE,0.068,1
round_robin_arbiter_unreal1_pb_4_3_pe_.ltl,UNREALIZABLE,0.219,1
round_robin_arbiter_unreal1_pb_4_4_pe_.ltl,UNREALIZABLE,1.684,1
round_robin_arbiter_unreal1_pb_4_5_pe_.ltl,TIMEOUT,17.081,124
round_robin_arbiter_unreal1_pb_4_6_pe_.ltl,TIMEOUT,17.082,124
round_robin_arbiter_unreal1_pb_4_7_pe_.ltl,TIMEOUT,17.082,124
round_robin_arbiter_unreal1_pb_4_8_pe_.ltl,TIMEOUT,17.081,124
round_robin_arbiter_unreal1_pb_4_9_pe_.ltl,TIMEOUT,17.082,124
round_robin_arbiter_unreal2_pb_2_pe_.ltl,UNREALIZABLE,0.032,1
round_robin_arbiter_unreal2_pb_3_pe_.ltl,UNREALIZABLE,0.042,1
round_robin_arbiter_unreal2_pb_4_pe_.ltl,UNREALIZABLE,0.454,1
round_robin_arbiter_unreal2_pb_5_pe_.ltl,TIMEOUT,17.046,124
round_robin_arbiter_unreal2_pb_6_pe_.ltl,TIMEOUT,17.082,124
round_robin_arbiter_unreal2_pb_7_pe_.ltl,TIMEOUT,17.082,124
rw_arbiter_pb_1_pe_.ltl,REALIZABLE,0.028,0
rw_arbiter_pb_2_pe_.ltl,REALIZABLE,0.042,0
rw_arbiter_pb_3_pe_.ltl,REALIZABLE,1.413,0
rw_arbiter_pb_4_pe_.ltl,TIMEOUT,17.081,124
rw_arbiter_pb_5_pe_.ltl,TIMEOUT,17.049,124
scheduler-real.ltl,TIMEOUT,17.081,124
shift_pb_100_pe_.ltl,REALIZABLE,0.029,0
shift_pb_10_pe_.ltl,REALIZABLE,0.018,0
shift_pb_125_pe_.ltl,REALIZABLE,0.013,0
shift_pb_12_pe_.ltl,REALIZABLE,0.013,0
shift_pb_132_pe_.ltl,REALIZABLE,0.022,0
shift_pb_16_pe_.ltl,REALIZABLE,0.014,0
shift_pb_250_pe_.ltl,REALIZABLE,0.03,0
shift_pb_32_pe_.ltl,REALIZABLE,0.019,0
shift_pb_500_pe_.ltl,REALIZABLE,0.093,0
shift_pb_64_pe_.ltl,REALIZABLE,0.017,0
shift_pb_8_pe_.ltl,REALIZABLE,0.033,0
simple_arbiter_enc_pb_10_pe_.ltl,REALIZABLE,8.569,0
simple_arbiter_enc_pb_11_pe_.ltl,REALIZABLE,16.277,0
simple_arbiter_enc_pb_12_pe_.ltl,TIMEOUT,17.033,124
simple_arbiter_enc_pb_13_pe_.ltl,TIMEOUT,17.049,124
simple_arbiter_enc_pb_14_pe_.ltl,TIMEOUT,17.049,124
simple_arbiter_enc_pb_15_pe_.ltl,TIMEOUT,17.049,124
simple_arbiter_enc_pb_16_pe_.ltl,TIMEOUT,17.049,124
simple_arbiter_enc_pb_32_pe_.ltl,TIMEOUT,17.081,124
simple_arbiter_enc_pb_8_pe_.ltl,TIMEOUT,17.034,124
simple_arbiter_unreal1_pb_16_1_pe_.ltl,TIMEOUT,17.082,124
simple_arbiter_unreal1_pb_16_2_pe_.ltl,TIMEOUT,17.082,124
simple_arbiter_unreal1_pb_16_3_pe_.ltl,TIMEOUT,17.081,124
simple_arbiter_unreal1_pb_16_4_pe_.ltl,TIMEOUT,17.082,124
simple_arbiter_unreal1_pb_16_5_pe_.ltl,TIMEOUT,17.082,124
simple_arbiter_unreal1_pb_2_10_pe_.ltl,UNREALIZABLE,0.061,1
simple_arbiter_unreal1_pb_2_12_pe_.ltl,UNREALIZABLE,0.134,1
simple_arbiter_unreal1_pb_2_1_pe_.ltl,UNREALIZABLE,0.019,1
simple_arbiter_unreal1_pb_2_2_pe_.ltl,UNREALIZABLE,0.027,1
simple_arbiter_unreal1_pb_2_3_pe_.ltl,UNREALIZABLE,0.035,1
simple_arbiter_unreal1_pb_2_4_pe_.ltl,UNREALIZABLE,0.037,1
simple_arbiter_unreal1_pb_2_5_pe_.ltl,UNREALIZABLE,0.04,1
simple_arbiter_unreal1_pb_2_6_pe_.ltl,UNREALIZABLE,0.025,1
simple_arbiter_unreal1_pb_2_7_pe_.ltl,UNREALIZABLE,0.026,1
simple_arbiter_unreal1_pb_2_8_pe_.ltl,UNREALIZABLE,0.045,1
simple_arbiter_unreal1_pb_2_9_pe_.ltl,UNREALIZABLE,0.055,1
simple_arbiter_unreal1_pb_3_11_pe_.ltl,TIMEOUT,17.083,124
simple_arbiter_unreal1_pb_3_1_pe_.ltl,UNREALIZABLE,0.03,1
simple_arbiter_unreal1_pb_3_2_pe_.ltl,UNREALIZABLE,0.038,1
simple_arbiter_unreal1_pb_3_3_pe_.ltl,UNREALIZABLE,0.039,1
simple_arbiter_unreal1_pb_3_4_pe_.ltl,UNREALIZABLE,0.069,1
simple_arbiter_unreal1_pb_3_5_pe_.ltl,UNREALIZABLE,0.167,1
simple_arbiter_unreal1_pb_3_6_pe_.ltl,UNREALIZABLE,0.972,1
simple_arbiter_unreal1_pb_3_7_pe_.ltl,UNREALIZABLE,6.316,1
simple_arbiter_unreal1_pb_3_8_pe_.ltl,TIMEOUT,17.083,124
simple_arbiter_unreal1_pb_3_9_pe_.ltl,TIMEOUT,17.082,124
simple_arbiter_unreal1_pb_4_10_pe_.ltl,TIMEOUT,17.083,124
simple_arbiter_unreal1_pb_4_12_pe_.ltl,TIMEOUT,17.083,124
simple_arbiter_unreal1_pb_4_1_pe_.ltl,UNREALIZABLE,0.043,1
simple_arbiter_unreal1_pb_4_2_pe_.ltl,UNREALIZABLE,0.065,1
simple_arbiter_unreal1_pb_4_3_pe_.ltl,UNREALIZABLE,0.212,1
simple_arbiter_unreal1_pb_4_4_pe_.ltl,UNREALIZABLE,1.461,1
simple_arbiter_unreal1_pb_4_5_pe_.ltl,TIMEOUT,17.082,124
simple_arbiter_unreal1_pb_4_6_pe_.ltl,TIMEOUT,17.082,124
simple_arbiter_unreal1_pb_4_7_pe_.ltl,TIMEOUT,17.083,124
simple_arbiter_unreal1_pb_4_8_pe_.ltl,TIMEOUT,17.082,124
simple_arbiter_unreal1_pb_4_9_pe_.ltl,TIMEOUT,17.083,124
simple_arbiter_unreal1_pb_5_10_pe_.ltl,TIMEOUT,17.082,124
simple_arbiter_unreal1_pb_5_1_pe_.ltl,UNREALIZABLE,0.182,1
simple_arbiter_unreal1_pb_5_2_pe_.ltl,UNREALIZABLE,0.847,1
simple_arbiter_unreal1_pb_5_3_pe_.ltl,UNREALIZABLE,4.635,1
simple_arbiter_unreal1_pb_5_4_pe_.ltl,TIMEOUT,17.083,124
simple_arbiter_unreal1_pb_5_5_pe_.ltl,TIMEOUT,17.083,124
simple_arbiter_unreal1_pb_5_6_pe_.ltl,TIMEOUT,17.082,124
simple_arbiter_unreal1_pb_5_7_pe_.ltl,TIMEOUT,17.082,124
simple_arbiter_unreal1_pb_5_8_pe_.ltl,TIMEOUT,17.083,124
simple_arbiter_unreal1_pb_5_9_pe_.ltl,TIMEOUT,17.077,124
simple_arbiter_unreal1_pb_6_1_pe_.ltl,UNREALIZABLE,1.975,1
simple_arbiter_unreal1_pb_6_2_pe_.ltl,UNREALIZABLE,12.999,1
simple_arbiter_unreal1_pb_6_3_pe_.ltl,TIMEOUT,17.075,124
simple_arbiter_unreal1_pb_6_4_pe_.ltl,TIMEOUT,17.074,124
simple_arbiter_unreal1_pb_6_5_pe_.ltl,TIMEOUT,17.082,124
simple_arbiter_unreal1_pb_8_8_pe_.ltl,TIMEOUT,17.133,124
simple_arbiter_unreal2_pb_10_pe_.ltl,TIMEOUT,17.082,124
simple_arbiter_unreal2_pb_25_pe_.ltl,TIMEOUT,17.05,124
simple_arbiter_unreal2_pb_2_pe_.ltl,UNREALIZABLE,0.019,1
simple_arbiter_unreal2_pb_3_pe_.ltl,UNREALIZABLE,0.039,1
simple_arbiter_unreal2_pb_4_pe_.ltl,UNREALIZABLE,0.433,1
simple_arbiter_unreal2_pb_50_pe_.ltl,ERROR,3.313,2
simple_arbiter_unreal2_pb_5_pe_.ltl,TIMEOUT,17.05,124
simple_arbiter_unreal2_pb_60_pe_.ltl,ERROR,0.074,2
simple_arbiter_unreal2_pb_6_pe_.ltl,TIMEOUT,17.077,124
simple_arbiter_unreal2_pb_75_pe_.ltl,ERROR,0.124,2
simple_arbiter_unreal2_pb_7_pe_.ltl,TIMEOUT,17.082,124
simple_arbiter_unreal2_pb_8_pe_.ltl,TIMEOUT,17.082,124
simple_arbiter_with_hints_pb_10_pe_.ltl,TIMEOUT,17.182,124
simple_arbiter_with_hints_pb_12_pe_.ltl,TIMEOUT,17.083,124
simple_arbiter_with_hints_pb_15_pe_.ltl,TIMEOUT,17.082,124
simple_arbiter_with_hints_pb_2_pe_.ltl,REALIZABLE,0.039,0
simple_arbiter_with_hints_pb_4_pe_.ltl,REALIZABLE,0.042,0
simple_arbiter_with_hints_pb_6_pe_.ltl,REALIZABLE,14.942,0
simple_arbiter_with_hints_pb_8_pe_.ltl,TIMEOUT,17.125,124
solitary-real.ltl,REALIZABLE,0.049,0
solitary0.ltl,UNREALIZABLE,0.038,1
sort4-real.ltl,TIMEOUT,17.05,124
sort40.ltl,UNREALIZABLE,1.333,1
sort41.ltl,UNREALIZABLE,11.303,1
sort42.ltl,TIMEOUT,17.132,124
sort50.ltl,TIMEOUT,17.133,124
sort51.ltl,TIMEOUT,17.082,124
sort52.ltl,TIMEOUT,17.083,124
sort53.ltl,TIMEOUT,17.076,124
square5x5-real.ltl,TIMEOUT,17.182,124
square5x50.ltl,TIMEOUT,17.05,124
square5x51.ltl,TIMEOUT,17.081,124
square5x52.ltl,TIMEOUT,17.082,124
square5x53.ltl,TIMEOUT,17.132,124
square5x54.ltl,TIMEOUT,17.131,124
storage-GF-64-real.ltl,REALIZABLE,0.037,0
tasks-real.ltl,REALIZABLE,0.064,0
tasks-unreal0.ltl,TIMEOUT,17.081,124
tasks-unreal1.ltl,TIMEOUT,17.131,124
tasks-unreal2.ltl,TIMEOUT,17.132,124
taxi-service-real.ltl,TIMEOUT,17.05,124
taxi-service-u-unreal.ltl,UNREALIZABLE,3.706,1
test2_f2774e0b.ltl,REALIZABLE,0.017,0
test3_efe2feaf.ltl,REALIZABLE,0.017,0
test4_4b82b1f4.ltl,UNREALIZABLE,0.016,1
test5_6cbc6174.ltl,REALIZABLE,0.017,0
test6_0f5381e9.ltl,REALIZABLE,0.018,0
test7_2c5b09da.ltl,REALIZABLE,0.016,0
test8_88f351a6.ltl,UNREALIZABLE,0.024,1
test9_dd3a27e1.ltl,UNREALIZABLE,0.031,1
test_f3987563.ltl,REALIZABLE,0.038,0
thermostat-F-real.ltl,REALIZABLE,1.327,0
thermostat-GF-real.ltl,TIMEOUT,17.131,124
thermostat-GF-unreal0.ltl,TIMEOUT,17.124,124
thermostat-GF-unreal1.ltl,TIMEOUT,17.082,124
thermostat-GF-unreal2.ltl,TIMEOUT,17.082,124
tmp_13cfc6f2.ltl,TIMEOUT,17.031,124
unordered-visits-charging0.ltl,TIMEOUT,17.049,124
unordered-visits-real.ltl,TIMEOUT,17.049,124
workstation_resupply_pb_1_pe_.ltl,REALIZABLE,0.032,0
workstation_resupply_pb_2_pe_.ltl,UNKNOWN,0.181,3
workstation_resupply_pb_3_pe_.ltl,TIMEOUT,17.028,124
workstation_resupply_pb_4_pe_.ltl,TIMEOUT,17.045,124
workstation_resupply_pb_5_pe_.ltl,TIMEOUT,17.048,124
workstation_resupply_pb_6_pe_.ltl,TIMEOUT,17.082,124
workstation_resupply_pb_7_pe_.ltl,TIMEOUT,17.082,124
