source	target	path	descent	paths	nodes	ratio	bdd_nodes
_bm-logs.alphabet-census-20260814/syntcomp24-action-construction.csv	Automata16S.ltl	real	input	4	4	1.0	478
_bm-logs.alphabet-census-20260814/syntcomp24-action-construction.csv	Automata16S.ltl	real	output	491	43	11.418604651162791	478
_bm-logs.alphabet-census-20260814/syntcomp24-action-construction.csv	FelixSpecFixed2_fa4d4ce3.ltl	unreal-formula	input	138022	2	69011.0	55
_bm-logs.alphabet-census-20260814/syntcomp24-action-construction.csv	FelixSpecFixed2_fa4d4ce3.ltl	unreal-formula	output	138022	2	69011.0	55
_bm-logs.alphabet-census-20260814/syntcomp24-action-construction.csv	FelixSpecFixed3_b0840146.ltl	unreal-formula	input	138022	2	69011.0	55
_bm-logs.alphabet-census-20260814/syntcomp24-action-construction.csv	FelixSpecFixed3_b0840146.ltl	unreal-formula	output	138022	2	69011.0	55
_bm-logs.alphabet-census-20260814/syntcomp24-action-construction.csv	abcg_arbiter3.ltl	real	input	8	8	1.0	204471
_bm-logs.alphabet-census-20260814/syntcomp24-action-construction.csv	abcg_arbiter3.ltl	real	output	18432	18432	1.0	204471
_bm-logs.alphabet-census-20260814/syntcomp24-action-construction.csv	abcg_arbiter3.ltl	unreal-formula	input	511	257	1.9883268482490273	726113
_bm-logs.alphabet-census-20260814/syntcomp24-action-construction.csv	abcg_arbiter3.ltl	unreal-formula	output	4088	2056	1.9883268482490273	726113
_bm-logs.alphabet-census-20260814/syntcomp24-action-construction.csv	amba_decomposed_lock15.ltl	real	input	983040	4	245760.0	196694
_bm-logs.alphabet-census-20260814/syntcomp24-action-construction.csv	amba_decomposed_lock15.ltl	real	output	1966080	8	245760.0	196694
_bm-logs.alphabet-census-20260814/syntcomp24-action-construction.csv	amba_decomposed_lock16.ltl	real	input	2097152	4	524288.0	393306
_bm-logs.alphabet-census-20260814/syntcomp24-action-construction.csv	amba_decomposed_lock16.ltl	real	output	4194304	8	524288.0	393306
_bm-logs.alphabet-census-20260814/syntcomp24-action-construction.csv	arbiter_with_buffer6.ltl	real	input	64	64	1.0	177267
_bm-logs.alphabet-census-20260814/syntcomp24-action-construction.csv	arbiter_with_buffer6.ltl	real	output	262144	262144	1.0	177267
_bm-logs.alphabet-census-20260814/syntcomp24-action-construction.csv	detector_unreal16.ltl	real	input	65536	65536	1.0	1389305
_bm-logs.alphabet-census-20260814/syntcomp24-action-construction.csv	detector_unreal16.ltl	real	output	131072	131072	1.0	1389305
_bm-logs.alphabet-census-20260814/syntcomp24-action-construction.csv	detector_unreal16.ltl	unreal-formula	input	2	2	1.0	1499952
_bm-logs.alphabet-census-20260814/syntcomp24-action-construction.csv	detector_unreal16.ltl	unreal-formula	output	131072	131072	1.0	1499952
_bm-logs.alphabet-census-20260814/syntcomp24-action-construction.csv	full_arbiter_enc8.ltl	real	input	8	8	1.0	2108
_bm-logs.alphabet-census-20260814/syntcomp24-action-construction.csv	full_arbiter_enc8.ltl	real	output	128	128	1.0	2108
_bm-logs.alphabet-census-20260814/syntcomp24-action-construction.csv	lift3.ltl	real	input	8	8	1.0	4896
_bm-logs.alphabet-census-20260814/syntcomp24-action-construction.csv	lift3.ltl	real	output	236	120	1.9666666666666666	4896
_bm-logs.alphabet-census-20260814/syntcomp24-action-construction.csv	lift3.ltl	unreal-formula	input	29	18	1.6111111111111112	4664
_bm-logs.alphabet-census-20260814/syntcomp24-action-construction.csv	lift3.ltl	unreal-formula	output	232	144	1.6111111111111112	4664
_bm-logs.alphabet-census-20260814/syntcomp24-action-construction.csv	lift4.ltl	real	input	16	16	1.0	20941
_bm-logs.alphabet-census-20260814/syntcomp24-action-construction.csv	lift4.ltl	real	output	480	297	1.6161616161616161	20941
_bm-logs.alphabet-census-20260814/syntcomp24-action-construction.csv	lift4.ltl	unreal-formula	input	29	25	1.16	24392
_bm-logs.alphabet-census-20260814/syntcomp24-action-construction.csv	lift4.ltl	unreal-formula	output	464	400	1.16	24392
_bm-logs.alphabet-census-20260814/syntcomp24-action-construction.csv	lift_unary_enc3.ltl	real	input	8	8	1.0	10366
_bm-logs.alphabet-census-20260814/syntcomp24-action-construction.csv	lift_unary_enc3.ltl	real	output	472	261	1.8084291187739463	10366
_bm-logs.alphabet-census-20260814/syntcomp24-action-construction.csv	lift_unary_enc3.ltl	unreal-formula	input	54	32	1.6875	21607
_bm-logs.alphabet-census-20260814/syntcomp24-action-construction.csv	lift_unary_enc3.ltl	unreal-formula	output	432	256	1.6875	21607
_bm-logs.alphabet-census-20260814/syntcomp24-action-construction.csv	lift_unary_enc4.ltl	real	input	16	16	1.0	87092
_bm-logs.alphabet-census-20260814/syntcomp24-action-construction.csv	lift_unary_enc4.ltl	real	output	1952	1134	1.7213403880070546	87092
_bm-logs.alphabet-census-20260814/syntcomp24-action-construction.csv	lift_unary_enc4.ltl	unreal-formula	input	106	70	1.5142857142857142	311213
_bm-logs.alphabet-census-20260814/syntcomp24-action-construction.csv	lift_unary_enc4.ltl	unreal-formula	output	1696	1120	1.5142857142857142	311213
_bm-logs.alphabet-census-20260814/syntcomp24-action-construction.csv	ltl2dba_theta14.ltl	real	input	49152	49152	1.0	1040074
_bm-logs.alphabet-census-20260814/syntcomp24-action-construction.csv	ltl2dba_theta14.ltl	real	output	98304	98304	1.0	1040074
_bm-logs.alphabet-census-20260814/syntcomp24-action-construction.csv	ltl2dba_theta14.ltl	unreal-formula	input	2	2	1.0	1050977
_bm-logs.alphabet-census-20260814/syntcomp24-action-construction.csv	ltl2dba_theta14.ltl	unreal-formula	output	98304	98304	1.0	1050977
_bm-logs.alphabet-census-20260814/syntcomp24-action-construction.csv	ltl2dba_theta16.ltl	real	input	196608	196608	1.0	4025782
_bm-logs.alphabet-census-20260814/syntcomp24-action-construction.csv	ltl2dba_theta16.ltl	real	output	393216	393216	1.0	4025782
_bm-logs.alphabet-census-20260814/syntcomp24-action-construction.csv	ltl2dba_theta16.ltl	unreal-formula	input	2	2	1.0	3854261
_bm-logs.alphabet-census-20260814/syntcomp24-action-construction.csv	ltl2dba_theta16.ltl	unreal-formula	output	393216	393216	1.0	3854261
_bm-logs.alphabet-census-20260814/syntcomp24-action-construction.csv	prioritized_arbiter_enc10.ltl	real	input	16	11	1.4545454545454546	2278
_bm-logs.alphabet-census-20260814/syntcomp24-action-construction.csv	prioritized_arbiter_enc10.ltl	real	output	256	176	1.4545454545454546	2278
_bm-logs.alphabet-census-20260814/syntcomp24-action-construction.csv	prioritized_arbiter_enc10.ltl	unreal-formula	input	16	16	1.0	3315610
_bm-logs.alphabet-census-20260814/syntcomp24-action-construction.csv	prioritized_arbiter_enc10.ltl	unreal-formula	output	256	176	1.4545454545454546	3315610
_bm-logs.alphabet-census-20260814/syntcomp24-action-construction.csv	prioritized_arbiter_enc8.ltl	real	input	8	8	1.0	1522
_bm-logs.alphabet-census-20260814/syntcomp24-action-construction.csv	prioritized_arbiter_enc8.ltl	real	output	128	128	1.0	1522
_bm-logs.alphabet-census-20260814/syntcomp24-action-construction.csv	prioritized_arbiter_enc8.ltl	unreal-formula	input	16	16	1.0	579210
_bm-logs.alphabet-census-20260814/syntcomp24-action-construction.csv	prioritized_arbiter_enc8.ltl	unreal-formula	output	128	128	1.0	579210
_bm-logs.alphabet-census-20260814/syntcomp24-action-construction.csv	robot_grid2_2.ltl	real	input	16	16	1.0	2749
_bm-logs.alphabet-census-20260814/syntcomp24-action-construction.csv	robot_grid2_2.ltl	real	output	367	168	2.1845238095238093	2749
_bm-logs.alphabet-census-20260814/syntcomp24-action-construction.csv	robot_grid2_2.ltl	unreal-formula	input	26	20	1.3	60155
_bm-logs.alphabet-census-20260814/syntcomp24-action-construction.csv	robot_grid2_2.ltl	unreal-formula	output	416	320	1.3	60155
_bm-logs.alphabet-census-20260814/syntcomp24-action-construction.csv	round_robin_arbiter4.ltl	real	input	16	16	1.0	22953
_bm-logs.alphabet-census-20260814/syntcomp24-action-construction.csv	round_robin_arbiter4.ltl	real	output	256	256	1.0	22953
_bm-logs.alphabet-census-20260814/syntcomp24-action-construction.csv	round_robin_arbiter4.ltl	unreal-formula	input	16	16	1.0	3676
_bm-logs.alphabet-census-20260814/syntcomp24-action-construction.csv	round_robin_arbiter4.ltl	unreal-formula	output	256	256	1.0	3676
_bm-logs.alphabet-census-20260814/syntcomp24-action-construction.csv	round_robin_arbiter6.ltl	real	input	64	64	1.0	1403124
_bm-logs.alphabet-census-20260814/syntcomp24-action-construction.csv	round_robin_arbiter6.ltl	real	output	4096	4096	1.0	1403124
_bm-logs.alphabet-census-20260814/syntcomp24-action-construction.csv	round_robin_arbiter6.ltl	unreal-formula	input	64	64	1.0	62750
_bm-logs.alphabet-census-20260814/syntcomp24-action-construction.csv	round_robin_arbiter6.ltl	unreal-formula	output	4096	4096	1.0	62750
_bm-logs.alphabet-census-20260814/syntcomp24-action-construction.csv	simple_arbiter_enc10.ltl	real	input	16	11	1.4545454545454546	1457
_bm-logs.alphabet-census-20260814/syntcomp24-action-construction.csv	simple_arbiter_enc10.ltl	real	output	256	176	1.4545454545454546	1457
_bm-logs.alphabet-census-20260814/syntcomp24-action-construction.csv	simple_arbiter_enc10.ltl	unreal-formula	input	16	16	1.0	2398643
_bm-logs.alphabet-census-20260814/syntcomp24-action-construction.csv	simple_arbiter_enc10.ltl	unreal-formula	output	256	176	1.4545454545454546	2398643
_bm-logs.alphabet-census-20260814/syntcomp24-action-construction.csv	simple_arbiter_enc8.ltl	real	input	8	8	1.0	636
_bm-logs.alphabet-census-20260814/syntcomp24-action-construction.csv	simple_arbiter_enc8.ltl	real	output	64	64	1.0	636
_bm-logs.alphabet-census-20260814/syntcomp24-action-construction.csv	simple_arbiter_enc8.ltl	unreal-formula	input	8	8	1.0	175209
_bm-logs.alphabet-census-20260814/syntcomp24-action-construction.csv	simple_arbiter_enc8.ltl	unreal-formula	output	64	64	1.0	175209
_bm-logs.alphabet-census-20260814/syntcomp24-action-construction.csv	simple_arbiter_with_hints10.ltl	real	input	1024	1024	1.0	70233
_bm-logs.alphabet-census-20260814/syntcomp24-action-construction.csv	simple_arbiter_with_hints10.ltl	real	output	1048576	1048576	1.0	70233
_bm-logs.alphabet-census-20260814/syntcomp24-action-construction.csv	simple_arbiter_with_hints8.ltl	real	input	256	256	1.0	14866
_bm-logs.alphabet-census-20260814/syntcomp24-action-construction.csv	simple_arbiter_with_hints8.ltl	real	output	65536	65536	1.0	14866
_bm-logs.alphabet-census-20260814/syntcomp24-action-construction.csv	simple_arbiter_with_hints8.ltl	unreal-formula	input	37	10	3.7	313467
_bm-logs.alphabet-census-20260814/syntcomp24-action-construction.csv	simple_arbiter_with_hints8.ltl	unreal-formula	output	9472	2560	3.7	313467
_bm-logs.alphabet-census-20260814/syntcomp24-action-construction.csv	workstation_resupply_3.ltl	real	input	8	8	1.0	18361
_bm-logs.alphabet-census-20260814/syntcomp24-action-construction.csv	workstation_resupply_3.ltl	real	output	5290	1748	3.026315789473684	18361
_bm-logs.alphabet-census-20260814/syntcomp24-action-construction.csv	workstation_resupply_3.ltl	unreal-formula	input	148	20	7.4	3017
_bm-logs.alphabet-census-20260814/syntcomp24-action-construction.csv	workstation_resupply_3.ltl	unreal-formula	output	1184	160	7.4	3017
_bm-logs.alphabet-census-20260814/syntcomp24-action-construction.csv	workstation_resupply_4.ltl	real	input	16	16	1.0	95682
_bm-logs.alphabet-census-20260814/syntcomp24-action-construction.csv	workstation_resupply_4.ltl	real	output	39558	9236	4.283022953659593	95682
_bm-logs.alphabet-census-20260814/syntcomp24-action-construction.csv	workstation_resupply_4.ltl	unreal-formula	input	224	24	9.333333333333334	7071
_bm-logs.alphabet-census-20260814/syntcomp24-action-construction.csv	workstation_resupply_4.ltl	unreal-formula	output	3584	384	9.333333333333334	7071
_bm-logs.alphabet-census-20260814/syntcomp25-fixpoint.csv	F-G-contradiction-111.ltl	real	input	705	558	1.2634408602150538	238661
_bm-logs.alphabet-census-20260814/syntcomp25-fixpoint.csv	F-G-contradiction-111.ltl	real	output	1281	942	1.3598726114649682	238661
_bm-logs.alphabet-census-20260814/syntcomp25-fixpoint.csv	F-G-contradiction-111.ltl	unreal-formula	input	4	3	1.3333333333333333	166116
_bm-logs.alphabet-census-20260814/syntcomp25-fixpoint.csv	F-G-contradiction-111.ltl	unreal-formula	output	201856	118282	1.706565665105426	166116
_bm-logs.alphabet-census-20260814/syntcomp25-fixpoint.csv	GF-G-contradiction4.ltl	real	input	336	266	1.263157894736842	47102
_bm-logs.alphabet-census-20260814/syntcomp25-fixpoint.csv	GF-G-contradiction4.ltl	real	output	615	521	1.1804222648752398	47102
_bm-logs.alphabet-census-20260814/syntcomp25-fixpoint.csv	GF-G-contradiction4.ltl	unreal-formula	input	4	4	1.0	49947
_bm-logs.alphabet-census-20260814/syntcomp25-fixpoint.csv	GF-G-contradiction4.ltl	unreal-formula	output	82136	35531	2.311671498128395	49947
_bm-logs.alphabet-census-20260814/syntcomp25-fixpoint.csv	LedMatrix.ltl	unreal-formula	input	7	4	1.75	77
_bm-logs.alphabet-census-20260814/syntcomp25-fixpoint.csv	LedMatrix.ltl	unreal-formula	output	28	16	1.75	77
_bm-logs.alphabet-census-20260814/syntcomp25-fixpoint.csv	amba_case_study_unreal_pb_2_pe_.ltl	real	input	36	36	1.0	16440
_bm-logs.alphabet-census-20260814/syntcomp25-fixpoint.csv	amba_case_study_unreal_pb_2_pe_.ltl	real	output	7936	6912	1.1481481481481481	16440
_bm-logs.alphabet-census-20260814/syntcomp25-fixpoint.csv	arbiter_pb_6_pe_.ltl	real	input	64	64	1.0	17498
_bm-logs.alphabet-census-20260814/syntcomp25-fixpoint.csv	arbiter_pb_6_pe_.ltl	real	output	4096	4096	1.0	17498
_bm-logs.alphabet-census-20260814/syntcomp25-fixpoint.csv	arbiter_with_buffer_pb_5_pe_.ltl	real	input	32	32	1.0	33887
_bm-logs.alphabet-census-20260814/syntcomp25-fixpoint.csv	arbiter_with_buffer_pb_5_pe_.ltl	real	output	32768	32768	1.0	33887
_bm-logs.alphabet-census-20260814/syntcomp25-fixpoint.csv	arbiter_with_cancel_pb_6_pe_.ltl	real	input	729	729	1.0	81348
_bm-logs.alphabet-census-20260814/syntcomp25-fixpoint.csv	arbiter_with_cancel_pb_6_pe_.ltl	real	output	46656	46656	1.0	81348
_bm-logs.alphabet-census-20260814/syntcomp25-fixpoint.csv	evasion0.ltl	real	input	972	825	1.1781818181818182	527130
_bm-logs.alphabet-census-20260814/syntcomp25-fixpoint.csv	evasion0.ltl	real	output	1620	1473	1.0997963340122199	527130
_bm-logs.alphabet-census-20260814/syntcomp25-fixpoint.csv	evasion0.ltl	unreal-formula	input	9	9	1.0	12832
_bm-logs.alphabet-census-20260814/syntcomp25-fixpoint.csv	evasion0.ltl	unreal-formula	output	22500	15572	1.4449011045466222	12832
_bm-logs.alphabet-census-20260814/syntcomp25-fixpoint.csv	f-real-real.ltl	real	input	468	244	1.9180327868852458	318835
_bm-logs.alphabet-census-20260814/syntcomp25-fixpoint.csv	f-real-real.ltl	real	output	1952	608	3.210526315789474	318835
_bm-logs.alphabet-census-20260814/syntcomp25-fixpoint.csv	f-real-real.ltl	unreal-formula	input	6	6	1.0	9466
_bm-logs.alphabet-census-20260814/syntcomp25-fixpoint.csv	f-real-real.ltl	unreal-formula	output	6480	2928	2.2131147540983607	9466
_bm-logs.alphabet-census-20260814/syntcomp25-fixpoint.csv	g-unreal-1-unreal.ltl	real	input	444	354	1.2542372881355932	12231
_bm-logs.alphabet-census-20260814/syntcomp25-fixpoint.csv	g-unreal-1-unreal.ltl	real	output	444	354	1.2542372881355932	12231
_bm-logs.alphabet-census-20260814/syntcomp25-fixpoint.csv	g-unreal-1-unreal.ltl	unreal-formula	input	1	1	1.0	7974
_bm-logs.alphabet-census-20260814/syntcomp25-fixpoint.csv	g-unreal-1-unreal.ltl	unreal-formula	output	1200	943	1.2725344644750796	7974
_bm-logs.alphabet-census-20260814/syntcomp25-fixpoint.csv	g-unreal-116.ltl	real	input	344	275	1.250909090909091	10014
_bm-logs.alphabet-census-20260814/syntcomp25-fixpoint.csv	g-unreal-116.ltl	real	output	344	275	1.250909090909091	10014
_bm-logs.alphabet-census-20260814/syntcomp25-fixpoint.csv	g-unreal-116.ltl	unreal-formula	input	1	1	1.0	7385
_bm-logs.alphabet-census-20260814/syntcomp25-fixpoint.csv	g-unreal-116.ltl	unreal-formula	output	1160	903	1.2846068660022147	7385
_bm-logs.alphabet-census-20260814/syntcomp25-fixpoint.csv	g-unreal-117.ltl	real	input	364	291	1.2508591065292096	10530
_bm-logs.alphabet-census-20260814/syntcomp25-fixpoint.csv	g-unreal-117.ltl	real	output	364	291	1.2508591065292096	10530
_bm-logs.alphabet-census-20260814/syntcomp25-fixpoint.csv	g-unreal-117.ltl	unreal-formula	input	1	1	1.0	7453
_bm-logs.alphabet-census-20260814/syntcomp25-fixpoint.csv	g-unreal-117.ltl	unreal-formula	output	1168	911	1.2821075740944017	7453
_bm-logs.alphabet-census-20260814/syntcomp25-fixpoint.csv	heim-double-x11.ltl	real	input	95	95	1.0	16873
_bm-logs.alphabet-census-20260814/syntcomp25-fixpoint.csv	heim-double-x11.ltl	real	output	106	106	1.0	16873
_bm-logs.alphabet-census-20260814/syntcomp25-fixpoint.csv	heim-double-x11.ltl	unreal-formula	input	2	2	1.0	85208
_bm-logs.alphabet-census-20260814/syntcomp25-fixpoint.csv	heim-double-x11.ltl	unreal-formula	output	32768	27399	1.1959560567903937	85208
_bm-logs.alphabet-census-20260814/syntcomp25-fixpoint.csv	heim-double-x9.ltl	real	input	79	79	1.0	14027
_bm-logs.alphabet-census-20260814/syntcomp25-fixpoint.csv	heim-double-x9.ltl	real	output	88	88	1.0	14027
_bm-logs.alphabet-census-20260814/syntcomp25-fixpoint.csv	heim-double-x9.ltl	unreal-formula	input	2	2	1.0	82984
_bm-logs.alphabet-census-20260814/syntcomp25-fixpoint.csv	heim-double-x9.ltl	unreal-formula	output	32768	26589	1.232389333935086	82984
_bm-logs.alphabet-census-20260814/syntcomp25-fixpoint.csv	infinite-race-u24.ltl	real	input	452	452	1.0	187542
_bm-logs.alphabet-census-20260814/syntcomp25-fixpoint.csv	infinite-race-u24.ltl	real	output	903	903	1.0	187542
_bm-logs.alphabet-census-20260814/syntcomp25-fixpoint.csv	infinite-race-u24.ltl	unreal-formula	input	2	2	1.0	144434
_bm-logs.alphabet-census-20260814/syntcomp25-fixpoint.csv	infinite-race-u24.ltl	unreal-formula	output	60228	28428	2.118615449556775	144434
_bm-logs.alphabet-census-20260814/syntcomp25-fixpoint.csv	lift_gr1_pb_3_pe_.ltl	real	input	16	16	1.0	8759
_bm-logs.alphabet-census-20260814/syntcomp25-fixpoint.csv	lift_gr1_pb_3_pe_.ltl	real	output	440	276	1.5942028985507246	8759
_bm-logs.alphabet-census-20260814/syntcomp25-fixpoint.csv	lift_gr1_pb_3_pe_.ltl	unreal-formula	input	27	15	1.8	3354
_bm-logs.alphabet-census-20260814/syntcomp25-fixpoint.csv	lift_gr1_pb_3_pe_.ltl	unreal-formula	output	432	240	1.8	3354
_bm-logs.alphabet-census-20260814/syntcomp25-fixpoint.csv	lift_pb_3_pe_.ltl	real	input	8	8	1.0	4896
_bm-logs.alphabet-census-20260814/syntcomp25-fixpoint.csv	lift_pb_3_pe_.ltl	real	output	236	120	1.9666666666666666	4896
_bm-logs.alphabet-census-20260814/syntcomp25-fixpoint.csv	lift_pb_3_pe_.ltl	unreal-formula	input	29	18	1.6111111111111112	4664
_bm-logs.alphabet-census-20260814/syntcomp25-fixpoint.csv	lift_pb_3_pe_.ltl	unreal-formula	output	232	144	1.6111111111111112	4664
_bm-logs.alphabet-census-20260814/syntcomp25-fixpoint.csv	load_balancer_unreal1_pb_6_4_pe_.ltl	real	input	128	128	1.0	68621
_bm-logs.alphabet-census-20260814/syntcomp25-fixpoint.csv	load_balancer_unreal1_pb_6_4_pe_.ltl	real	output	6528	6272	1.0408163265306123	68621
_bm-logs.alphabet-census-20260814/syntcomp25-fixpoint.csv	ltl2dba_C2_unreal_pb_16_pe_.ltl	real	input	65536	65536	1.0	1389305
_bm-logs.alphabet-census-20260814/syntcomp25-fixpoint.csv	ltl2dba_C2_unreal_pb_16_pe_.ltl	real	output	131072	131072	1.0	1389305
_bm-logs.alphabet-census-20260814/syntcomp25-fixpoint.csv	ltl2dba_C2_unreal_pb_16_pe_.ltl	unreal-formula	input	2	2	1.0	1499952
_bm-logs.alphabet-census-20260814/syntcomp25-fixpoint.csv	ltl2dba_C2_unreal_pb_16_pe_.ltl	unreal-formula	output	131072	131072	1.0	1499952
_bm-logs.alphabet-census-20260814/syntcomp25-fixpoint.csv	ltl2dba_theta_pb_14_pe_.ltl	real	input	49152	49152	1.0	1040074
_bm-logs.alphabet-census-20260814/syntcomp25-fixpoint.csv	ltl2dba_theta_pb_14_pe_.ltl	real	output	98304	98304	1.0	1040074
_bm-logs.alphabet-census-20260814/syntcomp25-fixpoint.csv	ltl2dba_theta_pb_14_pe_.ltl	unreal-formula	input	2	2	1.0	1050977
_bm-logs.alphabet-census-20260814/syntcomp25-fixpoint.csv	ltl2dba_theta_pb_14_pe_.ltl	unreal-formula	output	98304	98304	1.0	1050977
_bm-logs.alphabet-census-20260814/syntcomp25-fixpoint.csv	ltl2dba_theta_pb_16_pe_.ltl	real	input	196608	196608	1.0	4025782
_bm-logs.alphabet-census-20260814/syntcomp25-fixpoint.csv	ltl2dba_theta_pb_16_pe_.ltl	real	output	393216	393216	1.0	4025782
_bm-logs.alphabet-census-20260814/syntcomp25-fixpoint.csv	ltl2dba_theta_pb_16_pe_.ltl	unreal-formula	input	2	2	1.0	3854261
_bm-logs.alphabet-census-20260814/syntcomp25-fixpoint.csv	ltl2dba_theta_pb_16_pe_.ltl	unreal-formula	output	393216	393216	1.0	3854261
_bm-logs.alphabet-census-20260814/syntcomp25-fixpoint.csv	patrolling-alarm23.ltl	real	input	150	150	1.0	17029
_bm-logs.alphabet-census-20260814/syntcomp25-fixpoint.csv	patrolling-alarm23.ltl	real	output	1200	900	1.3333333333333333	17029
_bm-logs.alphabet-census-20260814/syntcomp25-fixpoint.csv	patrolling-alarm23.ltl	unreal-formula	input	8	6	1.3333333333333333	2376
_bm-logs.alphabet-census-20260814/syntcomp25-fixpoint.csv	patrolling-alarm23.ltl	unreal-formula	output	7524	2555	2.9448140900195696	2376
_bm-logs.alphabet-census-20260814/syntcomp25-fixpoint.csv	patrolling22.ltl	real	input	144	144	1.0	16413
_bm-logs.alphabet-census-20260814/syntcomp25-fixpoint.csv	patrolling22.ltl	real	output	1152	864	1.3333333333333333	16413
_bm-logs.alphabet-census-20260814/syntcomp25-fixpoint.csv	patrolling22.ltl	unreal-formula	input	8	6	1.3333333333333333	2277
_bm-logs.alphabet-census-20260814/syntcomp25-fixpoint.csv	patrolling22.ltl	unreal-formula	output	7968	2453	3.248267427639625	2277
_bm-logs.alphabet-census-20260814/syntcomp25-fixpoint.csv	prioritized_arbiter_pb_8_pe_.ltl	real	input	2	2	1.0	3891
_bm-logs.alphabet-census-20260814/syntcomp25-fixpoint.csv	prioritized_arbiter_pb_8_pe_.ltl	real	output	1024	1024	1.0	3891
_bm-logs.alphabet-census-20260814/syntcomp25-fixpoint.csv	prioritized_arbiter_pb_8_pe_.ltl	unreal-formula	input	46	11	4.181818181818182	498
_bm-logs.alphabet-census-20260814/syntcomp25-fixpoint.csv	prioritized_arbiter_pb_8_pe_.ltl	unreal-formula	output	92	22	4.181818181818182	498
_bm-logs.alphabet-census-20260814/syntcomp25-fixpoint.csv	robot-resource-2d1.ltl	real	input	300	237	1.2658227848101267	670875
_bm-logs.alphabet-census-20260814/syntcomp25-fixpoint.csv	robot-resource-2d1.ltl	real	output	552	345	1.6	670875
_bm-logs.alphabet-census-20260814/syntcomp25-fixpoint.csv	robot-resource-2d1.ltl	unreal-formula	input	8	4	2.0	23828
_bm-logs.alphabet-census-20260814/syntcomp25-fixpoint.csv	robot-resource-2d1.ltl	unreal-formula	output	89376	22650	3.945960264900662	23828
_bm-logs.alphabet-census-20260814/syntcomp25-fixpoint.csv	robot-to-target0.ltl	real	input	400	391	1.0230179028132993	322968
_bm-logs.alphabet-census-20260814/syntcomp25-fixpoint.csv	robot-to-target0.ltl	real	output	1225	811	1.5104808877928484	322968
_bm-logs.alphabet-census-20260814/syntcomp25-fixpoint.csv	round_robin_arbiter_pb_6_pe_.ltl	real	input	64	64	1.0	1403124
_bm-logs.alphabet-census-20260814/syntcomp25-fixpoint.csv	round_robin_arbiter_pb_6_pe_.ltl	real	output	4096	4096	1.0	1403124
_bm-logs.alphabet-census-20260814/syntcomp25-fixpoint.csv	round_robin_arbiter_pb_6_pe_.ltl	unreal-formula	input	64	64	1.0	62750
_bm-logs.alphabet-census-20260814/syntcomp25-fixpoint.csv	round_robin_arbiter_pb_6_pe_.ltl	unreal-formula	output	4096	4096	1.0	62750
_bm-logs.alphabet-census-20260814/syntcomp25-fixpoint.csv	square5x51.ltl	real	input	1755	1458	1.2037037037037037	1018924
_bm-logs.alphabet-census-20260814/syntcomp25-fixpoint.csv	square5x51.ltl	real	output	2835	2538	1.1170212765957446	1018924
_bm-logs.alphabet-census-20260814/syntcomp25-fixpoint.csv	square5x51.ltl	unreal-formula	input	9	9	1.0	27319
_bm-logs.alphabet-census-20260814/syntcomp25-fixpoint.csv	square5x51.ltl	unreal-formula	output	47952	31088	1.5424601132269686	27319
_bm-logs.alphabet-census-20260814/syntcomp25-fixpoint.csv	tasks-unreal0.ltl	real	input	168	168	1.0	1070487
_bm-logs.alphabet-census-20260814/syntcomp25-fixpoint.csv	tasks-unreal0.ltl	real	output	3571	2449	1.4581461821151491	1070487
_bm-logs.alphabet-census-20260814/syntcomp25-fixpoint.csv	tasks-unreal0.ltl	unreal-formula	input	32	24	1.3333333333333333	168002
_bm-logs.alphabet-census-20260814/syntcomp25-fixpoint.csv	tasks-unreal0.ltl	unreal-formula	output	131072	97118	1.34961593113532	168002
_bm-logs.alphabet-census-20260814/syntcomp25-fixpoint.csv	thermostat-F-real.ltl	real	input	114	87	1.3103448275862069	25072
_bm-logs.alphabet-census-20260814/syntcomp25-fixpoint.csv	thermostat-F-real.ltl	real	output	114	87	1.3103448275862069	25072
_bm-logs.alphabet-census-20260814/syntcomp25-fixpoint.csv	thermostat-F-real.ltl	unreal-formula	input	2	2	1.0	39408
_bm-logs.alphabet-census-20260814/syntcomp25-fixpoint.csv	thermostat-F-real.ltl	unreal-formula	output	18688	13696	1.3644859813084111	39408
_bm-logs.alphabet-census-20260814/syntcomp25-fixpoint.csv	tmp_13cfc6f2.ltl	real	input	22	19	1.1578947368421053	47254
_bm-logs.alphabet-census-20260814/syntcomp25-fixpoint.csv	tmp_13cfc6f2.ltl	real	output	1594	558	2.85663082437276	47254
_bm-logs.alphabet-census-20260814/syntcomp25-fixpoint.csv	tmp_13cfc6f2.ltl	unreal-formula	input	35	13	2.6923076923076925	2427
_bm-logs.alphabet-census-20260814/syntcomp25-fixpoint.csv	tmp_13cfc6f2.ltl	unreal-formula	output	667	378	1.7645502645502646	2427
_bm-logs.alphabet-census-20260814/syntcomp25-fixpoint.csv	workstation_resupply_pb_3_pe_.ltl	real	input	8	8	1.0	18361
_bm-logs.alphabet-census-20260814/syntcomp25-fixpoint.csv	workstation_resupply_pb_3_pe_.ltl	real	output	5290	1748	3.026315789473684	18361
_bm-logs.alphabet-census-20260814/syntcomp25-fixpoint.csv	workstation_resupply_pb_3_pe_.ltl	unreal-formula	input	148	20	7.4	3017
_bm-logs.alphabet-census-20260814/syntcomp25-fixpoint.csv	workstation_resupply_pb_3_pe_.ltl	unreal-formula	output	1184	160	7.4	3017
