target,diag_index,diag_kind,checkpoint,wrapper_returncode,wrapper_timed_out,wrapper_stdout_bytes,wrapper_stderr_bytes,pid,instance,path,translation_pref,rsimp_ms,rsimp_changed,syntactic_bypass,syntactic_bypass_ms,translation_ms,aut_states,aut_edges,fast_class,fast_class_ms,fast_solve_ms,fast_verdict,preproc,preproc_ms,preproc_states_before,preproc_states_after,preproc_edges_before,preproc_edges_after,cap_census_ms,cap_k,cap_states_at_k,cap_states_finite,cap_states_zero,cap_counting_states,cap_finite_counting_states,simulation_census_ms,simulation_states_after,simulation_states_removed,bool_threshold,bitset_threshold,max_f,max_f_size,loops,k_attempts,cpre_ms,picker_ms,apply_ms,downset_ms,actions_seen,meets_computed,meet_batches,alphabet_input_paths,alphabet_input_nodes,alphabet_output_paths,alphabet_output_nodes,alphabet_bdd_nodes,equivariant,eq_clients,eq_blocks,eq_orbits,sym_families,sym_indices,sym_matrix,sym_subsets,sym_selected,sym_orbit_sizes,sym_blocks,sym_shared,solve_ms,total_ms,result,final_reason,source_format,tlsf_effective_target,tlsf_gr_level,tlsf_semantics,tlsf_target
Automata16S.ltl,1,final,final,124,1,0,8839,1143632,Automata16S.ltl,real,small,2,0,fallback,0,54562,18,53,not-run,0,0,fallback,unknown,0,0,0,0,0,0,0,0,0,0,0,0,0,0,0,0,0,0,0,0,0,0,0,0,0,0,0,0,4,4,491,43,478,not-run,0,0,0,-,-,-,-,-,-,-,-,0,54567,unknown,alphabet-census-only,ltl,-,-1,-,-
Automata16S.ltl,2,progress,after-decomposition,124,1,0,8839,1143632,Automata16S.ltl,real,small,2,0,fallback,0,0,0,0,not-run,0,0,fallback,unknown,0,0,0,0,0,0,0,0,0,0,0,0,0,0,0,0,0,0,0,0,0,0,0,0,0,0,0,0,0,0,0,0,0,not-run,0,0,0,-,-,-,-,-,-,-,-,0,3,unknown,unknown,ltl,-,-1,-,-
Automata16S.ltl,3,progress,after-rsimp,124,1,0,8839,1143632,Automata16S.ltl,real,small,2,0,not-run,0,0,0,0,not-run,0,0,fallback,unknown,0,0,0,0,0,0,0,0,0,0,0,0,0,0,0,0,0,0,0,0,0,0,0,0,0,0,0,0,0,0,0,0,0,not-run,0,0,0,-,-,-,-,-,-,-,-,0,3,unknown,unknown,ltl,-,-1,-,-
Automata16S.ltl,4,progress,after-translation,124,1,0,8839,1143632,Automata16S.ltl,real,small,2,0,fallback,0,54562,18,53,not-run,0,0,fallback,unknown,0,0,0,0,0,0,0,0,0,0,0,0,0,0,0,0,0,0,0,0,0,0,0,0,0,0,0,0,0,0,0,0,0,not-run,0,0,0,-,-,-,-,-,-,-,-,0,54565,unknown,unknown,ltl,-,-1,-,-
Automata16S.ltl,5,progress,alphabet-census,124,1,0,8839,1143632,Automata16S.ltl,real,small,2,0,fallback,0,54562,18,53,not-run,0,0,fallback,unknown,0,0,0,0,0,0,0,0,0,0,0,0,0,0,0,0,0,0,0,0,0,0,0,0,0,0,0,0,4,4,491,43,478,not-run,0,0,0,-,-,-,-,-,-,-,-,0,54567,unknown,unknown,ltl,-,-1,-,-
Automata16S.ltl,6,progress,after-decomposition,124,1,0,8839,1143633,Automata16S.ltl,unreal-formula,small,2,0,fallback,0,0,0,0,not-run,0,0,fallback,unknown,0,0,0,0,0,0,0,0,0,0,0,0,0,0,0,0,0,0,0,0,0,0,0,0,0,0,0,0,0,0,0,0,0,not-run,0,0,0,-,-,-,-,-,-,-,-,0,3,unknown,unknown,ltl,-,-1,-,-
Automata16S.ltl,7,progress,after-rsimp,124,1,0,8839,1143633,Automata16S.ltl,unreal-formula,small,2,0,not-run,0,0,0,0,not-run,0,0,fallback,unknown,0,0,0,0,0,0,0,0,0,0,0,0,0,0,0,0,0,0,0,0,0,0,0,0,0,0,0,0,0,0,0,0,0,not-run,0,0,0,-,-,-,-,-,-,-,-,0,3,unknown,unknown,ltl,-,-1,-,-
FelixSpecFixed2_fa4d4ce3.ltl,1,final,final,124,1,0,8948,1144205,FelixSpecFixed2_fa4d4ce3.ltl,unreal-formula,small,2,1,fallback,0,55,2,2,not-run,0,0,fallback,unknown,0,0,0,0,0,0,0,0,0,0,0,0,0,0,0,0,0,0,0,0,0,0,0,0,0,0,0,0,138022,2,138022,2,55,not-run,0,0,0,-,-,-,-,-,-,-,-,0,59,unknown,alphabet-census-only,ltl,-,-1,-,-
FelixSpecFixed2_fa4d4ce3.ltl,2,progress,after-decomposition,124,1,0,8948,1144204,FelixSpecFixed2_fa4d4ce3.ltl,real,small,3,1,fallback,0,0,0,0,not-run,0,0,fallback,unknown,0,0,0,0,0,0,0,0,0,0,0,0,0,0,0,0,0,0,0,0,0,0,0,0,0,0,0,0,0,0,0,0,0,not-run,0,0,0,-,-,-,-,-,-,-,-,0,4,unknown,unknown,ltl,-,-1,-,-
FelixSpecFixed2_fa4d4ce3.ltl,3,progress,after-rsimp,124,1,0,8948,1144204,FelixSpecFixed2_fa4d4ce3.ltl,real,small,3,1,not-run,0,0,0,0,not-run,0,0,fallback,unknown,0,0,0,0,0,0,0,0,0,0,0,0,0,0,0,0,0,0,0,0,0,0,0,0,0,0,0,0,0,0,0,0,0,not-run,0,0,0,-,-,-,-,-,-,-,-,0,3,unknown,unknown,ltl,-,-1,-,-
FelixSpecFixed2_fa4d4ce3.ltl,4,progress,after-decomposition,124,1,0,8948,1144205,FelixSpecFixed2_fa4d4ce3.ltl,unreal-formula,small,2,1,fallback,0,0,0,0,not-run,0,0,fallback,unknown,0,0,0,0,0,0,0,0,0,0,0,0,0,0,0,0,0,0,0,0,0,0,0,0,0,0,0,0,0,0,0,0,0,not-run,0,0,0,-,-,-,-,-,-,-,-,0,3,unknown,unknown,ltl,-,-1,-,-
FelixSpecFixed2_fa4d4ce3.ltl,5,progress,after-rsimp,124,1,0,8948,1144205,FelixSpecFixed2_fa4d4ce3.ltl,unreal-formula,small,2,1,not-run,0,0,0,0,not-run,0,0,fallback,unknown,0,0,0,0,0,0,0,0,0,0,0,0,0,0,0,0,0,0,0,0,0,0,0,0,0,0,0,0,0,0,0,0,0,not-run,0,0,0,-,-,-,-,-,-,-,-,0,3,unknown,unknown,ltl,-,-1,-,-
FelixSpecFixed2_fa4d4ce3.ltl,6,progress,after-translation,124,1,0,8948,1144205,FelixSpecFixed2_fa4d4ce3.ltl,unreal-formula,small,2,1,fallback,0,55,2,2,not-run,0,0,fallback,unknown,0,0,0,0,0,0,0,0,0,0,0,0,0,0,0,0,0,0,0,0,0,0,0,0,0,0,0,0,0,0,0,0,0,not-run,0,0,0,-,-,-,-,-,-,-,-,0,59,unknown,unknown,ltl,-,-1,-,-
FelixSpecFixed2_fa4d4ce3.ltl,7,progress,alphabet-census,124,1,0,8948,1144205,FelixSpecFixed2_fa4d4ce3.ltl,unreal-formula,small,2,1,fallback,0,55,2,2,not-run,0,0,fallback,unknown,0,0,0,0,0,0,0,0,0,0,0,0,0,0,0,0,0,0,0,0,0,0,0,0,0,0,0,0,138022,2,138022,2,55,not-run,0,0,0,-,-,-,-,-,-,-,-,0,59,unknown,unknown,ltl,-,-1,-,-
FelixSpecFixed3_b0840146.ltl,1,final,final,124,1,0,8948,1144651,FelixSpecFixed3_b0840146.ltl,unreal-formula,small,2,1,fallback,0,57,2,2,not-run,0,0,fallback,unknown,0,0,0,0,0,0,0,0,0,0,0,0,0,0,0,0,0,0,0,0,0,0,0,0,0,0,0,0,138022,2,138022,2,55,not-run,0,0,0,-,-,-,-,-,-,-,-,0,61,unknown,alphabet-census-only,ltl,-,-1,-,-
FelixSpecFixed3_b0840146.ltl,2,progress,after-decomposition,124,1,0,8948,1144650,FelixSpecFixed3_b0840146.ltl,real,small,2,1,fallback,0,0,0,0,not-run,0,0,fallback,unknown,0,0,0,0,0,0,0,0,0,0,0,0,0,0,0,0,0,0,0,0,0,0,0,0,0,0,0,0,0,0,0,0,0,not-run,0,0,0,-,-,-,-,-,-,-,-,0,3,unknown,unknown,ltl,-,-1,-,-
FelixSpecFixed3_b0840146.ltl,3,progress,after-rsimp,124,1,0,8948,1144650,FelixSpecFixed3_b0840146.ltl,real,small,2,1,not-run,0,0,0,0,not-run,0,0,fallback,unknown,0,0,0,0,0,0,0,0,0,0,0,0,0,0,0,0,0,0,0,0,0,0,0,0,0,0,0,0,0,0,0,0,0,not-run,0,0,0,-,-,-,-,-,-,-,-,0,3,unknown,unknown,ltl,-,-1,-,-
FelixSpecFixed3_b0840146.ltl,4,progress,after-decomposition,124,1,0,8948,1144651,FelixSpecFixed3_b0840146.ltl,unreal-formula,small,2,1,fallback,0,0,0,0,not-run,0,0,fallback,unknown,0,0,0,0,0,0,0,0,0,0,0,0,0,0,0,0,0,0,0,0,0,0,0,0,0,0,0,0,0,0,0,0,0,not-run,0,0,0,-,-,-,-,-,-,-,-,0,3,unknown,unknown,ltl,-,-1,-,-
FelixSpecFixed3_b0840146.ltl,5,progress,after-rsimp,124,1,0,8948,1144651,FelixSpecFixed3_b0840146.ltl,unreal-formula,small,2,1,not-run,0,0,0,0,not-run,0,0,fallback,unknown,0,0,0,0,0,0,0,0,0,0,0,0,0,0,0,0,0,0,0,0,0,0,0,0,0,0,0,0,0,0,0,0,0,not-run,0,0,0,-,-,-,-,-,-,-,-,0,3,unknown,unknown,ltl,-,-1,-,-
FelixSpecFixed3_b0840146.ltl,6,progress,after-translation,124,1,0,8948,1144651,FelixSpecFixed3_b0840146.ltl,unreal-formula,small,2,1,fallback,0,57,2,2,not-run,0,0,fallback,unknown,0,0,0,0,0,0,0,0,0,0,0,0,0,0,0,0,0,0,0,0,0,0,0,0,0,0,0,0,0,0,0,0,0,not-run,0,0,0,-,-,-,-,-,-,-,-,0,60,unknown,unknown,ltl,-,-1,-,-
FelixSpecFixed3_b0840146.ltl,7,progress,alphabet-census,124,1,0,8948,1144651,FelixSpecFixed3_b0840146.ltl,unreal-formula,small,2,1,fallback,0,57,2,2,not-run,0,0,fallback,unknown,0,0,0,0,0,0,0,0,0,0,0,0,0,0,0,0,0,0,0,0,0,0,0,0,0,0,0,0,138022,2,138022,2,55,not-run,0,0,0,-,-,-,-,-,-,-,-,0,61,unknown,unknown,ltl,-,-1,-,-
abcg_arbiter3.ltl,1,final,final,2,0,0,12735,1144813,abcg_arbiter3.ltl,real,small,2,0,fallback,0,526,33,92,not-run,0,0,fallback,unknown,0,0,0,0,0,0,0,0,0,0,0,0,0,0,0,0,0,0,0,0,0,0,0,0,0,0,0,0,8,8,18432,18432,204471,not-run,0,0,0,-,-,-,-,-,-,-,-,0,602,unknown,alphabet-census-only,ltl,-,-1,-,-
abcg_arbiter3.ltl,2,final,final,2,0,0,12735,1144814,abcg_arbiter3.ltl,unreal-formula,small,2,0,fallback,0,27463,10244,420235,not-run,0,0,fallback,unknown,0,0,0,0,0,0,0,0,0,0,0,0,0,0,0,0,0,0,0,0,0,0,0,0,0,0,0,0,511,257,4088,2056,726113,not-run,0,0,0,-,-,-,-,-,-,-,-,0,29921,unknown,alphabet-census-only,ltl,-,-1,-,-
abcg_arbiter3.ltl,3,progress,after-decomposition,2,0,0,12735,1144813,abcg_arbiter3.ltl,real,small,2,0,fallback,0,0,0,0,not-run,0,0,fallback,unknown,0,0,0,0,0,0,0,0,0,0,0,0,0,0,0,0,0,0,0,0,0,0,0,0,0,0,0,0,0,0,0,0,0,not-run,0,0,0,-,-,-,-,-,-,-,-,0,3,unknown,unknown,ltl,-,-1,-,-
abcg_arbiter3.ltl,4,progress,after-rsimp,2,0,0,12735,1144813,abcg_arbiter3.ltl,real,small,2,0,not-run,0,0,0,0,not-run,0,0,fallback,unknown,0,0,0,0,0,0,0,0,0,0,0,0,0,0,0,0,0,0,0,0,0,0,0,0,0,0,0,0,0,0,0,0,0,not-run,0,0,0,-,-,-,-,-,-,-,-,0,2,unknown,unknown,ltl,-,-1,-,-
abcg_arbiter3.ltl,5,progress,after-translation,2,0,0,12735,1144813,abcg_arbiter3.ltl,real,small,2,0,fallback,0,526,33,92,not-run,0,0,fallback,unknown,0,0,0,0,0,0,0,0,0,0,0,0,0,0,0,0,0,0,0,0,0,0,0,0,0,0,0,0,0,0,0,0,0,not-run,0,0,0,-,-,-,-,-,-,-,-,0,529,unknown,unknown,ltl,-,-1,-,-
abcg_arbiter3.ltl,6,progress,alphabet-census,2,0,0,12735,1144813,abcg_arbiter3.ltl,real,small,2,0,fallback,0,526,33,92,not-run,0,0,fallback,unknown,0,0,0,0,0,0,0,0,0,0,0,0,0,0,0,0,0,0,0,0,0,0,0,0,0,0,0,0,8,8,18432,18432,204471,not-run,0,0,0,-,-,-,-,-,-,-,-,0,601,unknown,unknown,ltl,-,-1,-,-
abcg_arbiter3.ltl,7,progress,after-decomposition,2,0,0,12735,1144814,abcg_arbiter3.ltl,unreal-formula,small,2,0,fallback,0,0,0,0,not-run,0,0,fallback,unknown,0,0,0,0,0,0,0,0,0,0,0,0,0,0,0,0,0,0,0,0,0,0,0,0,0,0,0,0,0,0,0,0,0,not-run,0,0,0,-,-,-,-,-,-,-,-,0,3,unknown,unknown,ltl,-,-1,-,-
abcg_arbiter3.ltl,8,progress,after-rsimp,2,0,0,12735,1144814,abcg_arbiter3.ltl,unreal-formula,small,2,0,not-run,0,0,0,0,not-run,0,0,fallback,unknown,0,0,0,0,0,0,0,0,0,0,0,0,0,0,0,0,0,0,0,0,0,0,0,0,0,0,0,0,0,0,0,0,0,not-run,0,0,0,-,-,-,-,-,-,-,-,0,2,unknown,unknown,ltl,-,-1,-,-
abcg_arbiter3.ltl,9,progress,after-translation,2,0,0,12735,1144814,abcg_arbiter3.ltl,unreal-formula,small,2,0,fallback,0,27463,10244,420235,not-run,0,0,fallback,unknown,0,0,0,0,0,0,0,0,0,0,0,0,0,0,0,0,0,0,0,0,0,0,0,0,0,0,0,0,0,0,0,0,0,not-run,0,0,0,-,-,-,-,-,-,-,-,0,27467,unknown,unknown,ltl,-,-1,-,-
abcg_arbiter3.ltl,10,progress,alphabet-census,2,0,0,12735,1144814,abcg_arbiter3.ltl,unreal-formula,small,2,0,fallback,0,27463,10244,420235,not-run,0,0,fallback,unknown,0,0,0,0,0,0,0,0,0,0,0,0,0,0,0,0,0,0,0,0,0,0,0,0,0,0,0,0,511,257,4088,2056,726113,not-run,0,0,0,-,-,-,-,-,-,-,-,0,29919,unknown,unknown,ltl,-,-1,-,-
amba_decomposed_lock15.ltl,1,final,final,124,1,0,8919,1144832,amba_decomposed_lock15.ltl,real,small,2,0,fallback,0,52,5,14,not-run,0,0,fallback,unknown,0,0,0,0,0,0,0,0,0,0,0,0,0,0,0,0,0,0,0,0,0,0,0,0,0,0,0,0,983040,4,1966080,8,196694,not-run,0,0,0,-,-,-,-,-,-,-,-,0,398,unknown,alphabet-census-only,ltl,-,-1,-,-
amba_decomposed_lock15.ltl,2,progress,after-decomposition,124,1,0,8919,1144832,amba_decomposed_lock15.ltl,real,small,2,0,fallback,0,0,0,0,not-run,0,0,fallback,unknown,0,0,0,0,0,0,0,0,0,0,0,0,0,0,0,0,0,0,0,0,0,0,0,0,0,0,0,0,0,0,0,0,0,not-run,0,0,0,-,-,-,-,-,-,-,-,0,3,unknown,unknown,ltl,-,-1,-,-
amba_decomposed_lock15.ltl,3,progress,after-rsimp,124,1,0,8919,1144832,amba_decomposed_lock15.ltl,real,small,2,0,not-run,0,0,0,0,not-run,0,0,fallback,unknown,0,0,0,0,0,0,0,0,0,0,0,0,0,0,0,0,0,0,0,0,0,0,0,0,0,0,0,0,0,0,0,0,0,not-run,0,0,0,-,-,-,-,-,-,-,-,0,2,unknown,unknown,ltl,-,-1,-,-
amba_decomposed_lock15.ltl,4,progress,after-translation,124,1,0,8919,1144832,amba_decomposed_lock15.ltl,real,small,2,0,fallback,0,52,5,14,not-run,0,0,fallback,unknown,0,0,0,0,0,0,0,0,0,0,0,0,0,0,0,0,0,0,0,0,0,0,0,0,0,0,0,0,0,0,0,0,0,not-run,0,0,0,-,-,-,-,-,-,-,-,0,55,unknown,unknown,ltl,-,-1,-,-
amba_decomposed_lock15.ltl,5,progress,alphabet-census,124,1,0,8919,1144832,amba_decomposed_lock15.ltl,real,small,2,0,fallback,0,52,5,14,not-run,0,0,fallback,unknown,0,0,0,0,0,0,0,0,0,0,0,0,0,0,0,0,0,0,0,0,0,0,0,0,0,0,0,0,983040,4,1966080,8,196694,not-run,0,0,0,-,-,-,-,-,-,-,-,0,382,unknown,unknown,ltl,-,-1,-,-
amba_decomposed_lock15.ltl,6,progress,after-decomposition,124,1,0,8919,1144833,amba_decomposed_lock15.ltl,unreal-formula,small,2,0,fallback,0,0,0,0,not-run,0,0,fallback,unknown,0,0,0,0,0,0,0,0,0,0,0,0,0,0,0,0,0,0,0,0,0,0,0,0,0,0,0,0,0,0,0,0,0,not-run,0,0,0,-,-,-,-,-,-,-,-,0,3,unknown,unknown,ltl,-,-1,-,-
amba_decomposed_lock15.ltl,7,progress,after-rsimp,124,1,0,8919,1144833,amba_decomposed_lock15.ltl,unreal-formula,small,2,0,not-run,0,0,0,0,not-run,0,0,fallback,unknown,0,0,0,0,0,0,0,0,0,0,0,0,0,0,0,0,0,0,0,0,0,0,0,0,0,0,0,0,0,0,0,0,0,not-run,0,0,0,-,-,-,-,-,-,-,-,0,2,unknown,unknown,ltl,-,-1,-,-
amba_decomposed_lock16.ltl,1,final,final,124,1,0,8927,1144932,amba_decomposed_lock16.ltl,real,small,2,0,fallback,0,199,5,14,not-run,0,0,fallback,unknown,0,0,0,0,0,0,0,0,0,0,0,0,0,0,0,0,0,0,0,0,0,0,0,0,0,0,0,0,2097152,4,4194304,8,393306,not-run,0,0,0,-,-,-,-,-,-,-,-,0,1082,unknown,alphabet-census-only,ltl,-,-1,-,-
amba_decomposed_lock16.ltl,2,progress,after-decomposition,124,1,0,8927,1144932,amba_decomposed_lock16.ltl,real,small,2,0,fallback,0,0,0,0,not-run,0,0,fallback,unknown,0,0,0,0,0,0,0,0,0,0,0,0,0,0,0,0,0,0,0,0,0,0,0,0,0,0,0,0,0,0,0,0,0,not-run,0,0,0,-,-,-,-,-,-,-,-,0,2,unknown,unknown,ltl,-,-1,-,-
amba_decomposed_lock16.ltl,3,progress,after-rsimp,124,1,0,8927,1144932,amba_decomposed_lock16.ltl,real,small,2,0,not-run,0,0,0,0,not-run,0,0,fallback,unknown,0,0,0,0,0,0,0,0,0,0,0,0,0,0,0,0,0,0,0,0,0,0,0,0,0,0,0,0,0,0,0,0,0,not-run,0,0,0,-,-,-,-,-,-,-,-,0,2,unknown,unknown,ltl,-,-1,-,-
amba_decomposed_lock16.ltl,4,progress,after-translation,124,1,0,8927,1144932,amba_decomposed_lock16.ltl,real,small,2,0,fallback,0,199,5,14,not-run,0,0,fallback,unknown,0,0,0,0,0,0,0,0,0,0,0,0,0,0,0,0,0,0,0,0,0,0,0,0,0,0,0,0,0,0,0,0,0,not-run,0,0,0,-,-,-,-,-,-,-,-,0,202,unknown,unknown,ltl,-,-1,-,-
amba_decomposed_lock16.ltl,5,progress,alphabet-census,124,1,0,8927,1144932,amba_decomposed_lock16.ltl,real,small,2,0,fallback,0,199,5,14,not-run,0,0,fallback,unknown,0,0,0,0,0,0,0,0,0,0,0,0,0,0,0,0,0,0,0,0,0,0,0,0,0,0,0,0,2097152,4,4194304,8,393306,not-run,0,0,0,-,-,-,-,-,-,-,-,0,1054,unknown,unknown,ltl,-,-1,-,-
amba_decomposed_lock16.ltl,6,progress,after-decomposition,124,1,0,8927,1144933,amba_decomposed_lock16.ltl,unreal-formula,small,2,0,fallback,0,0,0,0,not-run,0,0,fallback,unknown,0,0,0,0,0,0,0,0,0,0,0,0,0,0,0,0,0,0,0,0,0,0,0,0,0,0,0,0,0,0,0,0,0,not-run,0,0,0,-,-,-,-,-,-,-,-,0,2,unknown,unknown,ltl,-,-1,-,-
amba_decomposed_lock16.ltl,7,progress,after-rsimp,124,1,0,8927,1144933,amba_decomposed_lock16.ltl,unreal-formula,small,2,0,not-run,0,0,0,0,not-run,0,0,fallback,unknown,0,0,0,0,0,0,0,0,0,0,0,0,0,0,0,0,0,0,0,0,0,0,0,0,0,0,0,0,0,0,0,0,0,not-run,0,0,0,-,-,-,-,-,-,-,-,0,2,unknown,unknown,ltl,-,-1,-,-
arbiter_with_buffer6.ltl,1,final,final,124,1,0,8906,1145007,arbiter_with_buffer6.ltl,real,small,2,1,fallback,0,6,20,51,not-run,0,0,fallback,unknown,0,0,0,0,0,0,0,0,0,0,0,0,0,0,0,0,0,0,0,0,0,0,0,0,0,0,0,0,64,64,262144,262144,177267,not-run,0,0,0,-,-,-,-,-,-,-,-,0,138,unknown,alphabet-census-only,ltl,-,-1,-,-
arbiter_with_buffer6.ltl,2,progress,after-decomposition,124,1,0,8906,1145007,arbiter_with_buffer6.ltl,real,small,2,1,fallback,0,0,0,0,not-run,0,0,fallback,unknown,0,0,0,0,0,0,0,0,0,0,0,0,0,0,0,0,0,0,0,0,0,0,0,0,0,0,0,0,0,0,0,0,0,not-run,0,0,0,-,-,-,-,-,-,-,-,0,2,unknown,unknown,ltl,-,-1,-,-
arbiter_with_buffer6.ltl,3,progress,after-rsimp,124,1,0,8906,1145007,arbiter_with_buffer6.ltl,real,small,2,1,not-run,0,0,0,0,not-run,0,0,fallback,unknown,0,0,0,0,0,0,0,0,0,0,0,0,0,0,0,0,0,0,0,0,0,0,0,0,0,0,0,0,0,0,0,0,0,not-run,0,0,0,-,-,-,-,-,-,-,-,0,2,unknown,unknown,ltl,-,-1,-,-
arbiter_with_buffer6.ltl,4,progress,after-translation,124,1,0,8906,1145007,arbiter_with_buffer6.ltl,real,small,2,1,fallback,0,6,20,51,not-run,0,0,fallback,unknown,0,0,0,0,0,0,0,0,0,0,0,0,0,0,0,0,0,0,0,0,0,0,0,0,0,0,0,0,0,0,0,0,0,not-run,0,0,0,-,-,-,-,-,-,-,-,0,9,unknown,unknown,ltl,-,-1,-,-
arbiter_with_buffer6.ltl,5,progress,alphabet-census,124,1,0,8906,1145007,arbiter_with_buffer6.ltl,real,small,2,1,fallback,0,6,20,51,not-run,0,0,fallback,unknown,0,0,0,0,0,0,0,0,0,0,0,0,0,0,0,0,0,0,0,0,0,0,0,0,0,0,0,0,64,64,262144,262144,177267,not-run,0,0,0,-,-,-,-,-,-,-,-,0,136,unknown,unknown,ltl,-,-1,-,-
arbiter_with_buffer6.ltl,6,progress,after-decomposition,124,1,0,8906,1145008,arbiter_with_buffer6.ltl,unreal-formula,small,2,1,fallback,0,0,0,0,not-run,0,0,fallback,unknown,0,0,0,0,0,0,0,0,0,0,0,0,0,0,0,0,0,0,0,0,0,0,0,0,0,0,0,0,0,0,0,0,0,not-run,0,0,0,-,-,-,-,-,-,-,-,0,2,unknown,unknown,ltl,-,-1,-,-
arbiter_with_buffer6.ltl,7,progress,after-rsimp,124,1,0,8906,1145008,arbiter_with_buffer6.ltl,unreal-formula,small,2,1,not-run,0,0,0,0,not-run,0,0,fallback,unknown,0,0,0,0,0,0,0,0,0,0,0,0,0,0,0,0,0,0,0,0,0,0,0,0,0,0,0,0,0,0,0,0,0,not-run,0,0,0,-,-,-,-,-,-,-,-,0,2,unknown,unknown,ltl,-,-1,-,-
detector_unreal16.ltl,1,final,final,2,0,0,12792,1145063,detector_unreal16.ltl,real,small,2,0,fallback,0,8266,54,277,not-run,0,0,fallback,unknown,0,0,0,0,0,0,0,0,0,0,0,0,0,0,0,0,0,0,0,0,0,0,0,0,0,0,0,0,65536,65536,131072,131072,1389305,not-run,0,0,0,-,-,-,-,-,-,-,-,0,10189,unknown,alphabet-census-only,ltl,-,-1,-,-
detector_unreal16.ltl,2,final,final,2,0,0,12792,1145064,detector_unreal16.ltl,unreal-formula,small,2,0,fallback,0,23758,53,172,not-run,0,0,fallback,unknown,0,0,0,0,0,0,0,0,0,0,0,0,0,0,0,0,0,0,0,0,0,0,0,0,0,0,0,0,2,2,131072,131072,1499952,not-run,0,0,0,-,-,-,-,-,-,-,-,0,25249,unknown,alphabet-census-only,ltl,-,-1,-,-
detector_unreal16.ltl,3,progress,after-decomposition,2,0,0,12792,1145063,detector_unreal16.ltl,real,small,2,0,fallback,0,0,0,0,not-run,0,0,fallback,unknown,0,0,0,0,0,0,0,0,0,0,0,0,0,0,0,0,0,0,0,0,0,0,0,0,0,0,0,0,0,0,0,0,0,not-run,0,0,0,-,-,-,-,-,-,-,-,0,3,unknown,unknown,ltl,-,-1,-,-
detector_unreal16.ltl,4,progress,after-rsimp,2,0,0,12792,1145063,detector_unreal16.ltl,real,small,2,0,not-run,0,0,0,0,not-run,0,0,fallback,unknown,0,0,0,0,0,0,0,0,0,0,0,0,0,0,0,0,0,0,0,0,0,0,0,0,0,0,0,0,0,0,0,0,0,not-run,0,0,0,-,-,-,-,-,-,-,-,0,2,unknown,unknown,ltl,-,-1,-,-
detector_unreal16.ltl,5,progress,after-translation,2,0,0,12792,1145063,detector_unreal16.ltl,real,small,2,0,fallback,0,8266,54,277,not-run,0,0,fallback,unknown,0,0,0,0,0,0,0,0,0,0,0,0,0,0,0,0,0,0,0,0,0,0,0,0,0,0,0,0,0,0,0,0,0,not-run,0,0,0,-,-,-,-,-,-,-,-,0,8269,unknown,unknown,ltl,-,-1,-,-
detector_unreal16.ltl,6,progress,alphabet-census,2,0,0,12792,1145063,detector_unreal16.ltl,real,small,2,0,fallback,0,8266,54,277,not-run,0,0,fallback,unknown,0,0,0,0,0,0,0,0,0,0,0,0,0,0,0,0,0,0,0,0,0,0,0,0,0,0,0,0,65536,65536,131072,131072,1389305,not-run,0,0,0,-,-,-,-,-,-,-,-,0,10179,unknown,unknown,ltl,-,-1,-,-
detector_unreal16.ltl,7,progress,after-decomposition,2,0,0,12792,1145064,detector_unreal16.ltl,unreal-formula,small,2,0,fallback,0,0,0,0,not-run,0,0,fallback,unknown,0,0,0,0,0,0,0,0,0,0,0,0,0,0,0,0,0,0,0,0,0,0,0,0,0,0,0,0,0,0,0,0,0,not-run,0,0,0,-,-,-,-,-,-,-,-,0,3,unknown,unknown,ltl,-,-1,-,-
detector_unreal16.ltl,8,progress,after-rsimp,2,0,0,12792,1145064,detector_unreal16.ltl,unreal-formula,small,2,0,not-run,0,0,0,0,not-run,0,0,fallback,unknown,0,0,0,0,0,0,0,0,0,0,0,0,0,0,0,0,0,0,0,0,0,0,0,0,0,0,0,0,0,0,0,0,0,not-run,0,0,0,-,-,-,-,-,-,-,-,0,2,unknown,unknown,ltl,-,-1,-,-
detector_unreal16.ltl,9,progress,after-translation,2,0,0,12792,1145064,detector_unreal16.ltl,unreal-formula,small,2,0,fallback,0,23758,53,172,not-run,0,0,fallback,unknown,0,0,0,0,0,0,0,0,0,0,0,0,0,0,0,0,0,0,0,0,0,0,0,0,0,0,0,0,0,0,0,0,0,not-run,0,0,0,-,-,-,-,-,-,-,-,0,23762,unknown,unknown,ltl,-,-1,-,-
detector_unreal16.ltl,10,progress,alphabet-census,2,0,0,12792,1145064,detector_unreal16.ltl,unreal-formula,small,2,0,fallback,0,23758,53,172,not-run,0,0,fallback,unknown,0,0,0,0,0,0,0,0,0,0,0,0,0,0,0,0,0,0,0,0,0,0,0,0,0,0,0,0,2,2,131072,131072,1499952,not-run,0,0,0,-,-,-,-,-,-,-,-,0,25244,unknown,unknown,ltl,-,-1,-,-
full_arbiter_enc8.ltl,1,final,final,124,1,0,8865,1145081,full_arbiter_enc8.ltl,real,small,2,0,fallback,0,6,43,156,not-run,0,0,fallback,unknown,0,0,0,0,0,0,0,0,0,0,0,0,0,0,0,0,0,0,0,0,0,0,0,0,0,0,0,0,8,8,128,128,2108,not-run,0,0,0,-,-,-,-,-,-,-,-,0,10,unknown,alphabet-census-only,ltl,-,-1,-,-
full_arbiter_enc8.ltl,2,progress,after-decomposition,124,1,0,8865,1145081,full_arbiter_enc8.ltl,real,small,2,0,fallback,0,0,0,0,not-run,0,0,fallback,unknown,0,0,0,0,0,0,0,0,0,0,0,0,0,0,0,0,0,0,0,0,0,0,0,0,0,0,0,0,0,0,0,0,0,not-run,0,0,0,-,-,-,-,-,-,-,-,0,3,unknown,unknown,ltl,-,-1,-,-
full_arbiter_enc8.ltl,3,progress,after-rsimp,124,1,0,8865,1145081,full_arbiter_enc8.ltl,real,small,2,0,not-run,0,0,0,0,not-run,0,0,fallback,unknown,0,0,0,0,0,0,0,0,0,0,0,0,0,0,0,0,0,0,0,0,0,0,0,0,0,0,0,0,0,0,0,0,0,not-run,0,0,0,-,-,-,-,-,-,-,-,0,3,unknown,unknown,ltl,-,-1,-,-
full_arbiter_enc8.ltl,4,progress,after-translation,124,1,0,8865,1145081,full_arbiter_enc8.ltl,real,small,2,0,fallback,0,6,43,156,not-run,0,0,fallback,unknown,0,0,0,0,0,0,0,0,0,0,0,0,0,0,0,0,0,0,0,0,0,0,0,0,0,0,0,0,0,0,0,0,0,not-run,0,0,0,-,-,-,-,-,-,-,-,0,9,unknown,unknown,ltl,-,-1,-,-
full_arbiter_enc8.ltl,5,progress,alphabet-census,124,1,0,8865,1145081,full_arbiter_enc8.ltl,real,small,2,0,fallback,0,6,43,156,not-run,0,0,fallback,unknown,0,0,0,0,0,0,0,0,0,0,0,0,0,0,0,0,0,0,0,0,0,0,0,0,0,0,0,0,8,8,128,128,2108,not-run,0,0,0,-,-,-,-,-,-,-,-,0,9,unknown,unknown,ltl,-,-1,-,-
full_arbiter_enc8.ltl,6,progress,after-decomposition,124,1,0,8865,1145082,full_arbiter_enc8.ltl,unreal-formula,small,2,0,fallback,0,0,0,0,not-run,0,0,fallback,unknown,0,0,0,0,0,0,0,0,0,0,0,0,0,0,0,0,0,0,0,0,0,0,0,0,0,0,0,0,0,0,0,0,0,not-run,0,0,0,-,-,-,-,-,-,-,-,0,3,unknown,unknown,ltl,-,-1,-,-
full_arbiter_enc8.ltl,7,progress,after-rsimp,124,1,0,8865,1145082,full_arbiter_enc8.ltl,unreal-formula,small,2,0,not-run,0,0,0,0,not-run,0,0,fallback,unknown,0,0,0,0,0,0,0,0,0,0,0,0,0,0,0,0,0,0,0,0,0,0,0,0,0,0,0,0,0,0,0,0,0,not-run,0,0,0,-,-,-,-,-,-,-,-,0,2,unknown,unknown,ltl,-,-1,-,-
lift3.ltl,1,final,final,2,0,0,12600,1145205,lift3.ltl,unreal-formula,small,2,0,fallback,0,6,164,2181,not-run,0,0,fallback,unknown,0,0,0,0,0,0,0,0,0,0,0,0,0,0,0,0,0,0,0,0,0,0,0,0,0,0,0,0,29,18,232,144,4664,not-run,0,0,0,-,-,-,-,-,-,-,-,0,11,unknown,alphabet-census-only,ltl,-,-1,-,-
lift3.ltl,2,final,final,2,0,0,12600,1145204,lift3.ltl,real,small,2,0,fallback,0,10,169,1952,not-run,0,0,fallback,unknown,0,0,0,0,0,0,0,0,0,0,0,0,0,0,0,0,0,0,0,0,0,0,0,0,0,0,0,0,8,8,236,120,4896,not-run,0,0,0,-,-,-,-,-,-,-,-,0,16,unknown,alphabet-census-only,ltl,-,-1,-,-
lift3.ltl,3,progress,after-decomposition,2,0,0,12600,1145204,lift3.ltl,real,small,2,0,fallback,0,0,0,0,not-run,0,0,fallback,unknown,0,0,0,0,0,0,0,0,0,0,0,0,0,0,0,0,0,0,0,0,0,0,0,0,0,0,0,0,0,0,0,0,0,not-run,0,0,0,-,-,-,-,-,-,-,-,0,3,unknown,unknown,ltl,-,-1,-,-
lift3.ltl,4,progress,after-rsimp,2,0,0,12600,1145204,lift3.ltl,real,small,2,0,not-run,0,0,0,0,not-run,0,0,fallback,unknown,0,0,0,0,0,0,0,0,0,0,0,0,0,0,0,0,0,0,0,0,0,0,0,0,0,0,0,0,0,0,0,0,0,not-run,0,0,0,-,-,-,-,-,-,-,-,0,2,unknown,unknown,ltl,-,-1,-,-
lift3.ltl,5,progress,after-translation,2,0,0,12600,1145204,lift3.ltl,real,small,2,0,fallback,0,10,169,1952,not-run,0,0,fallback,unknown,0,0,0,0,0,0,0,0,0,0,0,0,0,0,0,0,0,0,0,0,0,0,0,0,0,0,0,0,0,0,0,0,0,not-run,0,0,0,-,-,-,-,-,-,-,-,0,13,unknown,unknown,ltl,-,-1,-,-
lift3.ltl,6,progress,alphabet-census,2,0,0,12600,1145204,lift3.ltl,real,small,2,0,fallback,0,10,169,1952,not-run,0,0,fallback,unknown,0,0,0,0,0,0,0,0,0,0,0,0,0,0,0,0,0,0,0,0,0,0,0,0,0,0,0,0,8,8,236,120,4896,not-run,0,0,0,-,-,-,-,-,-,-,-,0,15,unknown,unknown,ltl,-,-1,-,-
lift3.ltl,7,progress,after-decomposition,2,0,0,12600,1145205,lift3.ltl,unreal-formula,small,2,0,fallback,0,0,0,0,not-run,0,0,fallback,unknown,0,0,0,0,0,0,0,0,0,0,0,0,0,0,0,0,0,0,0,0,0,0,0,0,0,0,0,0,0,0,0,0,0,not-run,0,0,0,-,-,-,-,-,-,-,-,0,2,unknown,unknown,ltl,-,-1,-,-
lift3.ltl,8,progress,after-rsimp,2,0,0,12600,1145205,lift3.ltl,unreal-formula,small,2,0,not-run,0,0,0,0,not-run,0,0,fallback,unknown,0,0,0,0,0,0,0,0,0,0,0,0,0,0,0,0,0,0,0,0,0,0,0,0,0,0,0,0,0,0,0,0,0,not-run,0,0,0,-,-,-,-,-,-,-,-,0,2,unknown,unknown,ltl,-,-1,-,-
lift3.ltl,9,progress,after-translation,2,0,0,12600,1145205,lift3.ltl,unreal-formula,small,2,0,fallback,0,6,164,2181,not-run,0,0,fallback,unknown,0,0,0,0,0,0,0,0,0,0,0,0,0,0,0,0,0,0,0,0,0,0,0,0,0,0,0,0,0,0,0,0,0,not-run,0,0,0,-,-,-,-,-,-,-,-,0,9,unknown,unknown,ltl,-,-1,-,-
lift3.ltl,10,progress,alphabet-census,2,0,0,12600,1145205,lift3.ltl,unreal-formula,small,2,0,fallback,0,6,164,2181,not-run,0,0,fallback,unknown,0,0,0,0,0,0,0,0,0,0,0,0,0,0,0,0,0,0,0,0,0,0,0,0,0,0,0,0,29,18,232,144,4664,not-run,0,0,0,-,-,-,-,-,-,-,-,0,11,unknown,unknown,ltl,-,-1,-,-
lift4.ltl,1,final,final,2,0,0,12615,1145210,lift4.ltl,unreal-formula,small,2,0,fallback,0,25,594,12651,not-run,0,0,fallback,unknown,0,0,0,0,0,0,0,0,0,0,0,0,0,0,0,0,0,0,0,0,0,0,0,0,0,0,0,0,29,25,464,400,24392,not-run,0,0,0,-,-,-,-,-,-,-,-,0,53,unknown,alphabet-census-only,ltl,-,-1,-,-
lift4.ltl,2,final,final,2,0,0,12615,1145209,lift4.ltl,real,small,2,0,fallback,0,51,437,9212,not-run,0,0,fallback,unknown,0,0,0,0,0,0,0,0,0,0,0,0,0,0,0,0,0,0,0,0,0,0,0,0,0,0,0,0,16,16,480,297,20941,not-run,0,0,0,-,-,-,-,-,-,-,-,0,75,unknown,alphabet-census-only,ltl,-,-1,-,-
lift4.ltl,3,progress,after-decomposition,2,0,0,12615,1145209,lift4.ltl,real,small,2,0,fallback,0,0,0,0,not-run,0,0,fallback,unknown,0,0,0,0,0,0,0,0,0,0,0,0,0,0,0,0,0,0,0,0,0,0,0,0,0,0,0,0,0,0,0,0,0,not-run,0,0,0,-,-,-,-,-,-,-,-,0,2,unknown,unknown,ltl,-,-1,-,-
lift4.ltl,4,progress,after-rsimp,2,0,0,12615,1145209,lift4.ltl,real,small,2,0,not-run,0,0,0,0,not-run,0,0,fallback,unknown,0,0,0,0,0,0,0,0,0,0,0,0,0,0,0,0,0,0,0,0,0,0,0,0,0,0,0,0,0,0,0,0,0,not-run,0,0,0,-,-,-,-,-,-,-,-,0,2,unknown,unknown,ltl,-,-1,-,-
lift4.ltl,5,progress,after-translation,2,0,0,12615,1145209,lift4.ltl,real,small,2,0,fallback,0,51,437,9212,not-run,0,0,fallback,unknown,0,0,0,0,0,0,0,0,0,0,0,0,0,0,0,0,0,0,0,0,0,0,0,0,0,0,0,0,0,0,0,0,0,not-run,0,0,0,-,-,-,-,-,-,-,-,0,54,unknown,unknown,ltl,-,-1,-,-
lift4.ltl,6,progress,alphabet-census,2,0,0,12615,1145209,lift4.ltl,real,small,2,0,fallback,0,51,437,9212,not-run,0,0,fallback,unknown,0,0,0,0,0,0,0,0,0,0,0,0,0,0,0,0,0,0,0,0,0,0,0,0,0,0,0,0,16,16,480,297,20941,not-run,0,0,0,-,-,-,-,-,-,-,-,0,75,unknown,unknown,ltl,-,-1,-,-
lift4.ltl,7,progress,after-decomposition,2,0,0,12615,1145210,lift4.ltl,unreal-formula,small,2,0,fallback,0,0,0,0,not-run,0,0,fallback,unknown,0,0,0,0,0,0,0,0,0,0,0,0,0,0,0,0,0,0,0,0,0,0,0,0,0,0,0,0,0,0,0,0,0,not-run,0,0,0,-,-,-,-,-,-,-,-,0,2,unknown,unknown,ltl,-,-1,-,-
lift4.ltl,8,progress,after-rsimp,2,0,0,12615,1145210,lift4.ltl,unreal-formula,small,2,0,not-run,0,0,0,0,not-run,0,0,fallback,unknown,0,0,0,0,0,0,0,0,0,0,0,0,0,0,0,0,0,0,0,0,0,0,0,0,0,0,0,0,0,0,0,0,0,not-run,0,0,0,-,-,-,-,-,-,-,-,0,2,unknown,unknown,ltl,-,-1,-,-
lift4.ltl,9,progress,after-translation,2,0,0,12615,1145210,lift4.ltl,unreal-formula,small,2,0,fallback,0,25,594,12651,not-run,0,0,fallback,unknown,0,0,0,0,0,0,0,0,0,0,0,0,0,0,0,0,0,0,0,0,0,0,0,0,0,0,0,0,0,0,0,0,0,not-run,0,0,0,-,-,-,-,-,-,-,-,0,28,unknown,unknown,ltl,-,-1,-,-
lift4.ltl,10,progress,alphabet-census,2,0,0,12615,1145210,lift4.ltl,unreal-formula,small,2,0,fallback,0,25,594,12651,not-run,0,0,fallback,unknown,0,0,0,0,0,0,0,0,0,0,0,0,0,0,0,0,0,0,0,0,0,0,0,0,0,0,0,0,29,25,464,400,24392,not-run,0,0,0,-,-,-,-,-,-,-,-,0,52,unknown,unknown,ltl,-,-1,-,-
lift_unary_enc3.ltl,1,final,final,2,0,0,12711,1145214,lift_unary_enc3.ltl,real,small,2,0,fallback,0,22,221,2855,not-run,0,0,fallback,unknown,0,0,0,0,0,0,0,0,0,0,0,0,0,0,0,0,0,0,0,0,0,0,0,0,0,0,0,0,8,8,472,261,10366,not-run,0,0,0,-,-,-,-,-,-,-,-,0,31,unknown,alphabet-census-only,ltl,-,-1,-,-
lift_unary_enc3.ltl,2,final,final,2,0,0,12711,1145215,lift_unary_enc3.ltl,unreal-formula,small,2,0,fallback,0,30,615,13117,not-run,0,0,fallback,unknown,0,0,0,0,0,0,0,0,0,0,0,0,0,0,0,0,0,0,0,0,0,0,0,0,0,0,0,0,54,32,432,256,21607,not-run,0,0,0,-,-,-,-,-,-,-,-,0,58,unknown,alphabet-census-only,ltl,-,-1,-,-
lift_unary_enc3.ltl,3,progress,after-decomposition,2,0,0,12711,1145214,lift_unary_enc3.ltl,real,small,2,0,fallback,0,0,0,0,not-run,0,0,fallback,unknown,0,0,0,0,0,0,0,0,0,0,0,0,0,0,0,0,0,0,0,0,0,0,0,0,0,0,0,0,0,0,0,0,0,not-run,0,0,0,-,-,-,-,-,-,-,-,0,2,unknown,unknown,ltl,-,-1,-,-
lift_unary_enc3.ltl,4,progress,after-rsimp,2,0,0,12711,1145214,lift_unary_enc3.ltl,real,small,2,0,not-run,0,0,0,0,not-run,0,0,fallback,unknown,0,0,0,0,0,0,0,0,0,0,0,0,0,0,0,0,0,0,0,0,0,0,0,0,0,0,0,0,0,0,0,0,0,not-run,0,0,0,-,-,-,-,-,-,-,-,0,2,unknown,unknown,ltl,-,-1,-,-
lift_unary_enc3.ltl,5,progress,after-translation,2,0,0,12711,1145214,lift_unary_enc3.ltl,real,small,2,0,fallback,0,22,221,2855,not-run,0,0,fallback,unknown,0,0,0,0,0,0,0,0,0,0,0,0,0,0,0,0,0,0,0,0,0,0,0,0,0,0,0,0,0,0,0,0,0,not-run,0,0,0,-,-,-,-,-,-,-,-,0,25,unknown,unknown,ltl,-,-1,-,-
lift_unary_enc3.ltl,6,progress,alphabet-census,2,0,0,12711,1145214,lift_unary_enc3.ltl,real,small,2,0,fallback,0,22,221,2855,not-run,0,0,fallback,unknown,0,0,0,0,0,0,0,0,0,0,0,0,0,0,0,0,0,0,0,0,0,0,0,0,0,0,0,0,8,8,472,261,10366,not-run,0,0,0,-,-,-,-,-,-,-,-,0,31,unknown,unknown,ltl,-,-1,-,-
lift_unary_enc3.ltl,7,progress,after-decomposition,2,0,0,12711,1145215,lift_unary_enc3.ltl,unreal-formula,small,2,0,fallback,0,0,0,0,not-run,0,0,fallback,unknown,0,0,0,0,0,0,0,0,0,0,0,0,0,0,0,0,0,0,0,0,0,0,0,0,0,0,0,0,0,0,0,0,0,not-run,0,0,0,-,-,-,-,-,-,-,-,0,2,unknown,unknown,ltl,-,-1,-,-
lift_unary_enc3.ltl,8,progress,after-rsimp,2,0,0,12711,1145215,lift_unary_enc3.ltl,unreal-formula,small,2,0,not-run,0,0,0,0,not-run,0,0,fallback,unknown,0,0,0,0,0,0,0,0,0,0,0,0,0,0,0,0,0,0,0,0,0,0,0,0,0,0,0,0,0,0,0,0,0,not-run,0,0,0,-,-,-,-,-,-,-,-,0,2,unknown,unknown,ltl,-,-1,-,-
lift_unary_enc3.ltl,9,progress,after-translation,2,0,0,12711,1145215,lift_unary_enc3.ltl,unreal-formula,small,2,0,fallback,0,30,615,13117,not-run,0,0,fallback,unknown,0,0,0,0,0,0,0,0,0,0,0,0,0,0,0,0,0,0,0,0,0,0,0,0,0,0,0,0,0,0,0,0,0,not-run,0,0,0,-,-,-,-,-,-,-,-,0,33,unknown,unknown,ltl,-,-1,-,-
lift_unary_enc3.ltl,10,progress,alphabet-census,2,0,0,12711,1145215,lift_unary_enc3.ltl,unreal-formula,small,2,0,fallback,0,30,615,13117,not-run,0,0,fallback,unknown,0,0,0,0,0,0,0,0,0,0,0,0,0,0,0,0,0,0,0,0,0,0,0,0,0,0,0,0,54,32,432,256,21607,not-run,0,0,0,-,-,-,-,-,-,-,-,0,58,unknown,unknown,ltl,-,-1,-,-
lift_unary_enc4.ltl,1,final,final,2,0,0,12754,1145219,lift_unary_enc4.ltl,real,small,2,0,fallback,0,303,796,20630,not-run,0,0,fallback,unknown,0,0,0,0,0,0,0,0,0,0,0,0,0,0,0,0,0,0,0,0,0,0,0,0,0,0,0,0,16,16,1952,1134,87092,not-run,0,0,0,-,-,-,-,-,-,-,-,0,398,unknown,alphabet-census-only,ltl,-,-1,-,-
lift_unary_enc4.ltl,2,final,final,2,0,0,12754,1145220,lift_unary_enc4.ltl,unreal-formula,small,2,0,fallback,0,1104,4219,223396,not-run,0,0,fallback,unknown,0,0,0,0,0,0,0,0,0,0,0,0,0,0,0,0,0,0,0,0,0,0,0,0,0,0,0,0,106,70,1696,1120,311213,not-run,0,0,0,-,-,-,-,-,-,-,-,0,1805,unknown,alphabet-census-only,ltl,-,-1,-,-
lift_unary_enc4.ltl,3,progress,after-decomposition,2,0,0,12754,1145219,lift_unary_enc4.ltl,real,small,2,0,fallback,0,0,0,0,not-run,0,0,fallback,unknown,0,0,0,0,0,0,0,0,0,0,0,0,0,0,0,0,0,0,0,0,0,0,0,0,0,0,0,0,0,0,0,0,0,not-run,0,0,0,-,-,-,-,-,-,-,-,0,2,unknown,unknown,ltl,-,-1,-,-
lift_unary_enc4.ltl,4,progress,after-rsimp,2,0,0,12754,1145219,lift_unary_enc4.ltl,real,small,2,0,not-run,0,0,0,0,not-run,0,0,fallback,unknown,0,0,0,0,0,0,0,0,0,0,0,0,0,0,0,0,0,0,0,0,0,0,0,0,0,0,0,0,0,0,0,0,0,not-run,0,0,0,-,-,-,-,-,-,-,-,0,2,unknown,unknown,ltl,-,-1,-,-
lift_unary_enc4.ltl,5,progress,after-translation,2,0,0,12754,1145219,lift_unary_enc4.ltl,real,small,2,0,fallback,0,303,796,20630,not-run,0,0,fallback,unknown,0,0,0,0,0,0,0,0,0,0,0,0,0,0,0,0,0,0,0,0,0,0,0,0,0,0,0,0,0,0,0,0,0,not-run,0,0,0,-,-,-,-,-,-,-,-,0,306,unknown,unknown,ltl,-,-1,-,-
lift_unary_enc4.ltl,6,progress,alphabet-census,2,0,0,12754,1145219,lift_unary_enc4.ltl,real,small,2,0,fallback,0,303,796,20630,not-run,0,0,fallback,unknown,0,0,0,0,0,0,0,0,0,0,0,0,0,0,0,0,0,0,0,0,0,0,0,0,0,0,0,0,16,16,1952,1134,87092,not-run,0,0,0,-,-,-,-,-,-,-,-,0,398,unknown,unknown,ltl,-,-1,-,-
lift_unary_enc4.ltl,7,progress,after-decomposition,2,0,0,12754,1145220,lift_unary_enc4.ltl,unreal-formula,small,2,0,fallback,0,0,0,0,not-run,0,0,fallback,unknown,0,0,0,0,0,0,0,0,0,0,0,0,0,0,0,0,0,0,0,0,0,0,0,0,0,0,0,0,0,0,0,0,0,not-run,0,0,0,-,-,-,-,-,-,-,-,0,2,unknown,unknown,ltl,-,-1,-,-
lift_unary_enc4.ltl,8,progress,after-rsimp,2,0,0,12754,1145220,lift_unary_enc4.ltl,unreal-formula,small,2,0,not-run,0,0,0,0,not-run,0,0,fallback,unknown,0,0,0,0,0,0,0,0,0,0,0,0,0,0,0,0,0,0,0,0,0,0,0,0,0,0,0,0,0,0,0,0,0,not-run,0,0,0,-,-,-,-,-,-,-,-,0,2,unknown,unknown,ltl,-,-1,-,-
lift_unary_enc4.ltl,9,progress,after-translation,2,0,0,12754,1145220,lift_unary_enc4.ltl,unreal-formula,small,2,0,fallback,0,1104,4219,223396,not-run,0,0,fallback,unknown,0,0,0,0,0,0,0,0,0,0,0,0,0,0,0,0,0,0,0,0,0,0,0,0,0,0,0,0,0,0,0,0,0,not-run,0,0,0,-,-,-,-,-,-,-,-,0,1108,unknown,unknown,ltl,-,-1,-,-
lift_unary_enc4.ltl,10,progress,alphabet-census,2,0,0,12754,1145220,lift_unary_enc4.ltl,unreal-formula,small,2,0,fallback,0,1104,4219,223396,not-run,0,0,fallback,unknown,0,0,0,0,0,0,0,0,0,0,0,0,0,0,0,0,0,0,0,0,0,0,0,0,0,0,0,0,106,70,1696,1120,311213,not-run,0,0,0,-,-,-,-,-,-,-,-,0,1803,unknown,unknown,ltl,-,-1,-,-
ltl2dba_theta14.ltl,1,final,final,2,0,0,12762,1145224,ltl2dba_theta14.ltl,real,small,2,0,fallback,0,7942,53,251,not-run,0,0,fallback,unknown,0,0,0,0,0,0,0,0,0,0,0,0,0,0,0,0,0,0,0,0,0,0,0,0,0,0,0,0,49152,49152,98304,98304,1040074,not-run,0,0,0,-,-,-,-,-,-,-,-,0,9432,unknown,alphabet-census-only,ltl,-,-1,-,-
ltl2dba_theta14.ltl,2,final,final,2,0,0,12762,1145225,ltl2dba_theta14.ltl,unreal-formula,small,2,0,fallback,0,11120,52,288,not-run,0,0,fallback,unknown,0,0,0,0,0,0,0,0,0,0,0,0,0,0,0,0,0,0,0,0,0,0,0,0,0,0,0,0,2,2,98304,98304,1050977,not-run,0,0,0,-,-,-,-,-,-,-,-,0,12309,unknown,alphabet-census-only,ltl,-,-1,-,-
ltl2dba_theta14.ltl,3,progress,after-decomposition,2,0,0,12762,1145224,ltl2dba_theta14.ltl,real,small,2,0,fallback,0,0,0,0,not-run,0,0,fallback,unknown,0,0,0,0,0,0,0,0,0,0,0,0,0,0,0,0,0,0,0,0,0,0,0,0,0,0,0,0,0,0,0,0,0,not-run,0,0,0,-,-,-,-,-,-,-,-,0,2,unknown,unknown,ltl,-,-1,-,-
ltl2dba_theta14.ltl,4,progress,after-rsimp,2,0,0,12762,1145224,ltl2dba_theta14.ltl,real,small,2,0,not-run,0,0,0,0,not-run,0,0,fallback,unknown,0,0,0,0,0,0,0,0,0,0,0,0,0,0,0,0,0,0,0,0,0,0,0,0,0,0,0,0,0,0,0,0,0,not-run,0,0,0,-,-,-,-,-,-,-,-,0,2,unknown,unknown,ltl,-,-1,-,-
ltl2dba_theta14.ltl,5,progress,after-translation,2,0,0,12762,1145224,ltl2dba_theta14.ltl,real,small,2,0,fallback,0,7942,53,251,not-run,0,0,fallback,unknown,0,0,0,0,0,0,0,0,0,0,0,0,0,0,0,0,0,0,0,0,0,0,0,0,0,0,0,0,0,0,0,0,0,not-run,0,0,0,-,-,-,-,-,-,-,-,0,7945,unknown,unknown,ltl,-,-1,-,-
ltl2dba_theta14.ltl,6,progress,alphabet-census,2,0,0,12762,1145224,ltl2dba_theta14.ltl,real,small,2,0,fallback,0,7942,53,251,not-run,0,0,fallback,unknown,0,0,0,0,0,0,0,0,0,0,0,0,0,0,0,0,0,0,0,0,0,0,0,0,0,0,0,0,49152,49152,98304,98304,1040074,not-run,0,0,0,-,-,-,-,-,-,-,-,0,9422,unknown,unknown,ltl,-,-1,-,-
ltl2dba_theta14.ltl,7,progress,after-decomposition,2,0,0,12762,1145225,ltl2dba_theta14.ltl,unreal-formula,small,2,0,fallback,0,0,0,0,not-run,0,0,fallback,unknown,0,0,0,0,0,0,0,0,0,0,0,0,0,0,0,0,0,0,0,0,0,0,0,0,0,0,0,0,0,0,0,0,0,not-run,0,0,0,-,-,-,-,-,-,-,-,0,2,unknown,unknown,ltl,-,-1,-,-
ltl2dba_theta14.ltl,8,progress,after-rsimp,2,0,0,12762,1145225,ltl2dba_theta14.ltl,unreal-formula,small,2,0,not-run,0,0,0,0,not-run,0,0,fallback,unknown,0,0,0,0,0,0,0,0,0,0,0,0,0,0,0,0,0,0,0,0,0,0,0,0,0,0,0,0,0,0,0,0,0,not-run,0,0,0,-,-,-,-,-,-,-,-,0,2,unknown,unknown,ltl,-,-1,-,-
ltl2dba_theta14.ltl,9,progress,after-translation,2,0,0,12762,1145225,ltl2dba_theta14.ltl,unreal-formula,small,2,0,fallback,0,11120,52,288,not-run,0,0,fallback,unknown,0,0,0,0,0,0,0,0,0,0,0,0,0,0,0,0,0,0,0,0,0,0,0,0,0,0,0,0,0,0,0,0,0,not-run,0,0,0,-,-,-,-,-,-,-,-,0,11123,unknown,unknown,ltl,-,-1,-,-
ltl2dba_theta14.ltl,10,progress,alphabet-census,2,0,0,12762,1145225,ltl2dba_theta14.ltl,unreal-formula,small,2,0,fallback,0,11120,52,288,not-run,0,0,fallback,unknown,0,0,0,0,0,0,0,0,0,0,0,0,0,0,0,0,0,0,0,0,0,0,0,0,0,0,0,0,2,2,98304,98304,1050977,not-run,0,0,0,-,-,-,-,-,-,-,-,0,12304,unknown,unknown,ltl,-,-1,-,-
ltl2dba_theta16.ltl,1,final,final,2,0,0,12780,1145229,ltl2dba_theta16.ltl,real,small,2,0,fallback,0,48901,59,298,not-run,0,0,fallback,unknown,0,0,0,0,0,0,0,0,0,0,0,0,0,0,0,0,0,0,0,0,0,0,0,0,0,0,0,0,196608,196608,393216,393216,4025782,not-run,0,0,0,-,-,-,-,-,-,-,-,0,58080,unknown,alphabet-census-only,ltl,-,-1,-,-
ltl2dba_theta16.ltl,2,final,final,2,0,0,12780,1145230,ltl2dba_theta16.ltl,unreal-formula,small,2,0,fallback,0,65255,58,341,not-run,0,0,fallback,unknown,0,0,0,0,0,0,0,0,0,0,0,0,0,0,0,0,0,0,0,0,0,0,0,0,0,0,0,0,2,2,393216,393216,3854261,not-run,0,0,0,-,-,-,-,-,-,-,-,0,73050,unknown,alphabet-census-only,ltl,-,-1,-,-
ltl2dba_theta16.ltl,3,progress,after-decomposition,2,0,0,12780,1145229,ltl2dba_theta16.ltl,real,small,2,0,fallback,0,0,0,0,not-run,0,0,fallback,unknown,0,0,0,0,0,0,0,0,0,0,0,0,0,0,0,0,0,0,0,0,0,0,0,0,0,0,0,0,0,0,0,0,0,not-run,0,0,0,-,-,-,-,-,-,-,-,0,2,unknown,unknown,ltl,-,-1,-,-
ltl2dba_theta16.ltl,4,progress,after-rsimp,2,0,0,12780,1145229,ltl2dba_theta16.ltl,real,small,2,0,not-run,0,0,0,0,not-run,0,0,fallback,unknown,0,0,0,0,0,0,0,0,0,0,0,0,0,0,0,0,0,0,0,0,0,0,0,0,0,0,0,0,0,0,0,0,0,not-run,0,0,0,-,-,-,-,-,-,-,-,0,2,unknown,unknown,ltl,-,-1,-,-
ltl2dba_theta16.ltl,5,progress,after-translation,2,0,0,12780,1145229,ltl2dba_theta16.ltl,real,small,2,0,fallback,0,48901,59,298,not-run,0,0,fallback,unknown,0,0,0,0,0,0,0,0,0,0,0,0,0,0,0,0,0,0,0,0,0,0,0,0,0,0,0,0,0,0,0,0,0,not-run,0,0,0,-,-,-,-,-,-,-,-,0,48904,unknown,unknown,ltl,-,-1,-,-
ltl2dba_theta16.ltl,6,progress,alphabet-census,2,0,0,12780,1145229,ltl2dba_theta16.ltl,real,small,2,0,fallback,0,48901,59,298,not-run,0,0,fallback,unknown,0,0,0,0,0,0,0,0,0,0,0,0,0,0,0,0,0,0,0,0,0,0,0,0,0,0,0,0,196608,196608,393216,393216,4025782,not-run,0,0,0,-,-,-,-,-,-,-,-,0,58033,unknown,unknown,ltl,-,-1,-,-
ltl2dba_theta16.ltl,7,progress,after-decomposition,2,0,0,12780,1145230,ltl2dba_theta16.ltl,unreal-formula,small,2,0,fallback,0,0,0,0,not-run,0,0,fallback,unknown,0,0,0,0,0,0,0,0,0,0,0,0,0,0,0,0,0,0,0,0,0,0,0,0,0,0,0,0,0,0,0,0,0,not-run,0,0,0,-,-,-,-,-,-,-,-,0,2,unknown,unknown,ltl,-,-1,-,-
ltl2dba_theta16.ltl,8,progress,after-rsimp,2,0,0,12780,1145230,ltl2dba_theta16.ltl,unreal-formula,small,2,0,not-run,0,0,0,0,not-run,0,0,fallback,unknown,0,0,0,0,0,0,0,0,0,0,0,0,0,0,0,0,0,0,0,0,0,0,0,0,0,0,0,0,0,0,0,0,0,not-run,0,0,0,-,-,-,-,-,-,-,-,0,2,unknown,unknown,ltl,-,-1,-,-
ltl2dba_theta16.ltl,9,progress,after-translation,2,0,0,12780,1145230,ltl2dba_theta16.ltl,unreal-formula,small,2,0,fallback,0,65255,58,341,not-run,0,0,fallback,unknown,0,0,0,0,0,0,0,0,0,0,0,0,0,0,0,0,0,0,0,0,0,0,0,0,0,0,0,0,0,0,0,0,0,not-run,0,0,0,-,-,-,-,-,-,-,-,0,65258,unknown,unknown,ltl,-,-1,-,-
ltl2dba_theta16.ltl,10,progress,alphabet-census,2,0,0,12780,1145230,ltl2dba_theta16.ltl,unreal-formula,small,2,0,fallback,0,65255,58,341,not-run,0,0,fallback,unknown,0,0,0,0,0,0,0,0,0,0,0,0,0,0,0,0,0,0,0,0,0,0,0,0,0,0,0,0,2,2,393216,393216,3854261,not-run,0,0,0,-,-,-,-,-,-,-,-,0,73036,unknown,unknown,ltl,-,-1,-,-
prioritized_arbiter_enc10.ltl,1,final,final,2,0,0,12837,1145272,prioritized_arbiter_enc10.ltl,real,small,2,0,fallback,0,8,55,1033,not-run,0,0,fallback,unknown,0,0,0,0,0,0,0,0,0,0,0,0,0,0,0,0,0,0,0,0,0,0,0,0,0,0,0,0,16,11,256,176,2278,not-run,0,0,0,-,-,-,-,-,-,-,-,0,13,unknown,alphabet-census-only,ltl,-,-1,-,-
prioritized_arbiter_enc10.ltl,2,final,final,2,0,0,12837,1145273,prioritized_arbiter_enc10.ltl,unreal-formula,small,2,0,fallback,0,8139,94723,1779127,not-run,0,0,fallback,unknown,0,0,0,0,0,0,0,0,0,0,0,0,0,0,0,0,0,0,0,0,0,0,0,0,0,0,0,0,16,16,256,176,3315610,not-run,0,0,0,-,-,-,-,-,-,-,-,0,31824,unknown,alphabet-census-only,ltl,-,-1,-,-
prioritized_arbiter_enc10.ltl,3,progress,after-decomposition,2,0,0,12837,1145272,prioritized_arbiter_enc10.ltl,real,small,2,0,fallback,0,0,0,0,not-run,0,0,fallback,unknown,0,0,0,0,0,0,0,0,0,0,0,0,0,0,0,0,0,0,0,0,0,0,0,0,0,0,0,0,0,0,0,0,0,not-run,0,0,0,-,-,-,-,-,-,-,-,0,2,unknown,unknown,ltl,-,-1,-,-
prioritized_arbiter_enc10.ltl,4,progress,after-rsimp,2,0,0,12837,1145272,prioritized_arbiter_enc10.ltl,real,small,2,0,not-run,0,0,0,0,not-run,0,0,fallback,unknown,0,0,0,0,0,0,0,0,0,0,0,0,0,0,0,0,0,0,0,0,0,0,0,0,0,0,0,0,0,0,0,0,0,not-run,0,0,0,-,-,-,-,-,-,-,-,0,2,unknown,unknown,ltl,-,-1,-,-
prioritized_arbiter_enc10.ltl,5,progress,after-translation,2,0,0,12837,1145272,prioritized_arbiter_enc10.ltl,real,small,2,0,fallback,0,8,55,1033,not-run,0,0,fallback,unknown,0,0,0,0,0,0,0,0,0,0,0,0,0,0,0,0,0,0,0,0,0,0,0,0,0,0,0,0,0,0,0,0,0,not-run,0,0,0,-,-,-,-,-,-,-,-,0,11,unknown,unknown,ltl,-,-1,-,-
prioritized_arbiter_enc10.ltl,6,progress,alphabet-census,2,0,0,12837,1145272,prioritized_arbiter_enc10.ltl,real,small,2,0,fallback,0,8,55,1033,not-run,0,0,fallback,unknown,0,0,0,0,0,0,0,0,0,0,0,0,0,0,0,0,0,0,0,0,0,0,0,0,0,0,0,0,16,11,256,176,2278,not-run,0,0,0,-,-,-,-,-,-,-,-,0,13,unknown,unknown,ltl,-,-1,-,-
prioritized_arbiter_enc10.ltl,7,progress,after-decomposition,2,0,0,12837,1145273,prioritized_arbiter_enc10.ltl,unreal-formula,small,2,0,fallback,0,0,0,0,not-run,0,0,fallback,unknown,0,0,0,0,0,0,0,0,0,0,0,0,0,0,0,0,0,0,0,0,0,0,0,0,0,0,0,0,0,0,0,0,0,not-run,0,0,0,-,-,-,-,-,-,-,-,0,2,unknown,unknown,ltl,-,-1,-,-
prioritized_arbiter_enc10.ltl,8,progress,after-rsimp,2,0,0,12837,1145273,prioritized_arbiter_enc10.ltl,unreal-formula,small,2,0,not-run,0,0,0,0,not-run,0,0,fallback,unknown,0,0,0,0,0,0,0,0,0,0,0,0,0,0,0,0,0,0,0,0,0,0,0,0,0,0,0,0,0,0,0,0,0,not-run,0,0,0,-,-,-,-,-,-,-,-,0,2,unknown,unknown,ltl,-,-1,-,-
prioritized_arbiter_enc10.ltl,9,progress,after-translation,2,0,0,12837,1145273,prioritized_arbiter_enc10.ltl,unreal-formula,small,2,0,fallback,0,8139,94723,1779127,not-run,0,0,fallback,unknown,0,0,0,0,0,0,0,0,0,0,0,0,0,0,0,0,0,0,0,0,0,0,0,0,0,0,0,0,0,0,0,0,0,not-run,0,0,0,-,-,-,-,-,-,-,-,0,8146,unknown,unknown,ltl,-,-1,-,-
prioritized_arbiter_enc10.ltl,10,progress,alphabet-census,2,0,0,12837,1145273,prioritized_arbiter_enc10.ltl,unreal-formula,small,2,0,fallback,0,8139,94723,1779127,not-run,0,0,fallback,unknown,0,0,0,0,0,0,0,0,0,0,0,0,0,0,0,0,0,0,0,0,0,0,0,0,0,0,0,0,16,16,256,176,3315610,not-run,0,0,0,-,-,-,-,-,-,-,-,0,31814,unknown,unknown,ltl,-,-1,-,-
prioritized_arbiter_enc8.ltl,1,final,final,2,0,0,12806,1145291,prioritized_arbiter_enc8.ltl,real,small,2,0,fallback,0,3,35,279,not-run,0,0,fallback,unknown,0,0,0,0,0,0,0,0,0,0,0,0,0,0,0,0,0,0,0,0,0,0,0,0,0,0,0,0,8,8,128,128,1522,not-run,0,0,0,-,-,-,-,-,-,-,-,0,7,unknown,alphabet-census-only,ltl,-,-1,-,-
prioritized_arbiter_enc8.ltl,2,final,final,2,0,0,12806,1145292,prioritized_arbiter_enc8.ltl,unreal-formula,small,2,0,fallback,0,909,18102,357805,not-run,0,0,fallback,unknown,0,0,0,0,0,0,0,0,0,0,0,0,0,0,0,0,0,0,0,0,0,0,0,0,0,0,0,0,16,16,128,128,579210,not-run,0,0,0,-,-,-,-,-,-,-,-,0,2510,unknown,alphabet-census-only,ltl,-,-1,-,-
prioritized_arbiter_enc8.ltl,3,progress,after-decomposition,2,0,0,12806,1145291,prioritized_arbiter_enc8.ltl,real,small,2,0,fallback,0,0,0,0,not-run,0,0,fallback,unknown,0,0,0,0,0,0,0,0,0,0,0,0,0,0,0,0,0,0,0,0,0,0,0,0,0,0,0,0,0,0,0,0,0,not-run,0,0,0,-,-,-,-,-,-,-,-,0,3,unknown,unknown,ltl,-,-1,-,-
prioritized_arbiter_enc8.ltl,4,progress,after-rsimp,2,0,0,12806,1145291,prioritized_arbiter_enc8.ltl,real,small,2,0,not-run,0,0,0,0,not-run,0,0,fallback,unknown,0,0,0,0,0,0,0,0,0,0,0,0,0,0,0,0,0,0,0,0,0,0,0,0,0,0,0,0,0,0,0,0,0,not-run,0,0,0,-,-,-,-,-,-,-,-,0,2,unknown,unknown,ltl,-,-1,-,-
prioritized_arbiter_enc8.ltl,5,progress,after-translation,2,0,0,12806,1145291,prioritized_arbiter_enc8.ltl,real,small,2,0,fallback,0,3,35,279,not-run,0,0,fallback,unknown,0,0,0,0,0,0,0,0,0,0,0,0,0,0,0,0,0,0,0,0,0,0,0,0,0,0,0,0,0,0,0,0,0,not-run,0,0,0,-,-,-,-,-,-,-,-,0,6,unknown,unknown,ltl,-,-1,-,-
prioritized_arbiter_enc8.ltl,6,progress,alphabet-census,2,0,0,12806,1145291,prioritized_arbiter_enc8.ltl,real,small,2,0,fallback,0,3,35,279,not-run,0,0,fallback,unknown,0,0,0,0,0,0,0,0,0,0,0,0,0,0,0,0,0,0,0,0,0,0,0,0,0,0,0,0,8,8,128,128,1522,not-run,0,0,0,-,-,-,-,-,-,-,-,0,7,unknown,unknown,ltl,-,-1,-,-
prioritized_arbiter_enc8.ltl,7,progress,after-decomposition,2,0,0,12806,1145292,prioritized_arbiter_enc8.ltl,unreal-formula,small,2,0,fallback,0,0,0,0,not-run,0,0,fallback,unknown,0,0,0,0,0,0,0,0,0,0,0,0,0,0,0,0,0,0,0,0,0,0,0,0,0,0,0,0,0,0,0,0,0,not-run,0,0,0,-,-,-,-,-,-,-,-,0,2,unknown,unknown,ltl,-,-1,-,-
prioritized_arbiter_enc8.ltl,8,progress,after-rsimp,2,0,0,12806,1145292,prioritized_arbiter_enc8.ltl,unreal-formula,small,2,0,not-run,0,0,0,0,not-run,0,0,fallback,unknown,0,0,0,0,0,0,0,0,0,0,0,0,0,0,0,0,0,0,0,0,0,0,0,0,0,0,0,0,0,0,0,0,0,not-run,0,0,0,-,-,-,-,-,-,-,-,0,2,unknown,unknown,ltl,-,-1,-,-
prioritized_arbiter_enc8.ltl,9,progress,after-translation,2,0,0,12806,1145292,prioritized_arbiter_enc8.ltl,unreal-formula,small,2,0,fallback,0,909,18102,357805,not-run,0,0,fallback,unknown,0,0,0,0,0,0,0,0,0,0,0,0,0,0,0,0,0,0,0,0,0,0,0,0,0,0,0,0,0,0,0,0,0,not-run,0,0,0,-,-,-,-,-,-,-,-,0,913,unknown,unknown,ltl,-,-1,-,-
prioritized_arbiter_enc8.ltl,10,progress,alphabet-census,2,0,0,12806,1145292,prioritized_arbiter_enc8.ltl,unreal-formula,small,2,0,fallback,0,909,18102,357805,not-run,0,0,fallback,unknown,0,0,0,0,0,0,0,0,0,0,0,0,0,0,0,0,0,0,0,0,0,0,0,0,0,0,0,0,16,16,128,128,579210,not-run,0,0,0,-,-,-,-,-,-,-,-,0,2509,unknown,unknown,ltl,-,-1,-,-
robot_grid2_2.ltl,1,final,final,2,0,0,12699,1145296,robot_grid2_2.ltl,real,small,2,0,fallback,0,10,98,1234,not-run,0,0,fallback,unknown,0,0,0,0,0,0,0,0,0,0,0,0,0,0,0,0,0,0,0,0,0,0,0,0,0,0,0,0,16,16,367,168,2749,not-run,0,0,0,-,-,-,-,-,-,-,-,0,14,unknown,alphabet-census-only,ltl,-,-1,-,-
robot_grid2_2.ltl,2,final,final,2,0,0,12699,1145297,robot_grid2_2.ltl,unreal-formula,small,2,0,fallback,0,334,1185,22771,not-run,0,0,fallback,unknown,0,0,0,0,0,0,0,0,0,0,0,0,0,0,0,0,0,0,0,0,0,0,0,0,0,0,0,0,26,20,416,320,60155,not-run,0,0,0,-,-,-,-,-,-,-,-,0,430,unknown,alphabet-census-only,ltl,-,-1,-,-
robot_grid2_2.ltl,3,progress,after-decomposition,2,0,0,12699,1145296,robot_grid2_2.ltl,real,small,2,0,fallback,0,0,0,0,not-run,0,0,fallback,unknown,0,0,0,0,0,0,0,0,0,0,0,0,0,0,0,0,0,0,0,0,0,0,0,0,0,0,0,0,0,0,0,0,0,not-run,0,0,0,-,-,-,-,-,-,-,-,0,3,unknown,unknown,ltl,-,-1,-,-
robot_grid2_2.ltl,4,progress,after-rsimp,2,0,0,12699,1145296,robot_grid2_2.ltl,real,small,2,0,not-run,0,0,0,0,not-run,0,0,fallback,unknown,0,0,0,0,0,0,0,0,0,0,0,0,0,0,0,0,0,0,0,0,0,0,0,0,0,0,0,0,0,0,0,0,0,not-run,0,0,0,-,-,-,-,-,-,-,-,0,2,unknown,unknown,ltl,-,-1,-,-
robot_grid2_2.ltl,5,progress,after-translation,2,0,0,12699,1145296,robot_grid2_2.ltl,real,small,2,0,fallback,0,10,98,1234,not-run,0,0,fallback,unknown,0,0,0,0,0,0,0,0,0,0,0,0,0,0,0,0,0,0,0,0,0,0,0,0,0,0,0,0,0,0,0,0,0,not-run,0,0,0,-,-,-,-,-,-,-,-,0,13,unknown,unknown,ltl,-,-1,-,-
robot_grid2_2.ltl,6,progress,alphabet-census,2,0,0,12699,1145296,robot_grid2_2.ltl,real,small,2,0,fallback,0,10,98,1234,not-run,0,0,fallback,unknown,0,0,0,0,0,0,0,0,0,0,0,0,0,0,0,0,0,0,0,0,0,0,0,0,0,0,0,0,16,16,367,168,2749,not-run,0,0,0,-,-,-,-,-,-,-,-,0,14,unknown,unknown,ltl,-,-1,-,-
robot_grid2_2.ltl,7,progress,after-decomposition,2,0,0,12699,1145297,robot_grid2_2.ltl,unreal-formula,small,2,0,fallback,0,0,0,0,not-run,0,0,fallback,unknown,0,0,0,0,0,0,0,0,0,0,0,0,0,0,0,0,0,0,0,0,0,0,0,0,0,0,0,0,0,0,0,0,0,not-run,0,0,0,-,-,-,-,-,-,-,-,0,3,unknown,unknown,ltl,-,-1,-,-
robot_grid2_2.ltl,8,progress,after-rsimp,2,0,0,12699,1145297,robot_grid2_2.ltl,unreal-formula,small,2,0,not-run,0,0,0,0,not-run,0,0,fallback,unknown,0,0,0,0,0,0,0,0,0,0,0,0,0,0,0,0,0,0,0,0,0,0,0,0,0,0,0,0,0,0,0,0,0,not-run,0,0,0,-,-,-,-,-,-,-,-,0,2,unknown,unknown,ltl,-,-1,-,-
robot_grid2_2.ltl,9,progress,after-translation,2,0,0,12699,1145297,robot_grid2_2.ltl,unreal-formula,small,2,0,fallback,0,334,1185,22771,not-run,0,0,fallback,unknown,0,0,0,0,0,0,0,0,0,0,0,0,0,0,0,0,0,0,0,0,0,0,0,0,0,0,0,0,0,0,0,0,0,not-run,0,0,0,-,-,-,-,-,-,-,-,0,337,unknown,unknown,ltl,-,-1,-,-
robot_grid2_2.ltl,10,progress,alphabet-census,2,0,0,12699,1145297,robot_grid2_2.ltl,unreal-formula,small,2,0,fallback,0,334,1185,22771,not-run,0,0,fallback,unknown,0,0,0,0,0,0,0,0,0,0,0,0,0,0,0,0,0,0,0,0,0,0,0,0,0,0,0,0,26,20,416,320,60155,not-run,0,0,0,-,-,-,-,-,-,-,-,0,429,unknown,unknown,ltl,-,-1,-,-
round_robin_arbiter4.ltl,1,final,final,2,0,0,12751,1145302,round_robin_arbiter4.ltl,unreal-formula,small,2,0,fallback,0,3,63,741,not-run,0,0,fallback,unknown,0,0,0,0,0,0,0,0,0,0,0,0,0,0,0,0,0,0,0,0,0,0,0,0,0,0,0,0,16,16,256,256,3676,not-run,0,0,0,-,-,-,-,-,-,-,-,0,7,unknown,alphabet-census-only,ltl,-,-1,-,-
round_robin_arbiter4.ltl,2,final,final,2,0,0,12751,1145301,round_robin_arbiter4.ltl,real,small,2,0,fallback,0,17,453,17669,not-run,0,0,fallback,unknown,0,0,0,0,0,0,0,0,0,0,0,0,0,0,0,0,0,0,0,0,0,0,0,0,0,0,0,0,16,16,256,256,22953,not-run,0,0,0,-,-,-,-,-,-,-,-,0,48,unknown,alphabet-census-only,ltl,-,-1,-,-
round_robin_arbiter4.ltl,3,progress,after-decomposition,2,0,0,12751,1145301,round_robin_arbiter4.ltl,real,small,2,0,fallback,0,0,0,0,not-run,0,0,fallback,unknown,0,0,0,0,0,0,0,0,0,0,0,0,0,0,0,0,0,0,0,0,0,0,0,0,0,0,0,0,0,0,0,0,0,not-run,0,0,0,-,-,-,-,-,-,-,-,0,2,unknown,unknown,ltl,-,-1,-,-
round_robin_arbiter4.ltl,4,progress,after-rsimp,2,0,0,12751,1145301,round_robin_arbiter4.ltl,real,small,2,0,not-run,0,0,0,0,not-run,0,0,fallback,unknown,0,0,0,0,0,0,0,0,0,0,0,0,0,0,0,0,0,0,0,0,0,0,0,0,0,0,0,0,0,0,0,0,0,not-run,0,0,0,-,-,-,-,-,-,-,-,0,2,unknown,unknown,ltl,-,-1,-,-
round_robin_arbiter4.ltl,5,progress,after-translation,2,0,0,12751,1145301,round_robin_arbiter4.ltl,real,small,2,0,fallback,0,17,453,17669,not-run,0,0,fallback,unknown,0,0,0,0,0,0,0,0,0,0,0,0,0,0,0,0,0,0,0,0,0,0,0,0,0,0,0,0,0,0,0,0,0,not-run,0,0,0,-,-,-,-,-,-,-,-,0,20,unknown,unknown,ltl,-,-1,-,-
round_robin_arbiter4.ltl,6,progress,alphabet-census,2,0,0,12751,1145301,round_robin_arbiter4.ltl,real,small,2,0,fallback,0,17,453,17669,not-run,0,0,fallback,unknown,0,0,0,0,0,0,0,0,0,0,0,0,0,0,0,0,0,0,0,0,0,0,0,0,0,0,0,0,16,16,256,256,22953,not-run,0,0,0,-,-,-,-,-,-,-,-,0,48,unknown,unknown,ltl,-,-1,-,-
round_robin_arbiter4.ltl,7,progress,after-decomposition,2,0,0,12751,1145302,round_robin_arbiter4.ltl,unreal-formula,small,2,0,fallback,0,0,0,0,not-run,0,0,fallback,unknown,0,0,0,0,0,0,0,0,0,0,0,0,0,0,0,0,0,0,0,0,0,0,0,0,0,0,0,0,0,0,0,0,0,not-run,0,0,0,-,-,-,-,-,-,-,-,0,2,unknown,unknown,ltl,-,-1,-,-
round_robin_arbiter4.ltl,8,progress,after-rsimp,2,0,0,12751,1145302,round_robin_arbiter4.ltl,unreal-formula,small,2,0,not-run,0,0,0,0,not-run,0,0,fallback,unknown,0,0,0,0,0,0,0,0,0,0,0,0,0,0,0,0,0,0,0,0,0,0,0,0,0,0,0,0,0,0,0,0,0,not-run,0,0,0,-,-,-,-,-,-,-,-,0,2,unknown,unknown,ltl,-,-1,-,-
round_robin_arbiter4.ltl,9,progress,after-translation,2,0,0,12751,1145302,round_robin_arbiter4.ltl,unreal-formula,small,2,0,fallback,0,3,63,741,not-run,0,0,fallback,unknown,0,0,0,0,0,0,0,0,0,0,0,0,0,0,0,0,0,0,0,0,0,0,0,0,0,0,0,0,0,0,0,0,0,not-run,0,0,0,-,-,-,-,-,-,-,-,0,6,unknown,unknown,ltl,-,-1,-,-
round_robin_arbiter4.ltl,10,progress,alphabet-census,2,0,0,12751,1145302,round_robin_arbiter4.ltl,unreal-formula,small,2,0,fallback,0,3,63,741,not-run,0,0,fallback,unknown,0,0,0,0,0,0,0,0,0,0,0,0,0,0,0,0,0,0,0,0,0,0,0,0,0,0,0,0,16,16,256,256,3676,not-run,0,0,0,-,-,-,-,-,-,-,-,0,7,unknown,unknown,ltl,-,-1,-,-
round_robin_arbiter6.ltl,1,final,final,2,0,0,12800,1145307,round_robin_arbiter6.ltl,unreal-formula,small,2,0,fallback,0,47,277,9777,not-run,0,0,fallback,unknown,0,0,0,0,0,0,0,0,0,0,0,0,0,0,0,0,0,0,0,0,0,0,0,0,0,0,0,0,64,64,4096,4096,62750,not-run,0,0,0,-,-,-,-,-,-,-,-,0,103,unknown,alphabet-census-only,ltl,-,-1,-,-
round_robin_arbiter6.ltl,2,final,final,2,0,0,12800,1145306,round_robin_arbiter6.ltl,real,small,2,0,fallback,0,1460,6331,1275635,not-run,0,0,fallback,unknown,0,0,0,0,0,0,0,0,0,0,0,0,0,0,0,0,0,0,0,0,0,0,0,0,0,0,0,0,64,64,4096,4096,1403124,not-run,0,0,0,-,-,-,-,-,-,-,-,0,9099,unknown,alphabet-census-only,ltl,-,-1,-,-
round_robin_arbiter6.ltl,3,progress,after-decomposition,2,0,0,12800,1145306,round_robin_arbiter6.ltl,real,small,2,0,fallback,0,0,0,0,not-run,0,0,fallback,unknown,0,0,0,0,0,0,0,0,0,0,0,0,0,0,0,0,0,0,0,0,0,0,0,0,0,0,0,0,0,0,0,0,0,not-run,0,0,0,-,-,-,-,-,-,-,-,0,2,unknown,unknown,ltl,-,-1,-,-
round_robin_arbiter6.ltl,4,progress,after-rsimp,2,0,0,12800,1145306,round_robin_arbiter6.ltl,real,small,2,0,not-run,0,0,0,0,not-run,0,0,fallback,unknown,0,0,0,0,0,0,0,0,0,0,0,0,0,0,0,0,0,0,0,0,0,0,0,0,0,0,0,0,0,0,0,0,0,not-run,0,0,0,-,-,-,-,-,-,-,-,0,2,unknown,unknown,ltl,-,-1,-,-
round_robin_arbiter6.ltl,5,progress,after-translation,2,0,0,12800,1145306,round_robin_arbiter6.ltl,real,small,2,0,fallback,0,1460,6331,1275635,not-run,0,0,fallback,unknown,0,0,0,0,0,0,0,0,0,0,0,0,0,0,0,0,0,0,0,0,0,0,0,0,0,0,0,0,0,0,0,0,0,not-run,0,0,0,-,-,-,-,-,-,-,-,0,1466,unknown,unknown,ltl,-,-1,-,-
round_robin_arbiter6.ltl,6,progress,alphabet-census,2,0,0,12800,1145306,round_robin_arbiter6.ltl,real,small,2,0,fallback,0,1460,6331,1275635,not-run,0,0,fallback,unknown,0,0,0,0,0,0,0,0,0,0,0,0,0,0,0,0,0,0,0,0,0,0,0,0,0,0,0,0,64,64,4096,4096,1403124,not-run,0,0,0,-,-,-,-,-,-,-,-,0,9091,unknown,unknown,ltl,-,-1,-,-
round_robin_arbiter6.ltl,7,progress,after-decomposition,2,0,0,12800,1145307,round_robin_arbiter6.ltl,unreal-formula,small,2,0,fallback,0,0,0,0,not-run,0,0,fallback,unknown,0,0,0,0,0,0,0,0,0,0,0,0,0,0,0,0,0,0,0,0,0,0,0,0,0,0,0,0,0,0,0,0,0,not-run,0,0,0,-,-,-,-,-,-,-,-,0,2,unknown,unknown,ltl,-,-1,-,-
round_robin_arbiter6.ltl,8,progress,after-rsimp,2,0,0,12800,1145307,round_robin_arbiter6.ltl,unreal-formula,small,2,0,not-run,0,0,0,0,not-run,0,0,fallback,unknown,0,0,0,0,0,0,0,0,0,0,0,0,0,0,0,0,0,0,0,0,0,0,0,0,0,0,0,0,0,0,0,0,0,not-run,0,0,0,-,-,-,-,-,-,-,-,0,2,unknown,unknown,ltl,-,-1,-,-
round_robin_arbiter6.ltl,9,progress,after-translation,2,0,0,12800,1145307,round_robin_arbiter6.ltl,unreal-formula,small,2,0,fallback,0,47,277,9777,not-run,0,0,fallback,unknown,0,0,0,0,0,0,0,0,0,0,0,0,0,0,0,0,0,0,0,0,0,0,0,0,0,0,0,0,0,0,0,0,0,not-run,0,0,0,-,-,-,-,-,-,-,-,0,50,unknown,unknown,ltl,-,-1,-,-
round_robin_arbiter6.ltl,10,progress,alphabet-census,2,0,0,12800,1145307,round_robin_arbiter6.ltl,unreal-formula,small,2,0,fallback,0,47,277,9777,not-run,0,0,fallback,unknown,0,0,0,0,0,0,0,0,0,0,0,0,0,0,0,0,0,0,0,0,0,0,0,0,0,0,0,0,64,64,4096,4096,62750,not-run,0,0,0,-,-,-,-,-,-,-,-,0,103,unknown,unknown,ltl,-,-1,-,-
simple_arbiter_enc10.ltl,1,final,final,2,0,0,12781,1145311,simple_arbiter_enc10.ltl,real,small,2,0,fallback,0,4,27,277,not-run,0,0,fallback,unknown,0,0,0,0,0,0,0,0,0,0,0,0,0,0,0,0,0,0,0,0,0,0,0,0,0,0,0,0,16,11,256,176,1457,not-run,0,0,0,-,-,-,-,-,-,-,-,0,8,unknown,alphabet-census-only,ltl,-,-1,-,-
simple_arbiter_enc10.ltl,2,final,final,2,0,0,12781,1145312,simple_arbiter_enc10.ltl,unreal-formula,small,2,0,fallback,0,5706,71168,1458176,not-run,0,0,fallback,unknown,0,0,0,0,0,0,0,0,0,0,0,0,0,0,0,0,0,0,0,0,0,0,0,0,0,0,0,0,16,16,256,176,2398643,not-run,0,0,0,-,-,-,-,-,-,-,-,0,21435,unknown,alphabet-census-only,ltl,-,-1,-,-
simple_arbiter_enc10.ltl,3,progress,after-decomposition,2,0,0,12781,1145311,simple_arbiter_enc10.ltl,real,small,2,0,fallback,0,0,0,0,not-run,0,0,fallback,unknown,0,0,0,0,0,0,0,0,0,0,0,0,0,0,0,0,0,0,0,0,0,0,0,0,0,0,0,0,0,0,0,0,0,not-run,0,0,0,-,-,-,-,-,-,-,-,0,2,unknown,unknown,ltl,-,-1,-,-
simple_arbiter_enc10.ltl,4,progress,after-rsimp,2,0,0,12781,1145311,simple_arbiter_enc10.ltl,real,small,2,0,not-run,0,0,0,0,not-run,0,0,fallback,unknown,0,0,0,0,0,0,0,0,0,0,0,0,0,0,0,0,0,0,0,0,0,0,0,0,0,0,0,0,0,0,0,0,0,not-run,0,0,0,-,-,-,-,-,-,-,-,0,2,unknown,unknown,ltl,-,-1,-,-
simple_arbiter_enc10.ltl,5,progress,after-translation,2,0,0,12781,1145311,simple_arbiter_enc10.ltl,real,small,2,0,fallback,0,4,27,277,not-run,0,0,fallback,unknown,0,0,0,0,0,0,0,0,0,0,0,0,0,0,0,0,0,0,0,0,0,0,0,0,0,0,0,0,0,0,0,0,0,not-run,0,0,0,-,-,-,-,-,-,-,-,0,7,unknown,unknown,ltl,-,-1,-,-
simple_arbiter_enc10.ltl,6,progress,alphabet-census,2,0,0,12781,1145311,simple_arbiter_enc10.ltl,real,small,2,0,fallback,0,4,27,277,not-run,0,0,fallback,unknown,0,0,0,0,0,0,0,0,0,0,0,0,0,0,0,0,0,0,0,0,0,0,0,0,0,0,0,0,16,11,256,176,1457,not-run,0,0,0,-,-,-,-,-,-,-,-,0,8,unknown,unknown,ltl,-,-1,-,-
simple_arbiter_enc10.ltl,7,progress,after-decomposition,2,0,0,12781,1145312,simple_arbiter_enc10.ltl,unreal-formula,small,2,0,fallback,0,0,0,0,not-run,0,0,fallback,unknown,0,0,0,0,0,0,0,0,0,0,0,0,0,0,0,0,0,0,0,0,0,0,0,0,0,0,0,0,0,0,0,0,0,not-run,0,0,0,-,-,-,-,-,-,-,-,0,2,unknown,unknown,ltl,-,-1,-,-
simple_arbiter_enc10.ltl,8,progress,after-rsimp,2,0,0,12781,1145312,simple_arbiter_enc10.ltl,unreal-formula,small,2,0,not-run,0,0,0,0,not-run,0,0,fallback,unknown,0,0,0,0,0,0,0,0,0,0,0,0,0,0,0,0,0,0,0,0,0,0,0,0,0,0,0,0,0,0,0,0,0,not-run,0,0,0,-,-,-,-,-,-,-,-,0,2,unknown,unknown,ltl,-,-1,-,-
simple_arbiter_enc10.ltl,9,progress,after-translation,2,0,0,12781,1145312,simple_arbiter_enc10.ltl,unreal-formula,small,2,0,fallback,0,5706,71168,1458176,not-run,0,0,fallback,unknown,0,0,0,0,0,0,0,0,0,0,0,0,0,0,0,0,0,0,0,0,0,0,0,0,0,0,0,0,0,0,0,0,0,not-run,0,0,0,-,-,-,-,-,-,-,-,0,5712,unknown,unknown,ltl,-,-1,-,-
simple_arbiter_enc10.ltl,10,progress,alphabet-census,2,0,0,12781,1145312,simple_arbiter_enc10.ltl,unreal-formula,small,2,0,fallback,0,5706,71168,1458176,not-run,0,0,fallback,unknown,0,0,0,0,0,0,0,0,0,0,0,0,0,0,0,0,0,0,0,0,0,0,0,0,0,0,0,0,16,16,256,176,2398643,not-run,0,0,0,-,-,-,-,-,-,-,-,0,21427,unknown,unknown,ltl,-,-1,-,-
simple_arbiter_enc8.ltl,1,final,final,2,0,0,12734,1145330,simple_arbiter_enc8.ltl,real,small,2,1,fallback,0,2,17,81,not-run,0,0,fallback,unknown,0,0,0,0,0,0,0,0,0,0,0,0,0,0,0,0,0,0,0,0,0,0,0,0,0,0,0,0,8,8,64,64,636,not-run,0,0,0,-,-,-,-,-,-,-,-,0,5,unknown,alphabet-census-only,ltl,-,-1,-,-
simple_arbiter_enc8.ltl,2,final,final,2,0,0,12734,1145331,simple_arbiter_enc8.ltl,unreal-formula,small,2,1,fallback,0,240,5888,115431,not-run,0,0,fallback,unknown,0,0,0,0,0,0,0,0,0,0,0,0,0,0,0,0,0,0,0,0,0,0,0,0,0,0,0,0,8,8,64,64,175209,not-run,0,0,0,-,-,-,-,-,-,-,-,0,532,unknown,alphabet-census-only,ltl,-,-1,-,-
simple_arbiter_enc8.ltl,3,progress,after-decomposition,2,0,0,12734,1145330,simple_arbiter_enc8.ltl,real,small,2,1,fallback,0,0,0,0,not-run,0,0,fallback,unknown,0,0,0,0,0,0,0,0,0,0,0,0,0,0,0,0,0,0,0,0,0,0,0,0,0,0,0,0,0,0,0,0,0,not-run,0,0,0,-,-,-,-,-,-,-,-,0,2,unknown,unknown,ltl,-,-1,-,-
simple_arbiter_enc8.ltl,4,progress,after-rsimp,2,0,0,12734,1145330,simple_arbiter_enc8.ltl,real,small,2,1,not-run,0,0,0,0,not-run,0,0,fallback,unknown,0,0,0,0,0,0,0,0,0,0,0,0,0,0,0,0,0,0,0,0,0,0,0,0,0,0,0,0,0,0,0,0,0,not-run,0,0,0,-,-,-,-,-,-,-,-,0,2,unknown,unknown,ltl,-,-1,-,-
simple_arbiter_enc8.ltl,5,progress,after-translation,2,0,0,12734,1145330,simple_arbiter_enc8.ltl,real,small,2,1,fallback,0,2,17,81,not-run,0,0,fallback,unknown,0,0,0,0,0,0,0,0,0,0,0,0,0,0,0,0,0,0,0,0,0,0,0,0,0,0,0,0,0,0,0,0,0,not-run,0,0,0,-,-,-,-,-,-,-,-,0,4,unknown,unknown,ltl,-,-1,-,-
simple_arbiter_enc8.ltl,6,progress,alphabet-census,2,0,0,12734,1145330,simple_arbiter_enc8.ltl,real,small,2,1,fallback,0,2,17,81,not-run,0,0,fallback,unknown,0,0,0,0,0,0,0,0,0,0,0,0,0,0,0,0,0,0,0,0,0,0,0,0,0,0,0,0,8,8,64,64,636,not-run,0,0,0,-,-,-,-,-,-,-,-,0,5,unknown,unknown,ltl,-,-1,-,-
simple_arbiter_enc8.ltl,7,progress,after-decomposition,2,0,0,12734,1145331,simple_arbiter_enc8.ltl,unreal-formula,small,2,1,fallback,0,0,0,0,not-run,0,0,fallback,unknown,0,0,0,0,0,0,0,0,0,0,0,0,0,0,0,0,0,0,0,0,0,0,0,0,0,0,0,0,0,0,0,0,0,not-run,0,0,0,-,-,-,-,-,-,-,-,0,2,unknown,unknown,ltl,-,-1,-,-
simple_arbiter_enc8.ltl,8,progress,after-rsimp,2,0,0,12734,1145331,simple_arbiter_enc8.ltl,unreal-formula,small,2,1,not-run,0,0,0,0,not-run,0,0,fallback,unknown,0,0,0,0,0,0,0,0,0,0,0,0,0,0,0,0,0,0,0,0,0,0,0,0,0,0,0,0,0,0,0,0,0,not-run,0,0,0,-,-,-,-,-,-,-,-,0,2,unknown,unknown,ltl,-,-1,-,-
simple_arbiter_enc8.ltl,9,progress,after-translation,2,0,0,12734,1145331,simple_arbiter_enc8.ltl,unreal-formula,small,2,1,fallback,0,240,5888,115431,not-run,0,0,fallback,unknown,0,0,0,0,0,0,0,0,0,0,0,0,0,0,0,0,0,0,0,0,0,0,0,0,0,0,0,0,0,0,0,0,0,not-run,0,0,0,-,-,-,-,-,-,-,-,0,243,unknown,unknown,ltl,-,-1,-,-
simple_arbiter_enc8.ltl,10,progress,alphabet-census,2,0,0,12734,1145331,simple_arbiter_enc8.ltl,unreal-formula,small,2,1,fallback,0,240,5888,115431,not-run,0,0,fallback,unknown,0,0,0,0,0,0,0,0,0,0,0,0,0,0,0,0,0,0,0,0,0,0,0,0,0,0,0,0,8,8,64,64,175209,not-run,0,0,0,-,-,-,-,-,-,-,-,0,531,unknown,unknown,ltl,-,-1,-,-
simple_arbiter_with_hints10.ltl,1,final,final,124,1,0,10277,1145335,simple_arbiter_with_hints10.ltl,real,small,2,0,fallback,0,6652,31,71,not-run,0,0,fallback,unknown,0,0,0,0,0,0,0,0,0,0,0,0,0,0,0,0,0,0,0,0,0,0,0,0,0,0,0,0,1024,1024,1048576,1048576,70233,not-run,0,0,0,-,-,-,-,-,-,-,-,0,6922,unknown,alphabet-census-only,ltl,-,-1,-,-
simple_arbiter_with_hints10.ltl,2,progress,after-decomposition,124,1,0,10277,1145335,simple_arbiter_with_hints10.ltl,real,small,2,0,fallback,0,0,0,0,not-run,0,0,fallback,unknown,0,0,0,0,0,0,0,0,0,0,0,0,0,0,0,0,0,0,0,0,0,0,0,0,0,0,0,0,0,0,0,0,0,not-run,0,0,0,-,-,-,-,-,-,-,-,0,4,unknown,unknown,ltl,-,-1,-,-
simple_arbiter_with_hints10.ltl,3,progress,after-rsimp,124,1,0,10277,1145335,simple_arbiter_with_hints10.ltl,real,small,2,0,not-run,0,0,0,0,not-run,0,0,fallback,unknown,0,0,0,0,0,0,0,0,0,0,0,0,0,0,0,0,0,0,0,0,0,0,0,0,0,0,0,0,0,0,0,0,0,not-run,0,0,0,-,-,-,-,-,-,-,-,0,2,unknown,unknown,ltl,-,-1,-,-
simple_arbiter_with_hints10.ltl,4,progress,after-translation,124,1,0,10277,1145335,simple_arbiter_with_hints10.ltl,real,small,2,0,fallback,0,6652,31,71,not-run,0,0,fallback,unknown,0,0,0,0,0,0,0,0,0,0,0,0,0,0,0,0,0,0,0,0,0,0,0,0,0,0,0,0,0,0,0,0,0,not-run,0,0,0,-,-,-,-,-,-,-,-,0,6656,unknown,unknown,ltl,-,-1,-,-
simple_arbiter_with_hints10.ltl,5,progress,alphabet-census,124,1,0,10277,1145335,simple_arbiter_with_hints10.ltl,real,small,2,0,fallback,0,6652,31,71,not-run,0,0,fallback,unknown,0,0,0,0,0,0,0,0,0,0,0,0,0,0,0,0,0,0,0,0,0,0,0,0,0,0,0,0,1024,1024,1048576,1048576,70233,not-run,0,0,0,-,-,-,-,-,-,-,-,0,6920,unknown,unknown,ltl,-,-1,-,-
simple_arbiter_with_hints10.ltl,6,progress,after-decomposition,124,1,0,10277,1145336,simple_arbiter_with_hints10.ltl,unreal-formula,small,2,0,fallback,0,0,0,0,not-run,0,0,fallback,unknown,0,0,0,0,0,0,0,0,0,0,0,0,0,0,0,0,0,0,0,0,0,0,0,0,0,0,0,0,0,0,0,0,0,not-run,0,0,0,-,-,-,-,-,-,-,-,0,4,unknown,unknown,ltl,-,-1,-,-
simple_arbiter_with_hints10.ltl,7,progress,after-rsimp,124,1,0,10277,1145336,simple_arbiter_with_hints10.ltl,unreal-formula,small,2,0,not-run,0,0,0,0,not-run,0,0,fallback,unknown,0,0,0,0,0,0,0,0,0,0,0,0,0,0,0,0,0,0,0,0,0,0,0,0,0,0,0,0,0,0,0,0,0,not-run,0,0,0,-,-,-,-,-,-,-,-,0,3,unknown,unknown,ltl,-,-1,-,-
simple_arbiter_with_hints10.ltl,8,progress,after-translation,124,1,0,10277,1145336,simple_arbiter_with_hints10.ltl,unreal-formula,small,2,0,fallback,0,36420,7277,1666572,not-run,0,0,fallback,unknown,0,0,0,0,0,0,0,0,0,0,0,0,0,0,0,0,0,0,0,0,0,0,0,0,0,0,0,0,0,0,0,0,0,not-run,0,0,0,-,-,-,-,-,-,-,-,0,36428,unknown,unknown,ltl,-,-1,-,-
simple_arbiter_with_hints8.ltl,1,final,final,2,0,0,12858,1145458,simple_arbiter_with_hints8.ltl,real,small,2,0,fallback,0,140,25,57,not-run,0,0,fallback,unknown,0,0,0,0,0,0,0,0,0,0,0,0,0,0,0,0,0,0,0,0,0,0,0,0,0,0,0,0,256,256,65536,65536,14866,not-run,0,0,0,-,-,-,-,-,-,-,-,0,162,unknown,alphabet-census-only,ltl,-,-1,-,-
simple_arbiter_with_hints8.ltl,2,final,final,2,0,0,12858,1145459,simple_arbiter_with_hints8.ltl,unreal-formula,small,2,0,fallback,0,1083,1607,148666,not-run,0,0,fallback,unknown,0,0,0,0,0,0,0,0,0,0,0,0,0,0,0,0,0,0,0,0,0,0,0,0,0,0,0,0,37,10,9472,2560,313467,not-run,0,0,0,-,-,-,-,-,-,-,-,0,2988,unknown,alphabet-census-only,ltl,-,-1,-,-
simple_arbiter_with_hints8.ltl,3,progress,after-decomposition,2,0,0,12858,1145458,simple_arbiter_with_hints8.ltl,real,small,2,0,fallback,0,0,0,0,not-run,0,0,fallback,unknown,0,0,0,0,0,0,0,0,0,0,0,0,0,0,0,0,0,0,0,0,0,0,0,0,0,0,0,0,0,0,0,0,0,not-run,0,0,0,-,-,-,-,-,-,-,-,0,3,unknown,unknown,ltl,-,-1,-,-
simple_arbiter_with_hints8.ltl,4,progress,after-rsimp,2,0,0,12858,1145458,simple_arbiter_with_hints8.ltl,real,small,2,0,not-run,0,0,0,0,not-run,0,0,fallback,unknown,0,0,0,0,0,0,0,0,0,0,0,0,0,0,0,0,0,0,0,0,0,0,0,0,0,0,0,0,0,0,0,0,0,not-run,0,0,0,-,-,-,-,-,-,-,-,0,2,unknown,unknown,ltl,-,-1,-,-
simple_arbiter_with_hints8.ltl,5,progress,after-translation,2,0,0,12858,1145458,simple_arbiter_with_hints8.ltl,real,small,2,0,fallback,0,140,25,57,not-run,0,0,fallback,unknown,0,0,0,0,0,0,0,0,0,0,0,0,0,0,0,0,0,0,0,0,0,0,0,0,0,0,0,0,0,0,0,0,0,not-run,0,0,0,-,-,-,-,-,-,-,-,0,144,unknown,unknown,ltl,-,-1,-,-
simple_arbiter_with_hints8.ltl,6,progress,alphabet-census,2,0,0,12858,1145458,simple_arbiter_with_hints8.ltl,real,small,2,0,fallback,0,140,25,57,not-run,0,0,fallback,unknown,0,0,0,0,0,0,0,0,0,0,0,0,0,0,0,0,0,0,0,0,0,0,0,0,0,0,0,0,256,256,65536,65536,14866,not-run,0,0,0,-,-,-,-,-,-,-,-,0,162,unknown,unknown,ltl,-,-1,-,-
simple_arbiter_with_hints8.ltl,7,progress,after-decomposition,2,0,0,12858,1145459,simple_arbiter_with_hints8.ltl,unreal-formula,small,2,0,fallback,0,0,0,0,not-run,0,0,fallback,unknown,0,0,0,0,0,0,0,0,0,0,0,0,0,0,0,0,0,0,0,0,0,0,0,0,0,0,0,0,0,0,0,0,0,not-run,0,0,0,-,-,-,-,-,-,-,-,0,3,unknown,unknown,ltl,-,-1,-,-
simple_arbiter_with_hints8.ltl,8,progress,after-rsimp,2,0,0,12858,1145459,simple_arbiter_with_hints8.ltl,unreal-formula,small,2,0,not-run,0,0,0,0,not-run,0,0,fallback,unknown,0,0,0,0,0,0,0,0,0,0,0,0,0,0,0,0,0,0,0,0,0,0,0,0,0,0,0,0,0,0,0,0,0,not-run,0,0,0,-,-,-,-,-,-,-,-,0,2,unknown,unknown,ltl,-,-1,-,-
simple_arbiter_with_hints8.ltl,9,progress,after-translation,2,0,0,12858,1145459,simple_arbiter_with_hints8.ltl,unreal-formula,small,2,0,fallback,0,1083,1607,148666,not-run,0,0,fallback,unknown,0,0,0,0,0,0,0,0,0,0,0,0,0,0,0,0,0,0,0,0,0,0,0,0,0,0,0,0,0,0,0,0,0,not-run,0,0,0,-,-,-,-,-,-,-,-,0,1087,unknown,unknown,ltl,-,-1,-,-
simple_arbiter_with_hints8.ltl,10,progress,alphabet-census,2,0,0,12858,1145459,simple_arbiter_with_hints8.ltl,unreal-formula,small,2,0,fallback,0,1083,1607,148666,not-run,0,0,fallback,unknown,0,0,0,0,0,0,0,0,0,0,0,0,0,0,0,0,0,0,0,0,0,0,0,0,0,0,0,0,37,10,9472,2560,313467,not-run,0,0,0,-,-,-,-,-,-,-,-,0,2986,unknown,unknown,ltl,-,-1,-,-
workstation_resupply_3.ltl,1,final,final,2,0,0,12793,1145463,workstation_resupply_3.ltl,real,small,2,0,fallback,0,153,169,2062,not-run,0,0,fallback,unknown,0,0,0,0,0,0,0,0,0,0,0,0,0,0,0,0,0,0,0,0,0,0,0,0,0,0,0,0,8,8,5290,1748,18361,not-run,0,0,0,-,-,-,-,-,-,-,-,0,190,unknown,alphabet-census-only,ltl,-,-1,-,-
workstation_resupply_3.ltl,2,final,final,2,0,0,12793,1145464,workstation_resupply_3.ltl,unreal-formula,small,3,0,fallback,0,242,156,613,not-run,0,0,fallback,unknown,0,0,0,0,0,0,0,0,0,0,0,0,0,0,0,0,0,0,0,0,0,0,0,0,0,0,0,0,148,20,1184,160,3017,not-run,0,0,0,-,-,-,-,-,-,-,-,0,248,unknown,alphabet-census-only,ltl,-,-1,-,-
workstation_resupply_3.ltl,3,progress,after-decomposition,2,0,0,12793,1145463,workstation_resupply_3.ltl,real,small,2,0,fallback,0,0,0,0,not-run,0,0,fallback,unknown,0,0,0,0,0,0,0,0,0,0,0,0,0,0,0,0,0,0,0,0,0,0,0,0,0,0,0,0,0,0,0,0,0,not-run,0,0,0,-,-,-,-,-,-,-,-,0,3,unknown,unknown,ltl,-,-1,-,-
workstation_resupply_3.ltl,4,progress,after-rsimp,2,0,0,12793,1145463,workstation_resupply_3.ltl,real,small,2,0,not-run,0,0,0,0,not-run,0,0,fallback,unknown,0,0,0,0,0,0,0,0,0,0,0,0,0,0,0,0,0,0,0,0,0,0,0,0,0,0,0,0,0,0,0,0,0,not-run,0,0,0,-,-,-,-,-,-,-,-,0,3,unknown,unknown,ltl,-,-1,-,-
workstation_resupply_3.ltl,5,progress,after-translation,2,0,0,12793,1145463,workstation_resupply_3.ltl,real,small,2,0,fallback,0,153,169,2062,not-run,0,0,fallback,unknown,0,0,0,0,0,0,0,0,0,0,0,0,0,0,0,0,0,0,0,0,0,0,0,0,0,0,0,0,0,0,0,0,0,not-run,0,0,0,-,-,-,-,-,-,-,-,0,156,unknown,unknown,ltl,-,-1,-,-
workstation_resupply_3.ltl,6,progress,alphabet-census,2,0,0,12793,1145463,workstation_resupply_3.ltl,real,small,2,0,fallback,0,153,169,2062,not-run,0,0,fallback,unknown,0,0,0,0,0,0,0,0,0,0,0,0,0,0,0,0,0,0,0,0,0,0,0,0,0,0,0,0,8,8,5290,1748,18361,not-run,0,0,0,-,-,-,-,-,-,-,-,0,190,unknown,unknown,ltl,-,-1,-,-
workstation_resupply_3.ltl,7,progress,after-decomposition,2,0,0,12793,1145464,workstation_resupply_3.ltl,unreal-formula,small,3,0,fallback,0,0,0,0,not-run,0,0,fallback,unknown,0,0,0,0,0,0,0,0,0,0,0,0,0,0,0,0,0,0,0,0,0,0,0,0,0,0,0,0,0,0,0,0,0,not-run,0,0,0,-,-,-,-,-,-,-,-,0,3,unknown,unknown,ltl,-,-1,-,-
workstation_resupply_3.ltl,8,progress,after-rsimp,2,0,0,12793,1145464,workstation_resupply_3.ltl,unreal-formula,small,3,0,not-run,0,0,0,0,not-run,0,0,fallback,unknown,0,0,0,0,0,0,0,0,0,0,0,0,0,0,0,0,0,0,0,0,0,0,0,0,0,0,0,0,0,0,0,0,0,not-run,0,0,0,-,-,-,-,-,-,-,-,0,3,unknown,unknown,ltl,-,-1,-,-
workstation_resupply_3.ltl,9,progress,after-translation,2,0,0,12793,1145464,workstation_resupply_3.ltl,unreal-formula,small,3,0,fallback,0,242,156,613,not-run,0,0,fallback,unknown,0,0,0,0,0,0,0,0,0,0,0,0,0,0,0,0,0,0,0,0,0,0,0,0,0,0,0,0,0,0,0,0,0,not-run,0,0,0,-,-,-,-,-,-,-,-,0,245,unknown,unknown,ltl,-,-1,-,-
workstation_resupply_3.ltl,10,progress,alphabet-census,2,0,0,12793,1145464,workstation_resupply_3.ltl,unreal-formula,small,3,0,fallback,0,242,156,613,not-run,0,0,fallback,unknown,0,0,0,0,0,0,0,0,0,0,0,0,0,0,0,0,0,0,0,0,0,0,0,0,0,0,0,0,148,20,1184,160,3017,not-run,0,0,0,-,-,-,-,-,-,-,-,0,247,unknown,unknown,ltl,-,-1,-,-
workstation_resupply_4.ltl,1,final,final,2,0,0,12814,1145468,workstation_resupply_4.ltl,real,small,2,0,fallback,0,1671,366,9832,not-run,0,0,fallback,unknown,0,0,0,0,0,0,0,0,0,0,0,0,0,0,0,0,0,0,0,0,0,0,0,0,0,0,0,0,16,16,39558,9236,95682,not-run,0,0,0,-,-,-,-,-,-,-,-,0,2026,unknown,alphabet-census-only,ltl,-,-1,-,-
workstation_resupply_4.ltl,2,final,final,2,0,0,12814,1145469,workstation_resupply_4.ltl,unreal-formula,small,2,0,fallback,0,2744,370,1598,not-run,0,0,fallback,unknown,0,0,0,0,0,0,0,0,0,0,0,0,0,0,0,0,0,0,0,0,0,0,0,0,0,0,0,0,224,24,3584,384,7071,not-run,0,0,0,-,-,-,-,-,-,-,-,0,2754,unknown,alphabet-census-only,ltl,-,-1,-,-
workstation_resupply_4.ltl,3,progress,after-decomposition,2,0,0,12814,1145468,workstation_resupply_4.ltl,real,small,2,0,fallback,0,0,0,0,not-run,0,0,fallback,unknown,0,0,0,0,0,0,0,0,0,0,0,0,0,0,0,0,0,0,0,0,0,0,0,0,0,0,0,0,0,0,0,0,0,not-run,0,0,0,-,-,-,-,-,-,-,-,0,2,unknown,unknown,ltl,-,-1,-,-
workstation_resupply_4.ltl,4,progress,after-rsimp,2,0,0,12814,1145468,workstation_resupply_4.ltl,real,small,2,0,not-run,0,0,0,0,not-run,0,0,fallback,unknown,0,0,0,0,0,0,0,0,0,0,0,0,0,0,0,0,0,0,0,0,0,0,0,0,0,0,0,0,0,0,0,0,0,not-run,0,0,0,-,-,-,-,-,-,-,-,0,2,unknown,unknown,ltl,-,-1,-,-
workstation_resupply_4.ltl,5,progress,after-translation,2,0,0,12814,1145468,workstation_resupply_4.ltl,real,small,2,0,fallback,0,1671,366,9832,not-run,0,0,fallback,unknown,0,0,0,0,0,0,0,0,0,0,0,0,0,0,0,0,0,0,0,0,0,0,0,0,0,0,0,0,0,0,0,0,0,not-run,0,0,0,-,-,-,-,-,-,-,-,0,1674,unknown,unknown,ltl,-,-1,-,-
workstation_resupply_4.ltl,6,progress,alphabet-census,2,0,0,12814,1145468,workstation_resupply_4.ltl,real,small,2,0,fallback,0,1671,366,9832,not-run,0,0,fallback,unknown,0,0,0,0,0,0,0,0,0,0,0,0,0,0,0,0,0,0,0,0,0,0,0,0,0,0,0,0,16,16,39558,9236,95682,not-run,0,0,0,-,-,-,-,-,-,-,-,0,2025,unknown,unknown,ltl,-,-1,-,-
workstation_resupply_4.ltl,7,progress,after-decomposition,2,0,0,12814,1145469,workstation_resupply_4.ltl,unreal-formula,small,2,0,fallback,0,0,0,0,not-run,0,0,fallback,unknown,0,0,0,0,0,0,0,0,0,0,0,0,0,0,0,0,0,0,0,0,0,0,0,0,0,0,0,0,0,0,0,0,0,not-run,0,0,0,-,-,-,-,-,-,-,-,0,3,unknown,unknown,ltl,-,-1,-,-
workstation_resupply_4.ltl,8,progress,after-rsimp,2,0,0,12814,1145469,workstation_resupply_4.ltl,unreal-formula,small,2,0,not-run,0,0,0,0,not-run,0,0,fallback,unknown,0,0,0,0,0,0,0,0,0,0,0,0,0,0,0,0,0,0,0,0,0,0,0,0,0,0,0,0,0,0,0,0,0,not-run,0,0,0,-,-,-,-,-,-,-,-,0,3,unknown,unknown,ltl,-,-1,-,-
workstation_resupply_4.ltl,9,progress,after-translation,2,0,0,12814,1145469,workstation_resupply_4.ltl,unreal-formula,small,2,0,fallback,0,2744,370,1598,not-run,0,0,fallback,unknown,0,0,0,0,0,0,0,0,0,0,0,0,0,0,0,0,0,0,0,0,0,0,0,0,0,0,0,0,0,0,0,0,0,not-run,0,0,0,-,-,-,-,-,-,-,-,0,2747,unknown,unknown,ltl,-,-1,-,-
workstation_resupply_4.ltl,10,progress,alphabet-census,2,0,0,12814,1145469,workstation_resupply_4.ltl,unreal-formula,small,2,0,fallback,0,2744,370,1598,not-run,0,0,fallback,unknown,0,0,0,0,0,0,0,0,0,0,0,0,0,0,0,0,0,0,0,0,0,0,0,0,0,0,0,0,224,24,3584,384,7071,not-run,0,0,0,-,-,-,-,-,-,-,-,0,2753,unknown,unknown,ltl,-,-1,-,-
