target	phase	fixpoint_bucket	children	child_phases	timed_out	returncode	representative_path	deepest_checkpoint	translation_pref	translation_ms	aut_states	aut_edges	loops	cpre_ms	picker_ms	apply_ms	downset_ms	actions_seen	meets_computed	max_f_size	solve_ms	total_ms
Automata32S.ltl	translation-bound		3	translation-bound=2;action-construction-bound=1;fixpoint-bound=0	1	124	unreal-formula	after-decomposition	small	0	0	0	0								0	5
F-G-contradiction-111.ltl	fixpoint-bound	letter-loop-bound	3	translation-bound=0;action-construction-bound=0;fixpoint-bound=3	1	124	unreal-automaton	classic-after-cpre	small	523	116	254	8	109478.497	2536.059	72415.71800000001	37011.0182	807488	3704858	1024	0	80522
GF-G-contradiction4.ltl	fixpoint-bound	letter-loop-bound	3	translation-bound=0;action-construction-bound=0;fixpoint-bound=3	1	124	unreal-formula	classic-after-cpre	small	687	89	199	32	110898.9853	6379.7994	97601.135	13250.7545	738872	5493170	894	0	117605
GF-G-contradiction6.ltl	action-construction-bound		3	translation-bound=1;action-construction-bound=2;fixpoint-bound=0	0	2	unreal-automaton	after-input-push	small	10529	119	363	0								0	10538
LedMatrix.ltl	fixpoint-bound	downset-bound	3	translation-bound=1;action-construction-bound=0;fixpoint-bound=2	1	124	unreal-automaton	solve-loop	small	6087	7261	812747	2432	82517.8791	8929.227	34767.5842	47734.938015	9980	2360871	14127	0	110654
amba_case_study_unreal_pb_2_pe_.ltl	fixpoint-bound	letter-loop-bound	3	translation-bound=1;action-construction-bound=0;fixpoint-bound=2	1	124	real	solve-loop	small	44	36	90	5632	23381.0691	9450.493	13395.4555	9923.81571	1231744	54339693	152	0	32753
amba_decomposed_lock_pb_16_pe_.ltl	action-construction-bound		3	translation-bound=1;action-construction-bound=2;fixpoint-bound=0	0	2	unreal-automaton	after-input-push	small	90	10	40	0								0	346
arbiter_pb_6_pe_.ltl	fixpoint-bound	downset-bound	3	translation-bound=1;action-construction-bound=0;fixpoint-bound=2	1	124	real	equivariant-after-closure	small	11	27	71	16	28964.085	513.4275	477.3154	28478.9977	148416	9869674	2439	0	82424
arbiter_with_buffer_pb_5_pe_.ltl	fixpoint-bound	downset-bound	3	translation-bound=1;action-construction-bound=1;fixpoint-bound=1	1	124	real	classic-after-cpre	small	2	17	43	8	8880.58	1.85957	67.9742	8812.07	8192	1461280	672	0	9054
arbiter_with_cancel_pb_6_pe_.ltl	fixpoint-bound	letter-loop-bound	3	translation-bound=1;action-construction-bound=0;fixpoint-bound=2	1	124	unreal-automaton	solve-loop	small	6923	1121	320624	2688	19656.5739	7612.6203000000005	17858.042	1652.9272999999998	1959335	55083	2268	0	40914
arbiter_with_cancel_pb_7_pe_.ltl	translation-bound		3	translation-bound=2;action-construction-bound=0;fixpoint-bound=1	1	124	unreal-formula	after-decomposition	small	0	0	0	0								0	3
chomp_pb_3_4_pe_.ltl	translation-bound		3	translation-bound=3;action-construction-bound=0;fixpoint-bound=0	1	124	real	after-decomposition	small	0	0	0	0								0	3
evasion0.ltl	fixpoint-bound	letter-loop-bound	3	translation-bound=0;action-construction-bound=0;fixpoint-bound=3	0	1	real	cpre-after-action	small	13373	8741	535988	36	10964.1	1622.896	8539.548	2420.794	60128	2446944	3456	0	18478
f-real-real.ltl	fixpoint-bound	letter-loop-bound	3	translation-bound=0;action-construction-bound=0;fixpoint-bound=3	1	124	unreal-formula	solve-loop	small	16	55	131	5120	186753.2	5879.3286	137016.06	49379.54	7601168	64241400	21800	0	119305
follow2.ltl	translation-bound		3	translation-bound=2;action-construction-bound=1;fixpoint-bound=0	1	124	real	after-decomposition	small	0	0	0	0								0	22
follow3.ltl	translation-bound		3	translation-bound=2;action-construction-bound=1;fixpoint-bound=0	1	124	unreal-formula	after-decomposition	small	0	0	0	0								0	29
g-unreal-1-unreal.ltl	fixpoint-bound	mixed	3	translation-bound=0;action-construction-bound=1;fixpoint-bound=2	0	1	unreal-formula	solve-loop	small	12	76	166	384	164137.2	633.591	76293.9	87799.5	919200	171248596	512	0	82759
g-unreal-116.ltl	fixpoint-bound	mixed	3	translation-bound=0;action-construction-bound=1;fixpoint-bound=2	0	1	unreal-formula	cpre-after-action	small	11	67	148	226	66108.2	312.894	32157.300000000003	33926.3	524288	75278424	452	0	33476
g-unreal-117.ltl	fixpoint-bound	mixed	3	translation-bound=0;action-construction-bound=1;fixpoint-bound=2	0	1	unreal-formula	classic-after-cpre	small	11	69	152	256	84575.0	371.325	39818.7	44727.5	598016	91046964	464	0	42639
gf-unreal37.ltl	translation-bound		3	translation-bound=3;action-construction-bound=0;fixpoint-bound=0	0	1	unreal-formula	final	small	7	0	0	0								0	12
gf-unreal46.ltl	translation-bound		3	translation-bound=3;action-construction-bound=0;fixpoint-bound=0	0	1	unreal-formula	final	small	8	0	0	0								0	14
heim-double-x11.ltl	fixpoint-bound	downset-bound	3	translation-bound=0;action-construction-bound=0;fixpoint-bound=3	1	124	unreal-automaton	classic-after-picker	small	62	84	245	8	193434.739	7823.6410000000005	59886.312600000005	133529.0763	253027	12492103	17204	0	107466
heim-double-x9.ltl	fixpoint-bound	downset-bound	3	translation-bound=0;action-construction-bound=0;fixpoint-bound=3	1	124	unreal-formula	classic-after-cpre	small	105	182	405	8	166426.5047	5320.222	52884.75090000001	113522.65804	252344	15545433	14654	0	100150
infinite-race-u24.ltl	fixpoint-bound	letter-loop-bound	3	translation-bound=0;action-construction-bound=0;fixpoint-bound=3	1	124	unreal-automaton	classic-after-picker	small	303	90	202	16	152651.00471	4333.966	131802.67592	20785.121597	714591	5710762	1883	0	115653
infinite-race-unequal-26.ltl	action-construction-bound		3	translation-bound=1;action-construction-bound=2;fixpoint-bound=0	1	124	unreal-automaton	after-input-push	small	30411	83	198	0								0	30423
lift_gr1_pb_3_pe_.ltl	fixpoint-bound	downset-bound	3	translation-bound=0;action-construction-bound=0;fixpoint-bound=3	1	124	real	cpre-after-action	small	21	225	2758	38	178018.7	9210.699	60311.6	116472.0	23288800	122972731	46860	0	87479
lift_pb_3_pe_.ltl	fixpoint-bound	downset-bound	3	translation-bound=0;action-construction-bound=0;fixpoint-bound=3	1	124	unreal-formula	classic-after-cpre	small	6	164	2181	256	33868.27	5.794429	481.8454	33385.903	3072	3071289	6493	0	33524
load_balancer_unreal1_pb_6_4_pe_.ltl	fixpoint-bound	letter-loop-bound	3	translation-bound=1;action-construction-bound=0;fixpoint-bound=2	0	1	unreal-automaton	classic-after-cpre	small	23015	407	5612	4	1274.378066	48.754663	876.694155	396.69284700000003	11910	1815089	245	0	23329
ltl2dba_C2_unreal_pb_16_pe_.ltl	fixpoint-bound	mixed	3	translation-bound=1;action-construction-bound=0;fixpoint-bound=2	0	1	unreal-automaton	classic-after-picker	small	15919	56	179	1	0.107596	76.672276	0.0235	0.026766	32	179	9	0	19603
ltl2dba_theta_pb_14_pe_.ltl	fixpoint-bound	letter-loop-bound	3	translation-bound=0;action-construction-bound=0;fixpoint-bound=3	0	1	unreal-formula	classic-after-picker	small	14176	52	288	16	6629.775716	919.937	5199.2449830000005	1370.681808	1261600	7886	28	0	22913
ltl2dba_theta_pb_16_pe_.ltl	fixpoint-bound	letter-loop-bound	3	translation-bound=0;action-construction-bound=0;fixpoint-bound=3	1	124	unreal-formula	classic-after-cpre	small	81676	58	341	8	17802.808333	3525.3199999999997	13821.749043	3839.563663	3145760	5973	24	0	117351
patrolling-alarm23.ltl	fixpoint-bound	letter-loop-bound	3	translation-bound=0;action-construction-bound=0;fixpoint-bound=3	0	1	unreal-formula	cpre-after-action	small	395	63	133	453	39397.748	674.2082	30675.763000000003	8684.253	662704	20169578	2048	0	21759
patrolling22.ltl	fixpoint-bound	letter-loop-bound	3	translation-bound=0;action-construction-bound=0;fixpoint-bound=3	0	1	unreal-formula	solve-loop	small	403	61	129	448	43707.8021	639.3539	32432.9427	11228.24992	757072	19540976	814	0	23870
prioritized_arbiter_enc_pb_10_pe_.ltl	action-construction-bound		3	translation-bound=0;action-construction-bound=2;fixpoint-bound=1	1	124	unreal-formula	before-solve	small	9973	94723	1779127	0								0	92303
prioritized_arbiter_pb_8_pe_.ltl	fixpoint-bound	downset-bound	3	translation-bound=0;action-construction-bound=0;fixpoint-bound=3	1	124	unreal-formula	solve-loop	small	0	39	133	1878016	11663.5	4990.33109	3109.165	8063.88	5735548	62853291	2017	0	8551
prioritized_arbiter_unreal2_pb_60_pe_.ltl	translation-bound		3	translation-bound=3;action-construction-bound=0;fixpoint-bound=0	1	124	unreal-formula	final	small	24	0	0	0								0	42
robot-cat-real-2d-real.ltl	translation-bound		3	translation-bound=2;action-construction-bound=1;fixpoint-bound=0	1	124	real	after-decomposition	small	0	0	0	0								0	8
robot-cat-unreal-2d-unreal.ltl	translation-bound		3	translation-bound=2;action-construction-bound=1;fixpoint-bound=0	1	124	real	after-decomposition	small	0	0	0	0								0	8
robot-resource-2d1.ltl	fixpoint-bound	letter-loop-bound	3	translation-bound=0;action-construction-bound=1;fixpoint-bound=2	0	1	unreal-automaton	cpre-after-action	small	46	49	110	24	56147.6	15039.019999999999	42432.3	13680.119999999999	619680	15616456	874	0	38294
robot-resource-2d17.ltl	action-construction-bound		3	translation-bound=1;action-construction-bound=2;fixpoint-bound=0	0	2	unreal-formula	after-preprocessing	small	6733	123	264	0								0	6738
robot-to-target-charging-real.ltl	action-construction-bound		3	translation-bound=1;action-construction-bound=2;fixpoint-bound=0	1	124	unreal-formula	after-preprocessing	small	82651	165	361	0								0	82663
robot-to-target-charging19.ltl	action-construction-bound		3	translation-bound=1;action-construction-bound=2;fixpoint-bound=0	1	124	unreal-formula	after-preprocessing	small	32324	135	300	0								0	32331
robot-to-target0.ltl	fixpoint-bound	downset-bound	3	translation-bound=1;action-construction-bound=1;fixpoint-bound=1	1	124	real	classic-after-cpre	small	15128	15461	331528	32	15070.3	96.725	1463.5	13606.3	155	75226	6912	0	36112
robot_repair0.ltl	action-construction-bound		3	translation-bound=1;action-construction-bound=2;fixpoint-bound=0	1	124	unreal-automaton	after-preprocessing	small	85854	118	353	0								0	85861
robot_repair1.ltl	translation-bound		3	translation-bound=3;action-construction-bound=0;fixpoint-bound=0	1	124	real	after-decomposition	small	0	0	0	0								0	5
robot_running-real.ltl	translation-bound		3	translation-bound=3;action-construction-bound=0;fixpoint-bound=0	1	124	real	after-decomposition	small	0	0	0	0								0	4
round_robin_arbiter_pb_6_pe_.ltl	fixpoint-bound	letter-loop-bound	3	translation-bound=0;action-construction-bound=0;fixpoint-bound=3	1	124	real	classic-after-cpre	small	1661	6331	1275635	16	3738.666	743.457	2851.561	876.1819	197504	30044	3456	0	16876
simple_arbiter_unreal2_pb_25_pe_.ltl	translation-bound		3	translation-bound=3;action-construction-bound=0;fixpoint-bound=0	1	124	unreal-formula	final	small	3	0	0	0								0	9
simple_arbiter_unreal2_pb_50_pe_.ltl	translation-bound		3	translation-bound=3;action-construction-bound=0;fixpoint-bound=0	1	124	unreal-formula	final	small	10	0	0	0								0	21
simple_arbiter_unreal2_pb_60_pe_.ltl	translation-bound		3	translation-bound=3;action-construction-bound=0;fixpoint-bound=0	1	124	unreal-formula	final	small	16	0	0	0								0	34
simple_arbiter_unreal2_pb_75_pe_.ltl	translation-bound		3	translation-bound=3;action-construction-bound=0;fixpoint-bound=0	1	124	unreal-formula	final	small	22	0	0	0								0	48
simple_arbiter_with_hints_pb_10_pe_.ltl	action-construction-bound		3	translation-bound=0;action-construction-bound=2;fixpoint-bound=1	1	124	unreal-automaton	before-solve	small	5506	35759	14053480	0								0	96184
sort51.ltl	translation-bound		3	translation-bound=2;action-construction-bound=1;fixpoint-bound=0	0	2	real	after-decomposition	small	0	0	0	0								0	11
square5x51.ltl	fixpoint-bound	letter-loop-bound	3	translation-bound=0;action-construction-bound=0;fixpoint-bound=3	1	124	unreal-formula	classic-after-cpre	small	1114	270	681	16	67045.97	3670.0839	49199.62	17837.09	128000	5647480	36864	0	58955
tasks-unreal0.ltl	fixpoint-bound	downset-bound	3	translation-bound=0;action-construction-bound=1;fixpoint-bound=2	0	2	unreal-automaton	cpre-before-intersection	small	286	105	302	16	64571.2742	361.6972	38977.467000000004	25588.9839	63527	8530675	16699	0	67584
thermostat-F-real.ltl	fixpoint-bound	letter-loop-bound	3	translation-bound=0;action-construction-bound=0;fixpoint-bound=3	1	124	unreal-automaton	classic-after-cpre	small	39	56	130	64	184147.65294	6515.866	136748.1158	47326.403292	1197631	77564496	1049	0	103456
thermostat-GF-unreal2.ltl	translation-bound		3	translation-bound=2;action-construction-bound=1;fixpoint-bound=0	0	2	real	after-decomposition	small	0	0	0	0								0	9
tmp_13cfc6f2.ltl	fixpoint-bound	downset-bound	3	translation-bound=0;action-construction-bound=0;fixpoint-bound=3	1	124	unreal-automaton	solve-loop	small	5	35	140	224960	273772.4	19925.2828	93372.03	179979.4	7559104	395938555	36865	0	119980
unordered-visits-charging0.ltl	translation-bound		3	translation-bound=2;action-construction-bound=0;fixpoint-bound=1	1	124	real	after-decomposition	small	0	0	0	0								0	8
workstation_resupply_pb_3_pe_.ltl	fixpoint-bound	letter-loop-bound	3	translation-bound=0;action-construction-bound=1;fixpoint-bound=2	1	124	unreal-formula	solve-loop	small	262	156	613	13888	5200.4349999999995	254.21774000000002	3171.049	2018.818	116870	5221163	953	0	6525
