label	suite	instance	fixpoint_bucket	repetition	cycles	instructions	llc_load_misses	branch_misses	exit	timed_out
baseline	syntcomp24	arbiter_with_buffer6.ltl	downset-bound	1	462479461663	1550629140199	42026611	843961509	124	1
baseline	syntcomp24	arbiter_with_buffer6.ltl	downset-bound	2	460674709468	1534759234986	52325837	823473694	124	1
baseline	syntcomp24	arbiter_with_buffer6.ltl	downset-bound	3	454307626192	1529806934529	38581300	828765349	124	1
baseline	syntcomp24	arbiter_with_buffer6.ltl	downset-bound	4	462433362026	1561122964739	37410343	840492637	124	1
baseline	syntcomp24	arbiter_with_buffer6.ltl	downset-bound	5	464359518279	1563578392464	39751603	846819142	124	1
baseline	syntcomp24	finding_nemo_2.ltl	letter-loop-bound	1	243484249204	548836822171	37476750	775142244	124	1
baseline	syntcomp24	finding_nemo_2.ltl	letter-loop-bound	2	244058895794	551137438336	38651263	788288355	124	1
baseline	syntcomp24	finding_nemo_2.ltl	letter-loop-bound	3	244844914630	546273829230	45678491	780737005	124	1
baseline	syntcomp24	finding_nemo_2.ltl	letter-loop-bound	4	243817007980	545297081158	39994149	774134275	124	1
baseline	syntcomp24	finding_nemo_2.ltl	letter-loop-bound	5	244488941699	542497878411	48062664	764537844	124	1
baseline	syntcomp24	lift4.ltl	downset-bound	1	676521996622	1476435915665	464924421	609110214	124	1
baseline	syntcomp24	lift4.ltl	downset-bound	2	660868090465	1486280715881	391896851	600604446	124	1
baseline	syntcomp24	lift4.ltl	downset-bound	3	641585303009	1409525380179	400327921	595531995	124	1
baseline	syntcomp24	lift4.ltl	downset-bound	4	643960346497	1388762588649	502619921	571956818	124	1
baseline	syntcomp24	lift4.ltl	downset-bound	5	649882598534	1416601039344	470966979	597808651	124	1
baseline	syntcomp24	round_robin_arbiter4.ltl	mixed	1	247892450948	528093132558	112409251	702260054	124	1
baseline	syntcomp24	round_robin_arbiter4.ltl	mixed	2	250594981017	533422229468	116261110	702670918	124	1
baseline	syntcomp24	round_robin_arbiter4.ltl	mixed	3	253477002348	530025497242	121023884	705581250	124	1
baseline	syntcomp24	round_robin_arbiter4.ltl	mixed	4	248643875538	522499575431	116822096	668810458	124	1
baseline	syntcomp24	round_robin_arbiter4.ltl	mixed	5	247763028701	520156191436	115659267	673662720	124	1
baseline	syntcomp24	workstation_resupply_3.ltl	letter-loop-bound	1	485134848281	1416481260172	704902	2007696595	124	1
baseline	syntcomp24	workstation_resupply_3.ltl	letter-loop-bound	2	476408771834	1442397208087	652506	1711799774	124	1
baseline	syntcomp24	workstation_resupply_3.ltl	letter-loop-bound	3	473203180437	1376777825644	837593	1992693057	124	1
baseline	syntcomp24	workstation_resupply_3.ltl	letter-loop-bound	4	486250072458	1433563740557	851083	1970653164	124	1
baseline	syntcomp24	workstation_resupply_3.ltl	letter-loop-bound	5	474007619780	1387807957544	1316032	1778876566	124	1
baseline	syntcomp25	amba_case_study_unreal_pb_2_pe_.ltl	letter-loop-bound	1	561107728561	1107671879960	482622904	1847689926	124	1
baseline	syntcomp25	amba_case_study_unreal_pb_2_pe_.ltl	letter-loop-bound	2	559076147505	1122177933348	482623435	1859148221	124	1
baseline	syntcomp25	amba_case_study_unreal_pb_2_pe_.ltl	letter-loop-bound	3	580878118039	1155008466530	523886568	1903016087	124	1
baseline	syntcomp25	amba_case_study_unreal_pb_2_pe_.ltl	letter-loop-bound	4	574151116673	1146949479826	503562753	1891547908	124	1
baseline	syntcomp25	amba_case_study_unreal_pb_2_pe_.ltl	letter-loop-bound	5	559139796146	1136406471788	467450580	1874702102	124	1
baseline	syntcomp25	arbiter_with_buffer_pb_5_pe_.ltl	downset-bound	1	685985333555	1245524451078	410217064	1339296020	124	1
baseline	syntcomp25	arbiter_with_buffer_pb_5_pe_.ltl	downset-bound	2	688662081898	1253129183714	411390614	1379212930	124	1
baseline	syntcomp25	arbiter_with_buffer_pb_5_pe_.ltl	downset-bound	3	685528624147	1257580461066	396278656	1374038683	124	1
baseline	syntcomp25	arbiter_with_buffer_pb_5_pe_.ltl	downset-bound	4	668066960454	1225065977301	387098158	1334615729	124	1
baseline	syntcomp25	arbiter_with_buffer_pb_5_pe_.ltl	downset-bound	5	657563320841	1186241427105	390479882	1269782486	124	1
baseline	syntcomp25	g-unreal-116.ltl	mixed	1	270289565753	853921104709	1766209	1393889411	1	0
baseline	syntcomp25	g-unreal-116.ltl	mixed	2	268047453487	853188007570	1626438	1391490053	1	0
baseline	syntcomp25	g-unreal-116.ltl	mixed	3	268588109088	852400777511	1655822	1402520996	1	0
baseline	syntcomp25	g-unreal-116.ltl	mixed	4	268602210158	853610863718	1633199	1382776295	1	0
baseline	syntcomp25	g-unreal-116.ltl	mixed	5	271041247986	854890645073	1780521	1388462095	1	0
baseline	syntcomp25	lift_pb_3_pe_.ltl	downset-bound	1	645057388306	1267002290359	2083030	2761015529	124	1
baseline	syntcomp25	lift_pb_3_pe_.ltl	downset-bound	2	652439773797	1226499467916	1630276	2765411693	124	1
baseline	syntcomp25	lift_pb_3_pe_.ltl	downset-bound	3	646255134893	1277938120017	1340159	2800137774	124	1
baseline	syntcomp25	lift_pb_3_pe_.ltl	downset-bound	4	658001615161	1296048380215	1285442	2842683617	124	1
baseline	syntcomp25	lift_pb_3_pe_.ltl	downset-bound	5	673650365641	1149688317369	1048417	2742345385	124	1
baseline	syntcomp25	workstation_resupply_pb_3_pe_.ltl	letter-loop-bound	1	474388544217	1416070473083	855524	1748316267	124	1
baseline	syntcomp25	workstation_resupply_pb_3_pe_.ltl	letter-loop-bound	2	486176389062	1480998127697	793960	1789358323	124	1
baseline	syntcomp25	workstation_resupply_pb_3_pe_.ltl	letter-loop-bound	3	463548087205	1368689184260	580536	1795254829	124	1
baseline	syntcomp25	workstation_resupply_pb_3_pe_.ltl	letter-loop-bound	4	487360130582	1455685260248	477571	1932385702	124	1
baseline	syntcomp25	workstation_resupply_pb_3_pe_.ltl	letter-loop-bound	5	481816997578	1451765212924	634499	1757289177	124	1
