suite	instance	worker	mode	route	aut_states	input_classes	raw_output_paths	unique_residual_roots	minimal_residual_roots	max_output_paths	max_residual_roots	decoded_transition_sets	unique_action_vecs	relation_bdd_nodes	dominance_tests	dominance_declines	census_ms	dominance_ms	decode_ms	max_f	actions_seen	result
syntcomp24	LedMatrix.ltl	unreal-automaton	census	ltl	775	4	28	16	8	4	4	0	0	80	32	0	0	0	0	0	0	unknown
syntcomp24	OneCounter.ltl	real	census	ltl	67	385	40448	7711	7711	79	28	0	0	16639	156782	0	45	0	0	0	0	unknown
syntcomp24	OneCounter.ltl	unreal-formula	census	ltl	27	28	26560	9497	1013	512	392	0	0	29708	278455	0	35	20	0	0	0	unknown
syntcomp24	OneCounter.ltl	unreal-automaton	census	ltl	28	28	23240	3275	1013	448	131	0	0	11157	97119	0	13	2	0	0	0	unknown
syntcomp24	OneCounterGuiA6.ltl	real	census	ltl	55	49	5056	942	942	79	28	0	0	7714	18876	0	6	0	0	0	0	unknown
syntcomp24	OneCounterGuiA6.ltl	unreal-formula	census	ltl	24	28	3320	1287	611	64	56	0	0	4774	22265	0	2	0	0	0	0	unknown
syntcomp24	OneCounterGuiA6.ltl	unreal-automaton	census	ltl	25	28	3320	1161	632	64	50	0	0	4028	22392	0	2	0	0	0	0	unknown
syntcomp24	OneCounterGuiA7.ltl	real	census	ltl	55	97	10112	1869	1869	79	28	0	0	9156	37056	0	13	0	0	0	0	unknown
syntcomp24	OneCounterGuiA7.ltl	unreal-formula	census	ltl	25	28	6640	2465	686	128	104	0	0	8325	48646	0	5	0	0	0	0	unknown
syntcomp24	OneCounterGuiA7.ltl	unreal-automaton	census	ltl	26	28	5810	1469	728	112	62	0	0	4914	31358	0	3	0	0	0	0	unknown
syntcomp24	OneCounterGuiA8.ltl	real	census	ltl	67	193	20224	3837	3837	79	28	0	0	14161	77636	0	35	0	0	0	0	unknown
syntcomp24	OneCounterGuiA8.ltl	unreal-formula	census	ltl	26	28	13280	4821	890	256	200	0	0	15236	123043	0	12	0	0	0	0	unknown
syntcomp24	OneCounterGuiA8.ltl	unreal-automaton	census	ltl	27	28	11620	2577	911	224	104	0	0	8628	70475	0	6	0	0	0	0	unknown
syntcomp24	OneCounterGuiA9.ltl	real	census	ltl	67	385	40448	7711	7711	79	28	0	0	16639	156782	0	46	0	0	0	0	unknown
syntcomp24	OneCounterGuiA9.ltl	unreal-formula	census	ltl	27	28	26560	9497	1013	512	392	0	0	29708	278455	0	34	18	0	0	0	unknown
syntcomp24	OneCounterGuiA9.ltl	unreal-automaton	census	ltl	28	28	23240	3275	1013	448	131	0	0	11157	97119	0	15	5	0	0	0	unknown
syntcomp24	SPI.ltl	real	census	ltl	12	10	27514	2450	353	2706	272	0	0	3533	99992	0	4	0	0	0	0	unknown
syntcomp24	SPI.ltl	unreal-automaton	census	ltl	33	26	11401	260	260	13	10	0	0	1745	2340	0	0	0	0	0	0	unknown
syntcomp24	TwoCountersDisButA8.ltl	real	census	ltl	35	196	106232	3953	3953	271	41	0	0	11047	92334	0	15	0	0	0	0	unknown
syntcomp24	TwoCountersDisButA8.ltl	unreal-formula	census	ltl	43	91	68404	18408	3445	496	219	0	0	32058	567324	0	65	8	0	0	0	unknown
syntcomp24	TwoCountersDisButA8.ltl	unreal-automaton	census	ltl	38	91	51571	6872	1124	496	86	0	0	15542	89844	0	10	0	0	0	0	unknown
syntcomp24	TwoCountersDisButAC.ltl	real	census	ltl	35	406	216800	7751	7751	271	41	0	0	17203	170842	0	25	0	0	0	0	unknown
syntcomp24	TwoCountersDisButAC.ltl	unreal-automaton	census	ltl	55	91	98819	9800	1262	1020	118	0	0	38171	373928	0	58	3	0	0	0	unknown
syntcomp24	abcg_arbiter3.ltl	real	census	ltl	33	8	18432	18432	18432	2304	2304	0	0	204471	0	8	5	0	0	0	0	unknown
syntcomp24	abcg_arbiter3.ltl	unreal-automaton	census	ltl	2235	257	4088	2056	2056	8	8	0	0	41523	14392	0	14	0	0	0	0	unknown
syntcomp24	amba_decomposed_lock10.ltl	real	census	ltl	5	4	40960	8	8	2	2	0	0	6210	8	0	1	0	0	0	0	unknown
syntcomp24	amba_decomposed_lock10.ltl	unreal-automaton	census	ltl	10	2	229376	10	10	114688	5	0	0	12441	40	0	3	0	0	0	0	unknown
syntcomp24	amba_decomposed_lock11.ltl	real	census	ltl	5	4	90112	8	8	2	2	0	0	12358	8	0	5	0	0	0	0	unknown
syntcomp24	amba_decomposed_lock11.ltl	unreal-automaton	census	ltl	10	2	548864	10	10	274432	5	0	0	24737	40	0	6	0	0	0	0	unknown
syntcomp24	amba_decomposed_lock12.ltl	real	census	ltl	5	4	196608	8	8	2	2	0	0	24650	8	0	12	0	0	0	0	unknown
syntcomp24	amba_decomposed_lock12.ltl	unreal-automaton	census	ltl	10	2	1294336	10	10	647168	5	0	0	49321	40	0	16	0	0	0	0	unknown
syntcomp24	amba_decomposed_lock15.ltl	real	census	ltl	5	4	1966080	8	8	2	2	0	0	196694	8	0	152	0	0	0	0	unknown
syntcomp24	amba_decomposed_lock15.ltl	unreal-automaton	census	ltl	10	2	15859712	10	10	7929856	5	0	0	393409	40	0	177	0	0	0	0	unknown
syntcomp24	amba_decomposed_lock16.ltl	real	census	ltl	5	4	4194304	8	8	2	2	0	0	393306	8	0	422	0	0	0	0	unknown
syntcomp24	amba_decomposed_lock16.ltl	unreal-automaton	census	ltl	10	2	35913728	10	10	17956864	5	0	0	786633	40	0	485	0	0	0	0	unknown
syntcomp24	arbiter5.ltl	real	census	ltl	23	32	1024	1024	424	32	32	0	0	5277	17584	0	2	0	0	0	0	unknown
syntcomp24	arbiter5.ltl	unreal-automaton	census	ltl	353	7	512	224	224	32	32	0	0	11075	6944	0	32	30	0	0	0	unknown
syntcomp24	arbiter6.ltl	real	census	ltl	27	64	4096	4096	1164	64	64	0	0	17498	100042	0	16	0	0	0	0	unknown
syntcomp24	arbiter6.ltl	unreal-automaton	census	ltl	929	8	1408	512	512	64	64	0	0	36369	32256	0	387	382	0	0	0	unknown
syntcomp24	arbiter7.ltl	real	census	ltl	31	128	16384	16384	3196	128	128	0	0	63112	568336	0	90	20	0	0	0	unknown
syntcomp24	arbiter8.ltl	real	census	ltl	35	256	65536	65536	8848	256	256	0	0	243655	2928743	0	560	411	0	0	0	unknown
syntcomp24	arbiter_with_buffer5.ltl	real	census	ltl	17	32	32768	32768	32768	1024	1024	0	0	33887	0	32	8	0	0	0	0	unknown
syntcomp24	arbiter_with_buffer6.ltl	real	census	ltl	20	64	262144	262144	262144	4096	4096	0	0	177267	0	64	90	0	0	0	0	unknown
syntcomp24	arbiter_with_cancel5.ltl	real	census	ltl	23	243	7776	7776	3986	32	32	0	0	19224	146261	0	24	0	0	0	0	unknown
syntcomp24	arbiter_with_cancel5.ltl	unreal-automaton	census	ltl	433	7	3888	1490	1085	243	243	0	0	55951	245157	0	793	789	0	0	0	unknown
syntcomp24	arbiter_with_cancel6.ltl	real	census	ltl	27	729	46656	46656	18822	64	64	0	0	81348	1370562	0	214	5	0	0	0	unknown
syntcomp24	detector_unreal12.ltl	real	census	ltl	42	4096	8192	8192	8192	2	2	0	0	94699	8192	0	12	0	0	0	0	unknown
syntcomp24	detector_unreal12.ltl	unreal-formula	census	ltl	41	2	8192	8192	8192	4096	4096	0	0	88225	0	2	2	0	0	0	0	unknown
syntcomp24	detector_unreal12.ltl	unreal-automaton	census	ltl	44	2	8192	8192	8192	4096	4096	0	0	91858	0	2	2	0	0	0	0	unknown
syntcomp24	detector_unreal13.ltl	real	census	ltl	45	8192	16384	16384	16384	2	2	0	0	195751	16384	0	34	0	0	0	0	unknown
syntcomp24	detector_unreal13.ltl	unreal-formula	census	ltl	44	2	16384	16384	16384	8192	8192	0	0	175789	0	2	4	0	0	0	0	unknown
syntcomp24	detector_unreal13.ltl	unreal-automaton	census	ltl	47	2	16384	16384	16384	8192	8192	0	0	178925	0	2	4	0	0	0	0	unknown
syntcomp24	detector_unreal14.ltl	real	census	ltl	48	16384	32768	32768	32768	2	2	0	0	383799	32768	0	94	0	0	0	0	unknown
syntcomp24	detector_unreal14.ltl	unreal-formula	census	ltl	47	2	32768	32768	32768	16384	16384	0	0	350859	0	2	10	0	0	0	0	unknown
syntcomp24	detector_unreal14.ltl	unreal-automaton	census	ltl	50	2	32768	32768	32768	16384	16384	0	0	379527	0	2	11	0	0	0	0	unknown
syntcomp24	detector_unreal15.ltl	real	census	ltl	51	32768	65536	65536	65536	2	2	0	0	737801	65536	0	166	0	0	0	0	unknown
syntcomp24	detector_unreal15.ltl	unreal-formula	census	ltl	50	2	65536	65536	65536	32768	32768	0	0	766991	0	2	25	0	0	0	0	unknown
syntcomp24	detector_unreal15.ltl	unreal-automaton	census	ltl	53	2	65536	65536	65536	32768	32768	0	0	807371	0	2	25	0	0	0	0	unknown
syntcomp24	detector_unreal16.ltl	real	census	ltl	54	65536	131072	131072	131072	2	2	0	0	1389305	131072	0	333	0	0	0	0	unknown
syntcomp24	detector_unreal16.ltl	unreal-automaton	census	ltl	56	2	131072	131072	131072	65536	65536	0	0	1548516	0	2	65	0	0	0	0	unknown
syntcomp24	finding_nemo_1.ltl	real	census	ltl	375	3	72	54	51	18	18	0	0	7971	910	0	7	5	0	0	0	unknown
syntcomp24	finding_nemo_1.ltl	unreal-formula	census	ltl	47	12	30	26	22	4	3	0	0	601	29	0	0	0	0	0	0	unknown
syntcomp24	finding_nemo_1.ltl	unreal-automaton	census	ltl	51	12	30	26	22	4	3	0	0	421	29	0	0	0	0	0	0	unknown
syntcomp24	finding_nemo_5.ltl	unreal-formula	census	ltl	163	96	538	202	138	4	3	0	0	3749	169	0	0	0	0	0	0	unknown
syntcomp24	finding_nemo_5.ltl	unreal-automaton	census	ltl	197	96	538	202	138	4	3	0	0	2441	169	0	11	11	0	0	0	unknown
syntcomp24	full_arbiter_enc8.ltl	real	census	ltl	43	8	128	128	128	16	16	0	0	2108	1920	0	0	0	0	0	0	unknown
syntcomp24	lift3.ltl	real	census	ltl	169	8	236	120	120	32	22	0	0	4896	1798	0	1	0	0	0	0	unknown
syntcomp24	lift3.ltl	unreal-formula	census	ltl	164	18	232	144	135	8	8	0	0	4664	935	0	0	0	0	0	0	unknown
syntcomp24	lift3.ltl	unreal-automaton	census	ltl	135	18	232	144	135	8	8	0	0	3078	935	0	0	0	0	0	0	unknown
syntcomp24	lift4.ltl	real	census	ltl	437	16	480	297	297	32	28	0	0	20941	5588	0	19	14	0	0	0	unknown
syntcomp24	lift4.ltl	unreal-formula	census	ltl	594	25	464	400	372	16	16	0	0	24392	5558	0	18	8	0	0	0	unknown
syntcomp24	lift4.ltl	unreal-automaton	census	ltl	472	25	464	400	372	16	16	0	0	13277	5558	0	13	2	0	0	0	unknown
syntcomp24	lift5.ltl	real	census	ltl	1221	32	1992	842	842	64	38	0	0	102007	22310	0	105	91	0	0	0	unknown
syntcomp24	lift5.ltl	unreal-formula	census	ltl	1896	32	1824	1024	949	32	32	0	0	102669	29373	0	222	207	0	0	0	unknown
syntcomp24	lift5.ltl	unreal-automaton	census	ltl	1489	32	1824	1024	949	32	32	0	0	57127	29373	0	184	168	0	0	0	unknown
syntcomp24	lift6.ltl	real	census	ltl	3045	64	4032	2059	2059	64	46	0	0	411423	66624	0	659	629	0	0	0	unknown
syntcomp24	lift6.ltl	unreal-formula	census	ltl	5550	39	3648	2496	2310	64	64	0	0	408851	145436	0	2204	2179	0	0	0	unknown
syntcomp24	lift6.ltl	unreal-automaton	census	ltl	4354	39	3648	2496	2310	64	64	0	0	211228	145436	0	2042	2018	0	0	0	unknown
syntcomp24	lift7.ltl	none	census	ltl	0	0	0	0	0	0	0	0	0	0	0	0	0	0	0	0	0	timeout
syntcomp24	lift_unary_enc3.ltl	real	census	ltl	221	8	472	261	244	64	52	0	0	10366	8078	0	8	4	0	0	0	unknown
syntcomp24	lift_unary_enc3.ltl	unreal-formula	census	ltl	615	32	432	256	228	8	8	0	0	21607	1548	0	4	0	0	0	0	unknown
syntcomp24	lift_unary_enc3.ltl	unreal-automaton	census	ltl	217	32	432	256	228	8	8	0	0	6174	1548	0	1	0	0	0	0	unknown
syntcomp24	lift_unary_enc4.ltl	real	census	ltl	796	16	1952	1134	1058	128	118	0	0	87092	80289	0	207	199	0	0	0	unknown
syntcomp24	lift_unary_enc4.ltl	unreal-formula	census	ltl	4219	70	1696	1120	977	16	16	0	0	311213	14427	0	238	203	0	0	0	unknown
syntcomp24	lift_unary_enc4.ltl	unreal-automaton	census	ltl	1313	70	1696	1120	977	16	16	0	0	57025	14427	0	68	42	0	0	0	unknown
syntcomp24	load_balancer6.ltl	real	census	ltl	39	128	6528	6272	857	64	64	0	0	39227	64113	0	16	2	0	0	0	unknown
syntcomp24	load_balancer6.ltl	unreal-formula	census	ltl	4534	11	2020	832	832	97	97	0	0	117513	63162	0	445	440	0	0	0	unknown
syntcomp24	load_balancer6.ltl	unreal-automaton	census	ltl	2911	11	2813	1067	1067	97	97	0	0	127619	102432	0	1027	1022	0	0	0	unknown
syntcomp24	ltl2dba_theta10.ltl	real	census	ltl	41	3072	6144	6144	6144	2	2	0	0	66548	6144	0	6	0	0	0	0	unknown
syntcomp24	ltl2dba_theta10.ltl	unreal-formula	census	ltl	40	2	6144	6144	6144	3072	3072	0	0	65146	0	2	2	0	0	0	0	unknown
syntcomp24	ltl2dba_theta10.ltl	unreal-automaton	census	ltl	51	2	6144	6144	6144	3072	3072	0	0	69633	0	2	2	0	0	0	0	unknown
syntcomp24	ltl2dba_theta12.ltl	real	census	ltl	47	12288	24576	24576	24576	2	2	0	0	284842	24576	0	52	0	0	0	0	unknown
syntcomp24	ltl2dba_theta12.ltl	unreal-formula	census	ltl	46	2	24576	24576	24576	12288	12288	0	0	271993	0	2	7	0	0	0	0	unknown
syntcomp24	ltl2dba_theta12.ltl	unreal-automaton	census	ltl	59	2	24576	24576	24576	12288	12288	0	0	276012	0	2	7	0	0	0	0	unknown
syntcomp24	ltl2dba_theta14.ltl	real	census	ltl	53	49152	98304	98304	98304	2	2	0	0	1040074	98304	0	215	0	0	0	0	unknown
syntcomp24	ltl2dba_theta14.ltl	unreal-formula	census	ltl	52	2	98304	98304	98304	49152	49152	0	0	1050977	0	2	43	0	0	0	0	unknown
syntcomp24	ltl2dba_theta14.ltl	unreal-automaton	census	ltl	67	2	98304	98304	98304	49152	49152	0	0	1246284	0	2	46	0	0	0	0	unknown
syntcomp24	ltl2dpa13.ltl	real	census	ltl	50	4	32	32	24	8	8	0	0	935	140	0	0	0	0	0	0	unknown
syntcomp24	ltl2dpa13.ltl	unreal-formula	census	ltl	41	8	27	27	21	4	4	0	0	596	61	0	0	0	0	0	0	unknown
syntcomp24	ltl2dpa13.ltl	unreal-automaton	census	ltl	52	4	24	15	13	4	4	0	0	459	37	0	0	0	0	0	0	unknown
syntcomp24	ltl2dpa19.ltl	real	census	ltl	96	8	64	64	48	8	8	0	0	3252	328	0	0	0	0	0	0	unknown
syntcomp24	ltl2dpa19.ltl	unreal-formula	census	ltl	66	8	59	59	49	8	8	0	0	1679	313	0	0	0	0	0	0	unknown
syntcomp24	ltl2dpa19.ltl	unreal-automaton	census	ltl	75	4	52	31	29	8	8	0	0	1159	197	0	0	0	0	0	0	unknown
syntcomp24	prioritized_arbiter10.ltl	real	census	ltl	25	2	4096	4096	4096	2048	2048	0	0	14513	0	2	1	0	0	0	0	unknown
syntcomp24	prioritized_arbiter10.ltl	unreal-formula	census	ltl	47	13	134	26	26	2	2	0	0	591	26	0	0	0	0	0	0	unknown
syntcomp24	prioritized_arbiter10.ltl	unreal-automaton	census	ltl	65	13	134	26	26	2	2	0	0	630	26	0	0	0	0	0	0	unknown
syntcomp24	prioritized_arbiter12.ltl	real	census	ltl	29	2	16384	16384	16384	8192	8192	0	0	66927	0	2	5	0	0	0	0	unknown
syntcomp24	prioritized_arbiter12.ltl	unreal-formula	census	ltl	55	15	184	30	30	2	2	0	0	694	30	0	0	0	0	0	0	unknown
syntcomp24	prioritized_arbiter12.ltl	unreal-automaton	census	ltl	77	15	184	30	30	2	2	0	0	751	30	0	0	0	0	0	0	unknown
syntcomp24	prioritized_arbiter6.ltl	real	census	ltl	17	2	256	256	16	128	128	0	0	1119	356	0	0	0	0	0	0	unknown
syntcomp24	prioritized_arbiter6.ltl	unreal-formula	census	ltl	31	9	58	18	18	2	2	0	0	340	18	0	0	0	0	0	0	unknown
syntcomp24	prioritized_arbiter6.ltl	unreal-automaton	census	ltl	41	9	58	18	18	2	2	0	0	362	18	0	0	0	0	0	0	unknown
syntcomp24	prioritized_arbiter7.ltl	real	census	ltl	19	2	512	512	18	256	256	0	0	2241	642	0	0	0	0	0	0	unknown
syntcomp24	prioritized_arbiter7.ltl	unreal-formula	census	ltl	35	10	74	20	20	2	2	0	0	456	20	0	0	0	0	0	0	unknown
syntcomp24	prioritized_arbiter7.ltl	unreal-automaton	census	ltl	47	10	74	20	20	2	2	0	0	408	20	0	0	0	0	0	0	unknown
syntcomp24	prioritized_arbiter8.ltl	real	census	ltl	21	2	1024	1024	1024	512	512	0	0	3891	0	2	0	0	0	0	0	unknown
syntcomp24	prioritized_arbiter8.ltl	unreal-formula	census	ltl	39	11	92	22	22	2	2	0	0	498	22	0	0	0	0	0	0	unknown
syntcomp24	prioritized_arbiter8.ltl	unreal-automaton	census	ltl	53	11	92	22	22	2	2	0	0	463	22	0	0	0	0	0	0	unknown
syntcomp24	prioritized_arbiter9.ltl	real	census	ltl	23	2	2048	2048	2048	1024	1024	0	0	7404	0	2	0	0	0	0	0	unknown
syntcomp24	prioritized_arbiter9.ltl	unreal-formula	census	ltl	43	12	112	24	24	2	2	0	0	549	24	0	0	0	0	0	0	unknown
syntcomp24	prioritized_arbiter9.ltl	unreal-automaton	census	ltl	59	12	112	24	24	2	2	0	0	510	24	0	0	0	0	0	0	unknown
syntcomp24	prioritized_arbiter_enc10.ltl	real	census	ltl	55	11	256	176	176	16	16	0	0	2278	2640	0	0	0	0	0	0	unknown
syntcomp24	prioritized_arbiter_enc8.ltl	real	census	ltl	35	8	128	128	120	16	16	0	0	1522	1688	0	0	0	0	0	0	unknown
syntcomp24	prioritized_arbiter_enc8.ltl	unreal-formula	census	ltl	18102	16	128	128	128	8	8	0	0	579210	896	0	529	521	0	0	0	unknown
syntcomp24	robot_grid2_2.ltl	real	census	ltl	98	16	367	168	96	26	15	0	0	2749	600	0	0	0	0	0	0	unknown
syntcomp24	robot_grid2_2.ltl	unreal-formula	census	ltl	1185	20	416	320	320	16	16	0	0	60155	4800	0	102	94	0	0	0	unknown
syntcomp24	robot_grid2_2.ltl	unreal-automaton	census	ltl	595	20	416	320	320	16	16	0	0	30510	4800	0	56	46	0	0	0	unknown
syntcomp24	round_robin_arbiter4.ltl	real	census	ltl	453	16	256	256	256	16	16	0	0	22953	3840	0	7	0	0	0	0	unknown
syntcomp24	round_robin_arbiter4.ltl	unreal-formula	census	ltl	63	16	256	256	256	16	16	0	0	3676	3840	0	1	0	0	0	0	unknown
syntcomp24	round_robin_arbiter4.ltl	unreal-automaton	census	ltl	111	16	256	256	256	16	16	0	0	3556	3840	0	1	0	0	0	0	unknown
syntcomp24	round_robin_arbiter5.ltl	real	census	ltl	1705	32	1024	1024	1024	32	32	0	0	178931	31744	0	227	210	0	0	0	unknown
syntcomp24	round_robin_arbiter5.ltl	unreal-formula	census	ltl	130	32	1024	1024	1024	32	32	0	0	15897	31744	0	35	19	0	0	0	unknown
syntcomp24	round_robin_arbiter5.ltl	unreal-automaton	census	ltl	290	32	1024	1024	1024	32	32	0	0	15587	31744	0	28	13	0	0	0	unknown
syntcomp24	round_robin_arbiter6.ltl	real	census	ltl	6331	64	4096	4096	4096	64	64	0	0	1403124	258048	0	4322	4286	0	0	0	unknown
syntcomp24	round_robin_arbiter6.ltl	unreal-formula	census	ltl	277	64	4096	4096	4096	64	64	0	0	62750	258048	0	451	414	0	0	0	unknown
syntcomp24	round_robin_arbiter6.ltl	unreal-automaton	census	ltl	757	64	4096	4096	4096	64	64	0	0	62831	258048	0	467	433	0	0	0	unknown
syntcomp24	simple_arbiter_enc10.ltl	real	census	ltl	27	11	256	176	176	16	16	0	0	1457	2640	0	0	0	0	0	0	unknown
syntcomp24	simple_arbiter_enc8.ltl	real	census	ltl	17	8	64	64	64	8	8	0	0	636	448	0	0	0	0	0	0	unknown
syntcomp24	simple_arbiter_enc8.ltl	unreal-formula	census	ltl	5888	8	64	64	64	8	8	0	0	175209	448	0	106	102	0	0	0	unknown
syntcomp24	simple_arbiter_with_hints10.ltl	real	census	ltl	31	1024	1048576	1048576	1048576	1024	1024	0	0	70233	0	1024	184	0	0	0	0	unknown
syntcomp24	simple_arbiter_with_hints6.ltl	real	census	ltl	19	64	4096	4096	1409	64	64	0	0	3257	90989	0	3	0	0	0	0	unknown
syntcomp24	simple_arbiter_with_hints6.ltl	unreal-formula	census	ltl	361	8	1408	512	512	64	64	0	0	35342	32256	0	199	194	0	0	0	unknown
syntcomp24	simple_arbiter_with_hints6.ltl	unreal-automaton	census	ltl	804	8	1408	512	512	64	64	0	0	41763	32256	0	216	213	0	0	0	unknown
syntcomp24	tmp_13cfc6f2.ltl	real	census	ltl	566	19	1594	558	188	91	36	0	0	47254	12088	0	35	28	0	0	0	unknown
syntcomp24	tmp_13cfc6f2.ltl	unreal-formula	census	ltl	36	13	667	378	378	32	32	0	0	2427	11050	0	1	0	0	0	0	unknown
syntcomp24	tmp_13cfc6f2.ltl	unreal-automaton	census	ltl	35	13	805	384	350	32	32	0	0	1928	10591	0	1	0	0	0	0	unknown
syntcomp24	workstation_resupply_3.ltl	real	census	ltl	169	8	5290	1748	187	774	261	0	0	18361	32154	0	11	7	0	0	0	unknown
syntcomp24	workstation_resupply_3.ltl	unreal-formula	census	ltl	156	20	1184	160	139	8	8	0	0	3017	973	0	0	0	0	0	0	unknown
syntcomp24	workstation_resupply_3.ltl	unreal-automaton	census	ltl	166	20	1184	160	139	8	8	0	0	2332	973	0	0	0	0	0	0	unknown
syntcomp24	workstation_resupply_4.ltl	real	census	ltl	366	16	39558	9236	9236	3078	741	0	0	95682	0	16	5	0	0	0	0	unknown
syntcomp24	workstation_resupply_4.ltl	unreal-formula	census	ltl	370	24	3584	384	339	16	16	0	0	7071	5085	0	1	0	0	0	0	unknown
syntcomp24	workstation_resupply_4.ltl	unreal-automaton	census	ltl	389	24	3584	384	339	16	16	0	0	5557	5085	0	0	0	0	0	0	unknown
syntcomp25	F-G-contradiction-111.ltl	real	census	tlsf	10226	558	1281	942	942	4	3	0	0	238661	1134	0	24	0	0	0	0	unknown
syntcomp25	F-G-contradiction-111.ltl	unreal-formula	census	tlsf	91	3	201856	118282	118282	50464	39432	0	0	166116	0	3	40	0	0	0	0	unknown
syntcomp25	F-G-contradiction-111.ltl	unreal-automaton	census	tlsf	116	3	201856	118270	118270	50464	39486	0	0	432016	0	3	54	0	0	0	0	unknown
syntcomp25	GF-G-contradiction2.ltl	real	census	tlsf	317	83	184	158	158	4	4	0	0	5903	288	0	0	0	0	0	0	unknown
syntcomp25	GF-G-contradiction2.ltl	unreal-formula	census	tlsf	73	4	1680	1161	702	420	291	0	0	3256	138854	0	28	27	0	0	0	unknown
syntcomp25	GF-G-contradiction2.ltl	unreal-automaton	census	tlsf	69	4	1672	1158	673	420	292	0	0	7548	144445	0	29	28	0	0	0	unknown
syntcomp25	GF-G-contradiction4.ltl	real	census	tlsf	1922	266	615	521	521	4	4	0	0	47102	954	0	4	0	0	0	0	unknown
syntcomp25	GF-G-contradiction4.ltl	unreal-formula	census	tlsf	89	4	82136	35531	35531	20546	8910	0	0	49947	0	4	10	0	0	0	0	unknown
syntcomp25	GF-G-contradiction4.ltl	unreal-automaton	census	tlsf	93	4	81920	35353	35353	20578	9260	0	0	156554	0	4	18	0	0	0	0	unknown
syntcomp25	GF-G-contradiction6.ltl	unreal-formula	census	tlsf	106	4	990304	559668	559668	247648	139954	0	0	599632	0	4	241	0	0	0	0	unknown
syntcomp25	GF-G-contradiction6.ltl	unreal-automaton	census	tlsf	119	4	989296	559580	559580	247840	140368	0	0	1849240	0	4	345	0	0	0	0	unknown
syntcomp25	LedMatrix.ltl	unreal-automaton	census	ltl	775	4	28	16	8	4	4	0	0	80	32	0	0	0	0	0	0	unknown
syntcomp25	OneCounterGuiA8.ltl	real	census	ltl	67	193	20224	3837	3837	79	28	0	0	14161	77636	0	30	0	0	0	0	unknown
syntcomp25	OneCounterGuiA8.ltl	unreal-formula	census	ltl	26	28	13280	4821	890	256	200	0	0	15236	123043	0	12	1	0	0	0	unknown
syntcomp25	OneCounterGuiA8.ltl	unreal-automaton	census	ltl	27	28	11620	2577	911	224	104	0	0	8628	70475	0	6	0	0	0	0	unknown
syntcomp25	TwoCounters3.ltl	real	census	ltl	6	76	16328	274	274	52	4	0	0	867	736	0	0	0	0	0	0	unknown
syntcomp25	TwoCounters3.ltl	unreal-formula	census	ltl	38	19	28408	6034	1463	878	374	0	0	34129	390720	0	107	93	0	0	0	unknown
syntcomp25	TwoCounters3.ltl	unreal-automaton	census	ltl	26	19	9331	427	55	314	28	0	0	3651	1002	0	0	0	0	0	0	unknown
syntcomp25	amba_case_study_unreal_pb_2_pe_.ltl	real	census	tlsf	36	54	11904	10368	10368	256	192	0	0	18450	1980288	0	350	322	0	0	0	unknown
syntcomp25	amba_decomposed_lock_pb_12_pe_.ltl	real	census	ltl	5	4	196608	8	8	2	2	0	0	24650	8	0	11	0	0	0	0	unknown
syntcomp25	amba_decomposed_lock_pb_12_pe_.ltl	unreal-automaton	census	ltl	10	2	1294336	10	10	647168	5	0	0	49321	40	0	17	0	0	0	0	unknown
syntcomp25	amba_decomposed_lock_pb_13_pe_.ltl	real	census	ltl	5	4	425984	8	8	2	2	0	0	49230	8	0	28	0	0	0	0	unknown
syntcomp25	amba_decomposed_lock_pb_13_pe_.ltl	unreal-automaton	census	ltl	10	2	3014656	10	10	1507328	5	0	0	98481	40	0	35	0	0	0	0	unknown
syntcomp25	amba_decomposed_lock_pb_16_pe_.ltl	real	census	ltl	5	4	4194304	8	8	2	2	0	0	393306	8	0	341	0	0	0	0	unknown
syntcomp25	amba_decomposed_lock_pb_16_pe_.ltl	unreal-automaton	census	ltl	10	2	35913728	10	10	17956864	5	0	0	786633	40	0	429	0	0	0	0	unknown
syntcomp25	arbiter_pb_5_pe_.ltl	real	census	ltl	23	32	1024	1024	424	32	32	0	0	5277	17584	0	2	0	0	0	0	unknown
syntcomp25	arbiter_pb_5_pe_.ltl	unreal-automaton	census	ltl	353	7	512	224	224	32	32	0	0	11075	6944	0	23	20	0	0	0	unknown
syntcomp25	arbiter_pb_6_pe_.ltl	real	census	ltl	27	64	4096	4096	1164	64	64	0	0	17498	100042	0	11	0	0	0	0	unknown
syntcomp25	arbiter_pb_6_pe_.ltl	unreal-automaton	census	ltl	929	8	1408	512	512	64	64	0	0	36369	32256	0	253	249	0	0	0	unknown
syntcomp25	arbiter_with_buffer_pb_5_pe_.ltl	real	census	ltl	17	32	32768	32768	32768	1024	1024	0	0	33887	0	32	7	0	0	0	0	unknown
syntcomp25	arbiter_with_cancel_pb_5_pe_.ltl	real	census	ltl	23	243	7776	7776	3986	32	32	0	0	19224	146261	0	18	0	0	0	0	unknown
syntcomp25	arbiter_with_cancel_pb_5_pe_.ltl	unreal-automaton	census	ltl	433	7	3888	1490	1085	243	243	0	0	55951	245157	0	680	677	0	0	0	unknown
syntcomp25	arbiter_with_cancel_pb_6_pe_.ltl	real	census	ltl	27	729	46656	46656	18822	64	64	0	0	81348	1370562	0	159	0	0	0	0	unknown
syntcomp25	chain-simple-70-real.ltl	real	census	tlsf	4606	506	1070	1070	1070	3	3	0	0	70537	1692	0	4	0	0	0	0	unknown
syntcomp25	chain-simple-70-real.ltl	unreal-formula	census	tlsf	333	3	41088	23744	23744	13696	8096	0	0	93928	0	3	7	0	0	0	0	unknown
syntcomp25	chain-simple-70-real.ltl	unreal-automaton	census	tlsf	249	3	41088	23744	23744	13696	8096	0	0	140660	0	3	8	0	0	0	0	unknown
syntcomp25	chain-simple-param-70-real.ltl	real	census	tlsf	1039	54	114	114	114	3	3	0	0	21587	180	0	1	0	0	0	0	unknown
syntcomp25	chain-simple-param-70-real.ltl	unreal-formula	census	tlsf	90	3	61440	61440	61440	20480	20480	0	0	114213	0	3	15	0	0	0	0	unknown
syntcomp25	chain-simple-param-70-real.ltl	unreal-automaton	census	tlsf	96	3	61440	61440	61440	20480	20480	0	0	246180	0	3	22	0	0	0	0	unknown
syntcomp25	chomp_pb_2_3_pe_.ltl	real	census	tlsf	31	9	3054	67	67	201	28	0	0	803	920	0	0	0	0	0	0	unknown
syntcomp25	chomp_pb_2_3_pe_.ltl	unreal-formula	census	tlsf	21	34	2908	113	113	17	7	0	0	655	316	0	0	0	0	0	0	unknown
syntcomp25	chomp_pb_2_3_pe_.ltl	unreal-automaton	census	tlsf	47	34	2908	113	112	17	7	0	0	1171	310	0	0	0	0	0	0	unknown
syntcomp25	f-real-real.ltl	real	census	tlsf	6757	244	1952	608	608	8	8	0	0	318835	1568	0	69	36	0	0	0	unknown
syntcomp25	f-real-real.ltl	unreal-formula	census	tlsf	55	6	6480	2928	2928	1080	492	0	0	9466	0	6	1	0	0	0	0	unknown
syntcomp25	f-real-real.ltl	unreal-automaton	census	tlsf	56	6	6480	2892	2892	1080	492	0	0	11925	0	6	1	0	0	0	0	unknown
syntcomp25	g-real0.ltl	real	census	tlsf	280	46	67	49	49	2	2	0	0	4240	6	0	0	0	0	0	0	unknown
syntcomp25	g-real0.ltl	unreal-formula	census	tlsf	46	2	6144	5120	5120	3072	2560	0	0	13371	0	2	1	0	0	0	0	unknown
syntcomp25	g-real0.ltl	unreal-automaton	census	tlsf	47	2	6144	5120	5120	3072	2560	0	0	17696	0	2	1	0	0	0	0	unknown
syntcomp25	g-unreal-1-unreal.ltl	real	census	tlsf	957	354	444	354	354	1	1	0	0	12231	0	0	0	0	0	0	0	unknown
syntcomp25	g-unreal-1-unreal.ltl	unreal-formula	census	tlsf	76	1	1200	943	943	1200	943	0	0	7974	0	1	0	0	0	0	0	unknown
syntcomp25	g-unreal-1-unreal.ltl	unreal-automaton	census	tlsf	76	1	1200	943	943	1200	943	0	0	7974	0	1	0	0	0	0	0	unknown
syntcomp25	g-unreal-111.ltl	real	census	tlsf	529	195	244	195	195	1	1	0	0	7347	0	0	0	0	0	0	0	unknown
syntcomp25	g-unreal-111.ltl	unreal-formula	census	tlsf	55	1	608	479	479	608	479	0	0	3751	0	1	0	0	0	0	0	unknown
syntcomp25	g-unreal-111.ltl	unreal-automaton	census	tlsf	55	1	608	479	479	608	479	0	0	3751	0	1	0	0	0	0	0	unknown
syntcomp25	g-unreal-116.ltl	real	census	tlsf	749	275	344	275	275	1	1	0	0	10014	0	0	0	0	0	0	0	unknown
syntcomp25	g-unreal-116.ltl	unreal-formula	census	tlsf	67	1	1160	903	903	1160	903	0	0	7385	0	1	0	0	0	0	0	unknown
syntcomp25	g-unreal-116.ltl	unreal-automaton	census	tlsf	67	1	1160	903	903	1160	903	0	0	7385	0	1	0	0	0	0	0	unknown
syntcomp25	g-unreal-117.ltl	real	census	tlsf	793	291	364	291	291	1	1	0	0	10530	0	0	0	0	0	0	0	unknown
syntcomp25	g-unreal-117.ltl	unreal-formula	census	tlsf	69	1	1168	911	911	1168	911	0	0	7453	0	1	0	0	0	0	0	unknown
syntcomp25	g-unreal-117.ltl	unreal-automaton	census	tlsf	69	1	1168	911	911	1168	911	0	0	7453	0	1	0	0	0	0	0	unknown
syntcomp25	g-unreal-19.ltl	real	census	tlsf	441	163	204	163	163	1	1	0	0	5546	0	0	0	0	0	0	0	unknown
syntcomp25	g-unreal-19.ltl	unreal-formula	census	tlsf	51	1	592	463	463	592	463	0	0	3523	0	1	0	0	0	0	0	unknown
syntcomp25	g-unreal-19.ltl	unreal-automaton	census	tlsf	51	1	592	463	463	592	463	0	0	3523	0	1	0	0	0	0	0	unknown
syntcomp25	g-unreal-32.ltl	real	census	tlsf	315	83	181	158	158	4	4	0	0	6067	288	0	0	0	0	0	0	unknown
syntcomp25	g-unreal-32.ltl	unreal-formula	census	tlsf	77	4	1680	1168	799	420	292	0	0	3416	174162	0	39	36	0	0	0	unknown
syntcomp25	g-unreal-32.ltl	unreal-automaton	census	tlsf	71	4	1672	1158	673	420	292	0	0	7493	150082	0	34	33	0	0	0	unknown
syntcomp25	heim-buechi-real.ltl	real	census	tlsf	3244	179	237	197	197	2	2	0	0	51763	36	0	0	0	0	0	0	unknown
syntcomp25	heim-buechi-real.ltl	unreal-formula	census	tlsf	62	2	8016	4404	4404	4008	2206	0	0	14373	0	2	1	0	0	0	0	unknown
syntcomp25	heim-buechi-real.ltl	unreal-automaton	census	tlsf	59	2	8016	4404	4404	4008	2206	0	0	23620	0	2	2	0	0	0	0	unknown
syntcomp25	heim-double-x1.ltl	real	census	tlsf	253	15	18	18	18	2	2	0	0	2079	6	0	0	0	0	0	0	unknown
syntcomp25	heim-double-x1.ltl	unreal-formula	census	tlsf	92	2	4096	3207	3207	2048	1607	0	0	9688	0	2	0	0	0	0	0	unknown
syntcomp25	heim-double-x1.ltl	unreal-automaton	census	tlsf	54	2	4096	3153	3153	2048	1600	0	0	17656	0	2	0	0	0	0	0	unknown
syntcomp25	heim-double-x11.ltl	real	census	tlsf	1629	95	106	106	106	2	2	0	0	16873	22	0	0	0	0	0	0	unknown
syntcomp25	heim-double-x11.ltl	unreal-formula	census	tlsf	192	2	32768	27399	27399	16384	13715	0	0	85208	0	2	7	0	0	0	0	unknown
syntcomp25	heim-double-x11.ltl	unreal-automaton	census	tlsf	84	2	32768	27165	27165	16384	13684	0	0	149905	0	2	11	0	0	0	0	unknown
syntcomp25	heim-double-x2.ltl	real	census	tlsf	349	19	23	23	23	2	2	0	0	2941	8	0	0	0	0	0	0	unknown
syntcomp25	heim-double-x2.ltl	unreal-formula	census	tlsf	92	2	4096	3392	3392	2048	1700	0	0	10083	0	2	0	0	0	0	0	unknown
syntcomp25	heim-double-x2.ltl	unreal-automaton	census	tlsf	54	2	4096	3335	3335	2048	1692	0	0	17438	0	2	0	0	0	0	0	unknown
syntcomp25	heim-double-x3.ltl	real	census	tlsf	457	29	33	33	33	2	2	0	0	4070	8	0	0	0	0	0	0	unknown
syntcomp25	heim-double-x3.ltl	unreal-formula	census	tlsf	96	2	4096	3592	3592	2048	1800	0	0	10691	0	2	1	0	0	0	0	unknown
syntcomp25	heim-double-x3.ltl	unreal-automaton	census	tlsf	56	2	4096	3535	3535	2048	1792	0	0	18410	0	2	1	0	0	0	0	unknown
syntcomp25	heim-double-x9.ltl	real	census	tlsf	1309	79	88	88	88	2	2	0	0	14027	18	0	0	0	0	0	0	unknown
syntcomp25	heim-double-x9.ltl	unreal-formula	census	tlsf	182	2	32768	26589	26589	16384	13313	0	0	82984	0	2	7	0	0	0	0	unknown
syntcomp25	heim-double-x9.ltl	unreal-automaton	census	tlsf	80	2	32768	26361	26361	16384	13276	0	0	143265	0	2	10	0	0	0	0	unknown
syntcomp25	infinite-race-u2.ltl	real	census	tlsf	1519	58	116	116	116	2	2	0	0	22570	116	0	0	0	0	0	0	unknown
syntcomp25	infinite-race-u2.ltl	unreal-formula	census	tlsf	43	2	6994	3138	3138	3503	1572	0	0	14745	0	2	1	0	0	0	0	unknown
syntcomp25	infinite-race-u2.ltl	unreal-automaton	census	tlsf	39	2	6994	3138	3138	3503	1572	0	0	13192	0	2	1	0	0	0	0	unknown
syntcomp25	infinite-race-u24.ltl	real	census	tlsf	10414	452	903	903	903	2	2	0	0	187542	902	0	6	0	0	0	0	unknown
syntcomp25	infinite-race-u24.ltl	unreal-formula	census	tlsf	100	2	60228	28428	28428	30143	14256	0	0	144434	0	2	11	0	0	0	0	unknown
syntcomp25	infinite-race-u24.ltl	unreal-automaton	census	tlsf	90	2	60228	28428	28428	30143	14256	0	0	136727	0	2	17	0	0	0	0	unknown
syntcomp25	infinite-race-u3.ltl	real	census	tlsf	1874	74	147	147	147	2	2	0	0	27725	146	0	1	0	0	0	0	unknown
syntcomp25	infinite-race-u3.ltl	unreal-formula	census	tlsf	44	2	7424	3333	3333	3719	1670	0	0	16295	0	2	1	0	0	0	0	unknown
syntcomp25	infinite-race-u3.ltl	unreal-automaton	census	tlsf	40	2	7424	3333	3333	3719	1670	0	0	14262	0	2	1	0	0	0	0	unknown
syntcomp25	infinite-race-u5.ltl	real	census	tlsf	2833	110	219	219	219	2	2	0	0	45464	218	0	1	0	0	0	0	unknown
syntcomp25	infinite-race-u5.ltl	unreal-formula	census	tlsf	53	2	14476	6723	6723	7247	3370	0	0	30899	0	2	2	0	0	0	0	unknown
syntcomp25	infinite-race-u5.ltl	unreal-automaton	census	tlsf	48	2	14476	6723	6723	7247	3370	0	0	29681	0	2	2	0	0	0	0	unknown
syntcomp25	lift_pb_3_pe_.ltl	real	census	ltl	169	8	236	120	120	32	22	0	0	4896	1798	0	1	0	0	0	0	unknown
syntcomp25	lift_pb_3_pe_.ltl	unreal-formula	census	ltl	164	18	232	144	135	8	8	0	0	4664	935	0	0	0	0	0	0	unknown
syntcomp25	lift_pb_3_pe_.ltl	unreal-automaton	census	ltl	135	18	232	144	135	8	8	0	0	3078	935	0	0	0	0	0	0	unknown
syntcomp25	load_balancer_unreal1_pb_6_4_pe_.ltl	real	census	ltl	214	128	6528	6272	4032	64	64	0	0	68621	298368	0	156	103	0	0	0	unknown
syntcomp25	ltl2dba_C2_unreal_pb_14_pe_.ltl	real	census	ltl	48	16384	32768	32768	32768	2	2	0	0	383799	32768	0	87	0	0	0	0	unknown
syntcomp25	ltl2dba_C2_unreal_pb_14_pe_.ltl	unreal-formula	census	ltl	47	2	32768	32768	32768	16384	16384	0	0	350859	0	2	8	0	0	0	0	unknown
syntcomp25	ltl2dba_C2_unreal_pb_14_pe_.ltl	unreal-automaton	census	ltl	50	2	32768	32768	32768	16384	16384	0	0	379527	0	2	9	0	0	0	0	unknown
syntcomp25	ltl2dba_C2_unreal_pb_15_pe_.ltl	real	census	ltl	51	32768	65536	65536	65536	2	2	0	0	737801	65536	0	146	0	0	0	0	unknown
syntcomp25	ltl2dba_C2_unreal_pb_15_pe_.ltl	unreal-formula	census	ltl	50	2	65536	65536	65536	32768	32768	0	0	807510	0	2	19	0	0	0	0	unknown
syntcomp25	ltl2dba_C2_unreal_pb_15_pe_.ltl	unreal-automaton	census	ltl	53	2	65536	65536	65536	32768	32768	0	0	807371	0	2	22	0	0	0	0	unknown
syntcomp25	ltl2dba_C2_unreal_pb_16_pe_.ltl	real	census	ltl	54	65536	131072	131072	131072	2	2	0	0	1389305	131072	0	303	0	0	0	0	unknown
syntcomp25	ltl2dba_C2_unreal_pb_16_pe_.ltl	unreal-automaton	census	ltl	56	2	131072	131072	131072	65536	65536	0	0	1548516	0	2	55	0	0	0	0	unknown
syntcomp25	ltl2dba_theta_pb_12_pe_.ltl	real	census	ltl	47	12288	24576	24576	24576	2	2	0	0	284842	24576	0	44	0	0	0	0	unknown
syntcomp25	ltl2dba_theta_pb_12_pe_.ltl	unreal-formula	census	ltl	46	2	24576	24576	24576	12288	12288	0	0	271993	0	2	7	0	0	0	0	unknown
syntcomp25	ltl2dba_theta_pb_12_pe_.ltl	unreal-automaton	census	ltl	59	2	24576	24576	24576	12288	12288	0	0	276012	0	2	7	0	0	0	0	unknown
syntcomp25	ltl2dba_theta_pb_14_pe_.ltl	real	census	ltl	53	49152	98304	98304	98304	2	2	0	0	1040074	98304	0	212	0	0	0	0	unknown
syntcomp25	ltl2dba_theta_pb_14_pe_.ltl	unreal-formula	census	ltl	52	2	98304	98304	98304	49152	49152	0	0	1050977	0	2	40	0	0	0	0	unknown
syntcomp25	ltl2dba_theta_pb_14_pe_.ltl	unreal-automaton	census	ltl	67	2	98304	98304	98304	49152	49152	0	0	1246284	0	2	45	0	0	0	0	unknown
syntcomp25	ltl2dpa19.ltl	real	census	ltl	96	8	64	64	48	8	8	0	0	3252	328	0	0	0	0	0	0	unknown
syntcomp25	ltl2dpa19.ltl	unreal-formula	census	ltl	66	8	59	59	49	8	8	0	0	1679	313	0	0	0	0	0	0	unknown
syntcomp25	ltl2dpa19.ltl	unreal-automaton	census	ltl	75	4	52	31	29	8	8	0	0	1159	197	0	0	0	0	0	0	unknown
syntcomp25	patrolling-alarm17.ltl	real	census	tlsf	702	114	912	684	684	8	6	0	0	13421	3420	0	2	0	0	0	0	unknown
syntcomp25	patrolling-alarm17.ltl	unreal-formula	census	tlsf	51	6	6556	1943	800	1038	341	0	0	1976	226900	0	15	12	0	0	0	unknown
syntcomp25	patrolling-alarm17.ltl	unreal-automaton	census	tlsf	60	6	5652	1511	254	1038	339	0	0	6249	49062	0	4	1	0	0	0	unknown
syntcomp25	patrolling-alarm21.ltl	real	census	tlsf	846	138	1104	828	828	8	6	0	0	15802	4140	0	2	0	0	0	0	unknown
syntcomp25	patrolling-alarm21.ltl	unreal-formula	census	tlsf	59	6	6916	2351	968	1104	413	0	0	2214	330600	0	23	20	0	0	0	unknown
syntcomp25	patrolling-alarm21.ltl	unreal-automaton	census	tlsf	68	6	5964	1823	302	1104	411	0	0	8909	71466	0	7	4	0	0	0	unknown
syntcomp25	patrolling-alarm23.ltl	real	census	tlsf	918	150	1200	900	900	8	6	0	0	17029	4500	0	2	0	0	0	0	unknown
syntcomp25	patrolling-alarm23.ltl	unreal-formula	census	tlsf	63	6	7524	2555	1802	1192	449	0	0	2376	156820	3	10	8	0	0	0	unknown
syntcomp25	patrolling-alarm23.ltl	unreal-automaton	census	tlsf	72	6	6500	1979	326	1192	447	0	0	9623	85558	0	9	7	0	0	0	unknown
syntcomp25	patrolling10.ltl	real	census	tlsf	450	72	576	432	432	8	6	0	0	8251	2160	0	1	0	0	0	0	unknown
syntcomp25	patrolling10.ltl	unreal-formula	census	tlsf	37	6	4272	1229	506	808	215	0	0	1400	87440	0	8	6	0	0	0	unknown
syntcomp25	patrolling10.ltl	unreal-automaton	census	tlsf	46	6	4042	965	170	808	213	0	0	4193	19719	0	2	0	0	0	0	unknown
syntcomp25	patrolling22.ltl	real	census	tlsf	882	144	1152	864	864	8	6	0	0	16413	4320	0	3	0	0	0	0	unknown
syntcomp25	patrolling22.ltl	unreal-formula	census	tlsf	61	6	7968	2453	1010	1504	431	0	0	2277	351704	0	23	21	0	0	0	unknown
syntcomp25	patrolling22.ltl	unreal-automaton	census	tlsf	70	6	7519	1901	314	1504	429	0	0	9419	77199	0	8	6	0	0	0	unknown
syntcomp25	patrolling9.ltl	real	census	tlsf	414	66	528	396	396	8	6	0	0	7762	1980	0	1	0	0	0	0	unknown
syntcomp25	patrolling9.ltl	unreal-formula	census	tlsf	35	6	4272	1127	464	808	197	0	0	1369	73500	0	5	1	0	0	0	unknown
syntcomp25	patrolling9.ltl	unreal-automaton	census	tlsf	44	6	4042	887	158	808	195	0	0	3995	16785	0	1	0	0	0	0	unknown
syntcomp25	prioritized_arbiter_enc_pb_10_pe_.ltl	real	census	ltl	55	11	256	176	176	16	16	0	0	2278	2640	0	0	0	0	0	0	unknown
syntcomp25	prioritized_arbiter_pb_6_pe_.ltl	real	census	ltl	17	2	256	256	16	128	128	0	0	1119	356	0	0	0	0	0	0	unknown
syntcomp25	prioritized_arbiter_pb_6_pe_.ltl	unreal-formula	census	ltl	31	9	58	18	18	2	2	0	0	340	18	0	0	0	0	0	0	unknown
syntcomp25	prioritized_arbiter_pb_6_pe_.ltl	unreal-automaton	census	ltl	41	9	58	18	18	2	2	0	0	362	18	0	0	0	0	0	0	unknown
syntcomp25	prioritized_arbiter_pb_8_pe_.ltl	real	census	ltl	21	2	1024	1024	1024	512	512	0	0	3891	0	2	0	0	0	0	0	unknown
syntcomp25	prioritized_arbiter_pb_8_pe_.ltl	unreal-formula	census	ltl	39	11	92	22	22	2	2	0	0	498	22	0	0	0	0	0	0	unknown
syntcomp25	prioritized_arbiter_pb_8_pe_.ltl	unreal-automaton	census	ltl	53	11	92	22	22	2	2	0	0	463	22	0	0	0	0	0	0	unknown
syntcomp25	reversible-lane-u-unreal.ltl	unreal-formula	census	tlsf	50	4	20192	12629	12629	5992	3500	0	0	51664	0	4	5	0	0	0	0	unknown
syntcomp25	reversible-lane-u-unreal.ltl	unreal-automaton	census	tlsf	51	4	21064	14763	14763	6864	5510	0	0	60671	0	4	5	0	0	0	0	unknown
syntcomp25	reversible-lane-u0.ltl	unreal-formula	census	tlsf	44	4	21280	11353	11353	6524	3194	0	0	50614	0	4	4	0	0	0	0	unknown
syntcomp25	reversible-lane-u0.ltl	unreal-automaton	census	tlsf	45	4	22420	13563	13563	7664	5174	0	0	60298	0	4	4	0	0	0	0	unknown
syntcomp25	reversible-lane-u1.ltl	unreal-formula	census	tlsf	47	4	21152	12214	12214	6444	3452	0	0	53622	0	4	4	0	0	0	0	unknown
syntcomp25	reversible-lane-u1.ltl	unreal-automaton	census	tlsf	48	4	22052	14410	14410	7344	5426	0	0	62469	0	4	4	0	0	0	0	unknown
syntcomp25	robot-cat-real-1d-real.ltl	real	census	tlsf	2201	195	403	299	299	4	3	0	0	58175	312	0	3	0	0	0	0	unknown
syntcomp25	robot-cat-real-1d-real.ltl	unreal-formula	census	tlsf	79	3	11817	5045	5045	2966	1683	0	0	13203	0	3	1	0	0	0	0	unknown
syntcomp25	robot-cat-real-1d-real.ltl	unreal-automaton	census	tlsf	72	3	11817	5049	5049	2966	1684	0	0	28163	0	3	2	0	0	0	0	unknown
syntcomp25	robot-cat-unreal-1d-unreal.ltl	real	census	tlsf	2677	228	511	340	340	4	3	0	0	69634	336	0	3	0	0	0	0	unknown
syntcomp25	robot-cat-unreal-1d-unreal.ltl	unreal-formula	census	tlsf	78	3	11696	5027	5027	2924	1677	0	0	12665	0	3	1	0	0	0	0	unknown
syntcomp25	robot-cat-unreal-1d-unreal.ltl	unreal-automaton	census	tlsf	71	3	11696	5031	5031	2924	1678	0	0	27390	0	3	2	0	0	0	0	unknown
syntcomp25	robot-grid-commute-1d-real.ltl	real	census	tlsf	3610	80	199	152	152	4	3	0	0	65036	216	0	6	0	0	0	0	unknown
syntcomp25	robot-grid-commute-1d-real.ltl	unreal-formula	census	tlsf	81	3	8774	3879	3879	2222	1298	0	0	13480	0	3	1	0	0	0	0	unknown
syntcomp25	robot-grid-commute-1d-real.ltl	unreal-automaton	census	tlsf	50	3	8774	3879	3879	2222	1298	0	0	17017	0	3	1	0	0	0	0	unknown
syntcomp25	robot-resource-1d-unreal.ltl	real	census	tlsf	1576	107	161	143	143	4	3	0	0	22559	108	0	1	0	0	0	0	unknown
syntcomp25	robot-resource-1d-unreal.ltl	unreal-formula	census	tlsf	40	3	4798	2618	2618	1204	876	0	0	4764	0	3	0	0	0	0	0	unknown
syntcomp25	robot-resource-1d-unreal.ltl	unreal-automaton	census	tlsf	42	3	4798	2618	2618	1204	876	0	0	10093	0	3	0	0	0	0	0	unknown
syntcomp25	robot-resource-1d1.ltl	real	census	tlsf	1062	71	107	95	95	4	3	0	0	15779	72	0	0	0	0	0	0	unknown
syntcomp25	robot-resource-1d1.ltl	unreal-formula	census	tlsf	35	3	2366	1290	396	596	432	0	0	2571	93059	0	10	9	0	0	0	unknown
syntcomp25	robot-resource-1d1.ltl	unreal-automaton	census	tlsf	37	3	2366	1290	396	596	432	0	0	5228	93789	0	10	9	0	0	0	unknown
syntcomp25	robot-resource-2d0.ltl	unreal-formula	census	tlsf	45	4	44688	10722	10722	5600	2683	0	0	11971	0	4	3	0	0	0	0	unknown
syntcomp25	robot-resource-2d0.ltl	unreal-automaton	census	tlsf	44	4	44688	10722	10722	5600	2683	0	0	36901	0	4	5	0	0	0	0	unknown
syntcomp25	robot-resource-2d1.ltl	unreal-formula	census	tlsf	50	4	89376	22650	22650	11200	5667	0	0	23828	0	4	7	0	0	0	0	unknown
syntcomp25	robot-resource-2d1.ltl	unreal-automaton	census	tlsf	49	4	89376	22650	22650	11200	5667	0	0	75282	0	4	11	0	0	0	0	unknown
syntcomp25	robot-resource-2d17.ltl	unreal-formula	census	tlsf	123	4	1614080	448764	448764	201984	112368	0	0	501192	0	4	194	0	0	0	0	unknown
syntcomp25	robot-resource-2d17.ltl	unreal-automaton	census	tlsf	112	4	1614080	448764	448764	201984	112368	0	0	1541287	0	4	324	0	0	0	0	unknown
syntcomp25	robot-to-target0.ltl	real	census	tlsf	15461	391	1225	811	811	16	9	0	0	322968	2484	0	172	126	0	0	0	unknown
syntcomp25	round_robin_arbiter_pb_6_pe_.ltl	real	census	ltl	6331	64	4096	4096	4096	64	64	0	0	1403124	258048	0	4065	4032	0	0	0	unknown
syntcomp25	round_robin_arbiter_pb_6_pe_.ltl	unreal-formula	census	ltl	277	64	4096	4096	4096	64	64	0	0	62750	258048	0	476	442	0	0	0	unknown
syntcomp25	round_robin_arbiter_pb_6_pe_.ltl	unreal-automaton	census	ltl	757	64	4096	4096	4096	64	64	0	0	62831	258048	0	482	448	0	0	0	unknown
syntcomp25	simple_arbiter_with_hints_pb_10_pe_.ltl	real	census	ltl	31	1024	1048576	1048576	1048576	1024	1024	0	0	70233	0	1024	179	0	0	0	0	unknown
syntcomp25	sort40.ltl	unreal-formula	census	tlsf	78	4	29808	12660	12660	7452	3168	0	0	22034	0	4	4	0	0	0	0	unknown
syntcomp25	sort40.ltl	unreal-automaton	census	tlsf	70	4	28818	11416	11416	7290	2928	0	0	49163	0	4	6	0	0	0	0	unknown
syntcomp25	sort51.ltl	unreal-automaton	census	tlsf	137	5	2976548	482700	482700	396194	103380	0	0	2093270	0	5	344	0	0	0	0	unknown
syntcomp25	square5x51.ltl	unreal-formula	census	tlsf	270	9	47952	31088	31088	5328	3482	0	0	27319	0	9	7	0	0	0	0	unknown
syntcomp25	square5x51.ltl	unreal-automaton	census	tlsf	108	9	47952	31088	31088	5328	3482	0	0	149243	0	9	12	0	0	0	0	unknown
syntcomp25	tasks-unreal0.ltl	unreal-formula	census	tlsf	1231	24	131072	97118	97118	4096	4050	0	0	168002	0	24	20	0	0	0	0	unknown
syntcomp25	tasks-unreal0.ltl	unreal-automaton	census	tlsf	105	24	106917	57890	57890	4096	3192	0	0	251110	0	24	20	0	0	0	0	unknown
syntcomp25	taxi-service-u-unreal.ltl	real	census	tlsf	5792	434	506	466	466	8	5	0	0	152391	160	0	7	1	0	0	0	unknown
syntcomp25	taxi-service-u-unreal.ltl	unreal-formula	census	tlsf	106	5	26368	13200	13200	3296	2640	0	0	28668	0	5	2	0	0	0	0	unknown
syntcomp25	taxi-service-u-unreal.ltl	unreal-automaton	census	tlsf	57	5	26368	13200	13200	3296	2640	0	0	37489	0	5	3	0	0	0	0	unknown
syntcomp25	thermostat-F-real.ltl	real	census	tlsf	1569	87	114	87	87	1	1	0	0	25072	0	0	0	0	0	0	0	unknown
syntcomp25	thermostat-F-real.ltl	unreal-formula	census	tlsf	55	2	18688	13696	13696	9344	6848	0	0	39408	0	2	3	0	0	0	0	unknown
syntcomp25	thermostat-F-real.ltl	unreal-automaton	census	tlsf	56	2	18688	13696	13696	9344	6848	0	0	54859	0	2	4	0	0	0	0	unknown
syntcomp25	thermostat-GF-unreal2.ltl	unreal-automaton	census	tlsf	119	16	1896792	1102882	1102882	120824	72272	0	0	3601887	0	16	709	0	0	0	0	unknown
syntcomp25	tmp_13cfc6f2.ltl	real	census	ltl	566	19	1594	558	188	91	36	0	0	47254	12088	0	32	23	0	0	0	unknown
syntcomp25	tmp_13cfc6f2.ltl	unreal-formula	census	ltl	36	13	667	378	378	32	32	0	0	2427	11050	0	1	0	0	0	0	unknown
syntcomp25	tmp_13cfc6f2.ltl	unreal-automaton	census	ltl	35	13	805	384	350	32	32	0	0	1928	10591	0	1	0	0	0	0	unknown
syntcomp25	unordered-visits-charging0.ltl	unreal-automaton	census	tlsf	147	36	706224	561880	561880	20768	17632	0	0	2096890	0	36	294	0	0	0	0	unknown
syntcomp25	workstation_resupply_pb_3_pe_.ltl	real	census	ltl	169	8	5290	1748	187	774	261	0	0	18361	32154	0	12	8	0	0	0	unknown
syntcomp25	workstation_resupply_pb_3_pe_.ltl	unreal-formula	census	ltl	156	20	1184	160	139	8	8	0	0	3017	973	0	0	0	0	0	0	unknown
syntcomp25	workstation_resupply_pb_3_pe_.ltl	unreal-automaton	census	ltl	166	20	1184	160	139	8	8	0	0	2332	973	0	0	0	0	0	0	unknown
syntcomp26	F-G-contradiction-111.ltl	real	census	tlsf	10226	558	1281	942	942	4	3	0	0	238661	1134	0	17	0	0	0	0	unknown
syntcomp26	F-G-contradiction-111.ltl	unreal-formula	census	tlsf	91	3	201856	118282	118282	50464	39432	0	0	166116	0	3	44	0	0	0	0	unknown
syntcomp26	F-G-contradiction-111.ltl	unreal-automaton	census	tlsf	116	3	201856	118270	118270	50464	39486	0	0	432016	0	3	53	0	0	0	0	unknown
syntcomp26	GF-G-contradiction2.ltl	real	census	tlsf	317	83	184	158	158	4	4	0	0	5903	288	0	0	0	0	0	0	unknown
syntcomp26	GF-G-contradiction2.ltl	unreal-formula	census	tlsf	73	4	1680	1161	702	420	291	0	0	3256	138854	0	28	26	0	0	0	unknown
syntcomp26	GF-G-contradiction2.ltl	unreal-automaton	census	tlsf	69	4	1672	1158	673	420	292	0	0	7548	144445	0	29	27	0	0	0	unknown
syntcomp26	OneCounter.ltl	real	census	tlsf	67	385	40448	7711	7711	79	28	0	0	16639	156782	0	40	0	0	0	0	unknown
syntcomp26	OneCounter.ltl	unreal-formula	census	tlsf	27	28	26560	9497	1013	512	392	0	0	29708	278455	0	29	9	0	0	0	unknown
syntcomp26	OneCounter.ltl	unreal-automaton	census	tlsf	28	28	23240	3275	1013	448	131	0	0	11157	97119	0	11	2	0	0	0	unknown
syntcomp26	TwoCounters3.ltl	real	census	tlsf	6	76	16328	274	274	52	4	0	0	867	736	0	0	0	0	0	0	unknown
syntcomp26	TwoCounters3.ltl	unreal-formula	census	tlsf	38	19	28408	6034	1463	878	374	0	0	34129	390720	0	93	81	0	0	0	unknown
syntcomp26	TwoCounters3.ltl	unreal-automaton	census	tlsf	26	19	9331	427	55	314	28	0	0	3651	1002	0	0	0	0	0	0	unknown
syntcomp26	amba_decomposed_lock_pb_11_pe_.ltl	real	census	tlsf	5	4	90112	8	8	2	2	0	0	12358	8	0	4	0	0	0	0	unknown
syntcomp26	amba_decomposed_lock_pb_11_pe_.ltl	unreal-automaton	census	tlsf	10	2	548864	10	10	274432	5	0	0	24737	40	0	6	0	0	0	0	unknown
syntcomp26	arbiter_pb_5_pe_.ltl	real	census	tlsf	23	32	1024	1024	424	32	32	0	0	5127	17584	0	2	0	0	0	0	unknown
syntcomp26	arbiter_pb_5_pe_.ltl	unreal-automaton	census	tlsf	353	7	512	224	224	32	32	0	0	11075	6944	0	22	18	0	0	0	unknown
syntcomp26	arbiter_pb_7_pe_.ltl	real	census	tlsf	31	128	16384	16384	3196	128	128	0	0	60217	558723	0	52	4	0	0	0	unknown
syntcomp26	box-real.ltl	real	census	tlsf	300	58	120	88	88	4	3	0	0	5001	90	0	0	0	0	0	0	unknown
syntcomp26	box-real.ltl	unreal-formula	census	tlsf	51	3	544	336	210	136	113	0	0	1101	18360	0	1	0	0	0	0	unknown
syntcomp26	box-real.ltl	unreal-automaton	census	tlsf	44	3	544	336	210	136	113	0	0	2448	17892	0	2	0	0	0	0	unknown
syntcomp26	chain-simple-30-real.ltl	real	census	tlsf	2046	226	470	470	470	3	3	0	0	28845	732	0	2	0	0	0	0	unknown
syntcomp26	chain-simple-30-real.ltl	unreal-formula	census	tlsf	173	3	15376	11584	11584	5176	3936	0	0	38342	0	3	3	0	0	0	0	unknown
syntcomp26	chain-simple-30-real.ltl	unreal-automaton	census	tlsf	129	3	15376	11584	11584	5176	3936	0	0	71731	0	3	3	0	0	0	0	unknown
syntcomp26	chain-simple-50-real.ltl	real	census	tlsf	3326	366	770	770	770	3	3	0	0	47934	1212	0	2	0	0	0	0	unknown
syntcomp26	chain-simple-50-real.ltl	unreal-formula	census	tlsf	253	3	24960	17664	17664	8320	6016	0	0	52160	0	3	4	0	0	0	0	unknown
syntcomp26	chain-simple-50-real.ltl	unreal-automaton	census	tlsf	189	3	24960	17664	17664	8320	6016	0	0	105646	0	3	5	0	0	0	0	unknown
syntcomp26	chomp_pb_3_2_pe_.ltl	real	census	tlsf	31	9	3589	67	67	207	28	0	0	815	920	0	0	0	0	0	0	unknown
syntcomp26	chomp_pb_3_2_pe_.ltl	unreal-formula	census	tlsf	21	34	3410	113	113	20	7	0	0	668	316	0	0	0	0	0	0	unknown
syntcomp26	chomp_pb_3_2_pe_.ltl	unreal-automaton	census	tlsf	47	34	3410	113	112	20	7	0	0	1184	310	0	0	0	0	0	0	unknown
syntcomp26	evasion-real.ltl	real	census	tlsf	12145	1100	2160	1964	1964	9	9	0	0	701663	7776	0	194	131	0	0	0	unknown
syntcomp26	evasion-real.ltl	unreal-formula	census	tlsf	171	9	24336	17690	17690	2704	1985	0	0	14276	0	9	4	0	0	0	0	unknown
syntcomp26	evasion-real.ltl	unreal-automaton	census	tlsf	82	9	24336	17690	17690	2704	1985	0	0	80014	0	9	6	0	0	0	0	unknown
syntcomp26	g-real0.ltl	real	census	tlsf	280	46	67	49	49	2	2	0	0	4240	6	0	0	0	0	0	0	unknown
syntcomp26	g-real0.ltl	unreal-formula	census	tlsf	46	2	6144	5120	5120	3072	2560	0	0	13371	0	2	1	0	0	0	0	unknown
syntcomp26	g-real0.ltl	unreal-automaton	census	tlsf	47	2	6144	5120	5120	3072	2560	0	0	17696	0	2	1	0	0	0	0	unknown
syntcomp26	g-unreal-1-unreal.ltl	real	census	tlsf	957	354	444	354	354	1	1	0	0	12231	0	0	0	0	0	0	0	unknown
syntcomp26	g-unreal-1-unreal.ltl	unreal-formula	census	tlsf	76	1	1200	943	943	1200	943	0	0	7974	0	1	0	0	0	0	0	unknown
syntcomp26	g-unreal-1-unreal.ltl	unreal-automaton	census	tlsf	76	1	1200	943	943	1200	943	0	0	7974	0	1	0	0	0	0	0	unknown
syntcomp26	g-unreal-113.ltl	real	census	tlsf	617	227	284	227	227	1	1	0	0	8428	0	0	0	0	0	0	0	unknown
syntcomp26	g-unreal-113.ltl	unreal-formula	census	tlsf	59	1	624	495	495	624	495	0	0	3985	0	1	0	0	0	0	0	unknown
syntcomp26	g-unreal-113.ltl	unreal-automaton	census	tlsf	59	1	624	495	495	624	495	0	0	3985	0	1	0	0	0	0	0	unknown
syntcomp26	g-unreal-18.ltl	real	census	tlsf	397	147	184	147	147	1	1	0	0	5064	0	0	0	0	0	0	0	unknown
syntcomp26	g-unreal-18.ltl	unreal-formula	census	tlsf	49	1	584	455	455	584	455	0	0	3497	0	1	0	0	0	0	0	unknown
syntcomp26	g-unreal-18.ltl	unreal-automaton	census	tlsf	49	1	584	455	455	584	455	0	0	3497	0	1	0	0	0	0	0	unknown
syntcomp26	heim-double-x-real.ltl	real	census	tlsf	669	39	45	45	45	2	2	0	0	5657	12	0	0	0	0	0	0	unknown
syntcomp26	heim-double-x-real.ltl	unreal-formula	census	tlsf	201	2	32768	29704	29704	16384	14856	0	0	86647	0	2	7	0	0	0	0	unknown
syntcomp26	heim-double-x-real.ltl	unreal-automaton	census	tlsf	90	2	32768	29467	29467	16384	14848	0	0	163973	0	2	10	0	0	0	0	unknown
syntcomp26	heim-double-x1.ltl	real	census	tlsf	253	15	18	18	18	2	2	0	0	2079	6	0	0	0	0	0	0	unknown
syntcomp26	heim-double-x1.ltl	unreal-formula	census	tlsf	92	2	4096	3207	3207	2048	1607	0	0	9688	0	2	0	0	0	0	0	unknown
syntcomp26	heim-double-x1.ltl	unreal-automaton	census	tlsf	54	2	4096	3153	3153	2048	1600	0	0	17656	0	2	0	0	0	0	0	unknown
syntcomp26	helipad-real.ltl	unreal-automaton	census	tlsf	110	24	681984	362484	362484	21632	16116	0	0	1286505	0	24	176	0	0	0	0	unknown
syntcomp26	infinite-race-u3.ltl	real	census	tlsf	1874	74	147	147	147	2	2	0	0	27725	146	0	0	0	0	0	0	unknown
syntcomp26	infinite-race-u3.ltl	unreal-formula	census	tlsf	44	2	7424	3333	3333	3719	1670	0	0	16295	0	2	1	0	0	0	0	unknown
syntcomp26	infinite-race-u3.ltl	unreal-automaton	census	tlsf	40	2	7424	3333	3333	3719	1670	0	0	14262	0	2	1	0	0	0	0	unknown
syntcomp26	lift_pb_6_pe_.ltl	real	census	tlsf	3045	64	4032	2059	2059	64	46	0	0	411423	66624	0	517	485	0	0	0	unknown
syntcomp26	lift_pb_6_pe_.ltl	unreal-formula	census	tlsf	5550	39	3648	2496	2310	64	64	0	0	408851	145436	0	1839	1815	0	0	0	unknown
syntcomp26	lift_pb_6_pe_.ltl	unreal-automaton	census	tlsf	4354	39	3648	2496	2310	64	64	0	0	211228	145436	0	1641	1616	0	0	0	unknown
syntcomp26	load_balancer_unreal1_pb_6_4_pe_.ltl	real	census	tlsf	214	128	6528	6272	4032	64	64	0	0	68621	298368	0	108	58	0	0	0	unknown
syntcomp26	load_balancer_unreal1_pb_6_4_pe_.ltl	unreal-automaton	census	tlsf	407	11	3248	1232	1067	112	112	0	0	13894	132072	0	28	23	0	0	0	unknown
syntcomp26	ltl2dba_C2_unreal_pb_12_pe_.ltl	real	census	tlsf	42	4096	8192	8192	8192	2	2	0	0	94699	8192	0	9	0	0	0	0	unknown
syntcomp26	ltl2dba_C2_unreal_pb_12_pe_.ltl	unreal-formula	census	tlsf	41	2	8192	8192	8192	4096	4096	0	0	88225	0	2	1	0	0	0	0	unknown
syntcomp26	ltl2dba_C2_unreal_pb_12_pe_.ltl	unreal-automaton	census	tlsf	44	2	8192	8192	8192	4096	4096	0	0	91858	0	2	1	0	0	0	0	unknown
syntcomp26	ltl2dba_theta_pb_12_pe_.ltl	real	census	tlsf	47	12288	24576	24576	24576	2	2	0	0	284842	24576	0	43	0	0	0	0	unknown
syntcomp26	ltl2dba_theta_pb_12_pe_.ltl	unreal-formula	census	tlsf	46	2	24576	24576	24576	12288	12288	0	0	271993	0	2	8	0	0	0	0	unknown
syntcomp26	ltl2dba_theta_pb_12_pe_.ltl	unreal-automaton	census	tlsf	59	2	24576	24576	24576	12288	12288	0	0	276012	0	2	7	0	0	0	0	unknown
syntcomp26	patrolling-alarm21.ltl	real	census	tlsf	846	138	1104	828	828	8	6	0	0	15802	4140	0	2	0	0	0	0	unknown
syntcomp26	patrolling-alarm21.ltl	unreal-formula	census	tlsf	59	6	6916	2351	968	1104	413	0	0	2214	330600	0	20	18	0	0	0	unknown
syntcomp26	patrolling-alarm21.ltl	unreal-automaton	census	tlsf	68	6	5964	1823	302	1104	411	0	0	8909	71466	0	8	6	0	0	0	unknown
syntcomp26	patrolling-alarm7.ltl	real	census	tlsf	342	54	432	324	324	8	6	0	0	6543	1620	0	0	0	0	0	0	unknown
syntcomp26	patrolling-alarm7.ltl	unreal-formula	census	tlsf	31	6	3140	923	380	488	161	0	0	929	50516	0	2	0	0	0	0	unknown
syntcomp26	patrolling-alarm7.ltl	unreal-automaton	census	tlsf	40	6	2836	731	134	488	159	0	0	3287	11521	0	0	0	0	0	0	unknown
syntcomp26	patrolling11.ltl	real	census	tlsf	486	78	624	468	468	8	6	0	0	8824	2340	0	1	0	0	0	0	unknown
syntcomp26	patrolling11.ltl	unreal-formula	census	tlsf	39	6	4560	1331	548	864	233	0	0	1435	102468	0	5	3	0	0	0	unknown
syntcomp26	patrolling11.ltl	unreal-automaton	census	tlsf	48	6	4298	1043	182	864	231	0	0	4612	22683	0	1	0	0	0	0	unknown
syntcomp26	patrolling15.ltl	real	census	tlsf	630	102	816	612	612	8	6	0	0	12217	3060	0	2	0	0	0	0	unknown
syntcomp26	patrolling15.ltl	unreal-formula	census	tlsf	47	6	6672	1739	716	1252	305	0	0	1739	176704	0	11	9	0	0	0	unknown
syntcomp26	patrolling15.ltl	unreal-automaton	census	tlsf	56	6	6319	1355	230	1252	303	0	0	5709	39885	0	3	1	0	0	0	unknown
syntcomp26	prioritized_arbiter_pb_9_pe_.ltl	real	census	tlsf	23	2	2048	2048	2048	1024	1024	0	0	7404	0	2	0	0	0	0	0	unknown
syntcomp26	prioritized_arbiter_pb_9_pe_.ltl	unreal-formula	census	tlsf	43	12	112	24	24	2	2	0	0	549	24	0	0	0	0	0	0	unknown
syntcomp26	prioritized_arbiter_pb_9_pe_.ltl	unreal-automaton	census	tlsf	59	12	112	24	24	2	2	0	0	510	24	0	0	0	0	0	0	unknown
syntcomp26	reversible-lane-u-unreal.ltl	unreal-formula	census	tlsf	50	4	20192	12629	12629	5992	3500	0	0	51664	0	4	5	0	0	0	0	unknown
syntcomp26	reversible-lane-u-unreal.ltl	unreal-automaton	census	tlsf	51	4	21064	14763	14763	6864	5510	0	0	60671	0	4	4	0	0	0	0	unknown
syntcomp26	reversible-lane-u0.ltl	unreal-formula	census	tlsf	44	4	21280	11353	11353	6524	3194	0	0	50614	0	4	4	0	0	0	0	unknown
syntcomp26	reversible-lane-u0.ltl	unreal-automaton	census	tlsf	45	4	22420	13563	13563	7664	5174	0	0	60298	0	4	4	0	0	0	0	unknown
syntcomp26	reversible-lane-u1.ltl	unreal-formula	census	tlsf	47	4	21152	12214	12214	6444	3452	0	0	53622	0	4	4	0	0	0	0	unknown
syntcomp26	reversible-lane-u1.ltl	unreal-automaton	census	tlsf	48	4	22052	14410	14410	7344	5426	0	0	62469	0	4	4	0	0	0	0	unknown
syntcomp26	robot-cat-unreal-1d-unreal.ltl	real	census	tlsf	2677	228	511	340	340	4	3	0	0	69634	336	0	2	0	0	0	0	unknown
syntcomp26	robot-cat-unreal-1d-unreal.ltl	unreal-formula	census	tlsf	78	3	11696	5027	5027	2924	1677	0	0	12665	0	3	1	0	0	0	0	unknown
syntcomp26	robot-cat-unreal-1d-unreal.ltl	unreal-automaton	census	tlsf	71	3	11696	5031	5031	2924	1678	0	0	27390	0	3	1	0	0	0	0	unknown
syntcomp26	robot-grid-commute-1d-real.ltl	real	census	tlsf	3610	80	199	152	152	4	3	0	0	65036	216	0	5	0	0	0	0	unknown
syntcomp26	robot-grid-commute-1d-real.ltl	unreal-formula	census	tlsf	81	3	8774	3879	3879	2222	1298	0	0	13480	0	3	1	0	0	0	0	unknown
syntcomp26	robot-grid-commute-1d-real.ltl	unreal-automaton	census	tlsf	50	3	8774	3879	3879	2222	1298	0	0	17017	0	3	1	0	0	0	0	unknown
syntcomp26	robot-grid-reach-2d-real.ltl	real	census	tlsf	3335	208	380	368	368	5	5	0	0	99607	800	0	13	0	0	0	0	unknown
syntcomp26	robot-grid-reach-2d-real.ltl	unreal-formula	census	tlsf	93	5	8665	7236	7236	1745	1448	0	0	11063	0	5	1	0	0	0	0	unknown
syntcomp26	robot-grid-reach-2d-real.ltl	unreal-automaton	census	tlsf	53	5	8665	7236	7236	1745	1448	0	0	27478	0	5	2	0	0	0	0	unknown
syntcomp26	robot-resource-1d-unreal.ltl	real	census	tlsf	1576	107	161	143	143	4	3	0	0	22559	108	0	0	0	0	0	0	unknown
syntcomp26	robot-resource-1d-unreal.ltl	unreal-formula	census	tlsf	40	3	4798	2618	2618	1204	876	0	0	4764	0	3	0	0	0	0	0	unknown
syntcomp26	robot-resource-1d-unreal.ltl	unreal-automaton	census	tlsf	42	3	4798	2618	2618	1204	876	0	0	10093	0	3	0	0	0	0	0	unknown
syntcomp26	robot-resource-1d1.ltl	real	census	tlsf	1062	71	107	95	95	4	3	0	0	15779	72	0	0	0	0	0	0	unknown
syntcomp26	robot-resource-1d1.ltl	unreal-formula	census	tlsf	35	3	2366	1290	396	596	432	0	0	2571	93059	0	9	7	0	0	0	unknown
syntcomp26	robot-resource-1d1.ltl	unreal-automaton	census	tlsf	37	3	2366	1290	396	596	432	0	0	5228	93789	0	9	8	0	0	0	unknown
syntcomp26	robot-to-target-charging6.ltl	unreal-formula	census	tlsf	105	2	1173248	574912	574912	586624	287456	0	0	1325251	0	2	438	0	0	0	0	unknown
syntcomp26	robot-to-target-charging6.ltl	unreal-automaton	census	tlsf	100	2	1173248	574912	574912	586624	287456	0	0	2274147	0	2	496	0	0	0	0	unknown
syntcomp26	robot_collect_samples_v1-real.ltl	unreal-formula	census	tlsf	85	3	993568	473360	473360	248440	157808	0	0	768544	0	3	246	0	0	0	0	unknown
syntcomp26	robot_collect_samples_v1-real.ltl	unreal-automaton	census	tlsf	91	3	993568	473360	473360	248440	157808	0	0	1954699	0	3	323	0	0	0	0	unknown
syntcomp26	scheduler-real.ltl	none	census	tlsf	0	0	0	0	0	0	0	0	0	0	0	0	0	0	0	0	0	timeout
syntcomp26	sort40.ltl	unreal-formula	census	tlsf	78	4	29808	12660	12660	7452	3168	0	0	22034	0	4	4	0	0	0	0	unknown
syntcomp26	sort40.ltl	unreal-automaton	census	tlsf	70	4	28818	11416	11416	7290	2928	0	0	49163	0	4	5	0	0	0	0	unknown
syntcomp26	square5x5-real.ltl	unreal-formula	census	tlsf	519	9	104544	75422	75422	11616	8423	0	0	84010	0	9	18	0	0	0	0	unknown
syntcomp26	square5x5-real.ltl	unreal-automaton	census	tlsf	130	9	104544	75422	75422	11616	8423	0	0	419782	0	9	34	0	0	0	0	unknown
syntcomp26	tasks-unreal1.ltl	unreal-automaton	census	tlsf	130	24	218013	116798	116798	8192	6784	0	0	574323	0	24	51	0	0	0	0	unknown
syntcomp26	taxi-service-u-unreal.ltl	real	census	tlsf	5792	434	506	466	466	8	5	0	0	152391	160	0	9	6	0	0	0	unknown
syntcomp26	taxi-service-u-unreal.ltl	unreal-formula	census	tlsf	106	5	26368	13200	13200	3296	2640	0	0	28668	0	5	3	0	0	0	0	unknown
syntcomp26	taxi-service-u-unreal.ltl	unreal-automaton	census	tlsf	57	5	26368	13200	13200	3296	2640	0	0	37489	0	5	4	0	0	0	0	unknown
syntcomp26	thermostat-GF-unreal2.ltl	unreal-automaton	census	tlsf	119	16	1896792	1102882	1102882	120824	72272	0	0	3601887	0	16	787	0	0	0	0	unknown
syntcomp26	tmp_13cfc6f2.ltl	real	census	tlsf	566	19	1594	558	188	91	36	0	0	47254	12088	0	41	31	0	0	0	unknown
syntcomp26	tmp_13cfc6f2.ltl	unreal-formula	census	tlsf	36	13	667	378	378	32	32	0	0	2427	11050	0	1	0	0	0	0	unknown
syntcomp26	tmp_13cfc6f2.ltl	unreal-automaton	census	tlsf	35	13	805	384	350	32	32	0	0	1928	10591	0	1	0	0	0	0	unknown
syntcomp26	unordered-visits-charging0.ltl	unreal-automaton	census	tlsf	147	36	706224	561880	561880	20768	17632	0	0	2096890	0	36	310	0	0	0	0	unknown
syntcomp26	workstation_resupply_pb_3_pe_.ltl	real	census	tlsf	169	8	5290	1748	187	774	261	0	0	18361	32154	0	11	6	0	0	0	unknown
syntcomp26	workstation_resupply_pb_3_pe_.ltl	unreal-formula	census	tlsf	156	20	1184	160	139	8	8	0	0	3017	973	0	0	0	0	0	0	unknown
syntcomp26	workstation_resupply_pb_3_pe_.ltl	unreal-automaton	census	tlsf	166	20	1184	160	139	8	8	0	0	2332	973	0	0	0	0	0	0	unknown
syntcomp26	workstation_resupply_pb_4_pe_.ltl	real	census	tlsf	366	16	39558	9236	9236	3078	741	0	0	95682	0	16	5	0	0	0	0	unknown
syntcomp26	workstation_resupply_pb_4_pe_.ltl	unreal-formula	census	tlsf	370	24	3584	384	339	16	16	0	0	7071	5085	0	1	0	0	0	0	unknown
syntcomp26	workstation_resupply_pb_4_pe_.ltl	unreal-automaton	census	tlsf	389	24	3584	384	339	16	16	0	0	5557	5085	0	0	0	0	0	0	unknown
