family_key	family_display	origin_kind	orderable	parameter_names	parameter_dimension	classification	count	solved_count	unsolved_count	min_unsolved_tlsf_bytes	largest_solved_parameter	first_unsolved_parameter	first_unsolved_instance	immediate_solved_predecessor	predecessor_time	minimal_unsolved_points_json	maximal_solved_points_json	hole_witness_pairs_json
direct:tlsf/amba/amba_decomposed:amba_decomposed_decode	amba_decomposed_decode	direct	false			all_solved	1	1	0							[]	[]	[]
direct:tlsf/amba/amba_decomposed:amba_decomposed_shift	amba_decomposed_shift	direct	false			all_solved	1	1	0							[]	[]	[]
direct:tlsf/amba/amba_decomposed:amba_decomposed_tburst	amba_decomposed_tburst	direct	false			all_solved	1	1	0							[]	[]	[]
direct:tlsf/amba/amba_decomposed:amba_decomposed_tincr	amba_decomposed_tincr	direct	false			all_solved	1	1	0							[]	[]	[]
direct:tlsf/amba/amba_decomposed:amba_decomposed_tsingle	amba_decomposed_tsingle	direct	false			all_solved	1	1	0							[]	[]	[]
direct:tlsf/amba/amba_gr1/specs:amba_gr+_pb_2_pe	amba_gr+_pb_2_pe	direct	false			singleton_hard	1	0	1	5057						[]	[]	[]
direct:tlsf/amba/amba_gr1/specs:amba_gr+_pb_3_pe	amba_gr+_pb_3_pe	direct	false			singleton_hard	1	0	1	6019						[]	[]	[]
direct:tlsf/amba/amba_gr1/specs:amba_gr_pb_2_pe	amba_gr_pb_2_pe	direct	false			singleton_hard	1	0	1	5022						[]	[]	[]
direct:tlsf/amba/amba_gr1/specs:amba_gr_pb_3_pe	amba_gr_pb_3_pe	direct	false			singleton_hard	1	0	1	5984						[]	[]	[]
direct:tlsf/amba/amba_gr1/specs:amba_gr_pb_4_pe	amba_gr_pb_4_pe	direct	false			singleton_hard	1	0	1	6764						[]	[]	[]
direct:tlsf/gui_glue_code_synthesis:numeric	numeric	direct	false			all_solved	12	12	0							[]	[]	[]
direct:tlsf/lily:lilydemo	lilydemo	direct	false			all_solved	23	23	0							[]	[]	[]
direct:tlsf/lily:lilydemo04_modified	lilydemo04_modified	direct	false			all_solved	1	1	0							[]	[]	[]
direct:tlsf/ltl2dba/non_parametric_from_acacia:ltl2dba	ltl2dba	direct	false			all_solved	26	26	0							[]	[]	[]
direct:tlsf/ltl2dpa:ltl2dpa	ltl2dpa	direct	false			all_solved	23	23	0							[]	[]	[]
direct:tlsf/ltl_f/generated_TLSF:finding_nemo_pb_1_pe	finding_nemo_pb_1_pe	direct	false			all_solved	1	1	0							[]	[]	[]
direct:tlsf/ltl_f/generated_TLSF:finding_nemo_pb_2_pe	finding_nemo_pb_2_pe	direct	false			all_solved	1	1	0							[]	[]	[]
direct:tlsf/ltl_f/generated_TLSF:finding_nemo_pb_3_pe	finding_nemo_pb_3_pe	direct	false			singleton_hard	1	0	1	6195						[]	[]	[]
direct:tlsf/ltl_f/generated_TLSF:finding_nemo_pb_4_pe	finding_nemo_pb_4_pe	direct	false			singleton_hard	1	0	1	8982						[]	[]	[]
direct:tlsf/ltl_f/generated_TLSF:finding_nemo_pb_5_pe	finding_nemo_pb_5_pe	direct	false			singleton_hard	1	0	1	12345						[]	[]	[]
direct:tlsf/ltl_f/generated_TLSF:finding_nemo_pb_6_pe	finding_nemo_pb_6_pe	direct	false			singleton_hard	1	0	1	16374						[]	[]	[]
direct:tlsf/ltl_f/generated_TLSF:finding_nemo_pb_7_pe	finding_nemo_pb_7_pe	direct	false			singleton_hard	1	0	1	21003						[]	[]	[]
direct:tlsf/ltl_f/generated_TLSF:workstation_resupply_pb_1_pe	workstation_resupply_pb_1_pe	direct	false			all_solved	1	1	0							[]	[]	[]
direct:tlsf/ltl_f/generated_TLSF:workstation_resupply_pb_2_pe	workstation_resupply_pb_2_pe	direct	false			all_solved	1	1	0							[]	[]	[]
direct:tlsf/ltl_f/generated_TLSF:workstation_resupply_pb_3_pe	workstation_resupply_pb_3_pe	direct	false			singleton_hard	1	0	1	5987						[]	[]	[]
direct:tlsf/ltl_f/generated_TLSF:workstation_resupply_pb_4_pe	workstation_resupply_pb_4_pe	direct	false			singleton_hard	1	0	1	8430						[]	[]	[]
direct:tlsf/ltl_f/generated_TLSF:workstation_resupply_pb_5_pe	workstation_resupply_pb_5_pe	direct	false			singleton_hard	1	0	1	11309						[]	[]	[]
direct:tlsf/ltl_f/generated_TLSF:workstation_resupply_pb_6_pe	workstation_resupply_pb_6_pe	direct	false			singleton_hard	1	0	1	14624						[]	[]	[]
direct:tlsf/ltl_f/generated_TLSF:workstation_resupply_pb_7_pe	workstation_resupply_pb_7_pe	direct	false			singleton_hard	1	0	1	18375						[]	[]	[]
direct:tlsf/sweap:F-G-contradiction	F-G-contradiction	direct	false			mixed_direct	15	6	9	94022						[]	[]	[]
direct:tlsf/sweap:F-G-contradiction-2-unreal	F-G-contradiction-2-unreal	direct	false			all_solved	1	1	0							[]	[]	[]
direct:tlsf/sweap:GF-G-contradiction	GF-G-contradiction	direct	false			mixed_direct	8	3	5	59785						[]	[]	[]
direct:tlsf/sweap:arbiter-paper-unreal-unreal	arbiter-paper-unreal-unreal	direct	false			all_solved	1	1	0							[]	[]	[]
direct:tlsf/sweap:arbiter-with-failure-real	arbiter-with-failure-real	direct	false			all_solved	1	1	0							[]	[]	[]
direct:tlsf/sweap:batch-arbiter-real	batch-arbiter-real	direct	false			all_solved	1	1	0							[]	[]	[]
direct:tlsf/sweap:box	box	direct	false			all_solved	2	2	0							[]	[]	[]
direct:tlsf/sweap:box-limited-real	box-limited-real	direct	false			all_solved	1	1	0							[]	[]	[]
direct:tlsf/sweap:box-real	box-real	direct	false			all_solved	1	1	0							[]	[]	[]
direct:tlsf/sweap:buffer-storage-real	buffer-storage-real	direct	false			all_solved	1	1	0							[]	[]	[]
direct:tlsf/sweap:chain	chain	direct	false			direct_cluster	2	0	2	38061						[]	[]	[]
direct:tlsf/sweap:chain-4-real	chain-4-real	direct	false			singleton_hard	1	0	1	22000						[]	[]	[]
direct:tlsf/sweap:chain-5-real	chain-5-real	direct	false			singleton_hard	1	0	1	29862						[]	[]	[]
direct:tlsf/sweap:chain-simple-10-real	chain-simple-10-real	direct	false			all_solved	1	1	0							[]	[]	[]
direct:tlsf/sweap:chain-simple-20-real	chain-simple-20-real	direct	false			all_solved	1	1	0							[]	[]	[]
direct:tlsf/sweap:chain-simple-30-real	chain-simple-30-real	direct	false			all_solved	1	1	0							[]	[]	[]
direct:tlsf/sweap:chain-simple-40-real	chain-simple-40-real	direct	false			all_solved	1	1	0							[]	[]	[]
direct:tlsf/sweap:chain-simple-5-real	chain-simple-5-real	direct	false			all_solved	1	1	0							[]	[]	[]
direct:tlsf/sweap:chain-simple-50-real	chain-simple-50-real	direct	false			all_solved	1	1	0							[]	[]	[]
direct:tlsf/sweap:chain-simple-60-real	chain-simple-60-real	direct	false			all_solved	1	1	0							[]	[]	[]
direct:tlsf/sweap:chain-simple-70-real	chain-simple-70-real	direct	false			all_solved	1	1	0							[]	[]	[]
direct:tlsf/sweap:chain-simple-param-70-real	chain-simple-param-70-real	direct	false			all_solved	1	1	0							[]	[]	[]
direct:tlsf/sweap:diagonal-real	diagonal-real	direct	false			all_solved	1	1	0							[]	[]	[]
direct:tlsf/sweap:elevator-paper-real	elevator-paper-real	direct	false			singleton_hard	1	0	1	7460						[]	[]	[]
direct:tlsf/sweap:evasion	evasion	direct	false			all_solved	1	1	0							[]	[]	[]
direct:tlsf/sweap:evasion-real	evasion-real	direct	false			singleton_hard	1	0	1	27203						[]	[]	[]
direct:tlsf/sweap:f-real-real	f-real-real	direct	false			singleton_hard	1	0	1	45663						[]	[]	[]
direct:tlsf/sweap:f-unreal-unreal	f-unreal-unreal	direct	false			all_solved	1	1	0							[]	[]	[]
direct:tlsf/sweap:follow	follow	direct	false			direct_cluster	4	0	4	381730						[]	[]	[]
direct:tlsf/sweap:g-real	g-real	direct	false			all_solved	1	1	0							[]	[]	[]
direct:tlsf/sweap:g-real-real	g-real-real	direct	false			all_solved	1	1	0							[]	[]	[]
direct:tlsf/sweap:g-unreal	g-unreal	direct	false			mixed_direct	38	26	12	67656						[]	[]	[]
direct:tlsf/sweap:g-unreal-1-unreal	g-unreal-1-unreal	direct	false			all_solved	1	1	0							[]	[]	[]
direct:tlsf/sweap:gf-real-real	gf-real-real	direct	false			all_solved	1	1	0							[]	[]	[]
direct:tlsf/sweap:gf-unreal	gf-unreal	direct	false			all_solved	48	48	0							[]	[]	[]
direct:tlsf/sweap:heim-buechi-real	heim-buechi-real	direct	false			all_solved	1	1	0							[]	[]	[]
direct:tlsf/sweap:heim-double-x	heim-double-x	direct	false			mixed_direct	14	8	6	9086						[]	[]	[]
direct:tlsf/sweap:heim-double-x-real	heim-double-x-real	direct	false			singleton_hard	1	0	1	12534						[]	[]	[]
direct:tlsf/sweap:heim-fig7-unreal	heim-fig7-unreal	direct	false			all_solved	1	1	0							[]	[]	[]
direct:tlsf/sweap:helipad-contradict	helipad-contradict	direct	false			direct_cluster	2	0	2	49427						[]	[]	[]
direct:tlsf/sweap:helipad-real	helipad-real	direct	false			singleton_hard	1	0	1	49342						[]	[]	[]
direct:tlsf/sweap:infinite-race-real	infinite-race-real	direct	false			all_solved	1	1	0							[]	[]	[]
direct:tlsf/sweap:infinite-race-u	infinite-race-u	direct	false			mixed_direct	26	8	18	69684						[]	[]	[]
direct:tlsf/sweap:infinite-race-unequal	infinite-race-unequal	direct	false			mixed_direct	8	5	3	90385						[]	[]	[]
direct:tlsf/sweap:infinite-race-unequal-1-real	infinite-race-unequal-1-real	direct	false			all_solved	1	1	0							[]	[]	[]
direct:tlsf/sweap:items_processing-real	items_processing-real	direct	false			singleton_hard	1	0	1	89853						[]	[]	[]
direct:tlsf/sweap:ordered-visits-choice-real	ordered-visits-choice-real	direct	false			singleton_hard	1	0	1	3546						[]	[]	[]
direct:tlsf/sweap:ordered-visits-real	ordered-visits-real	direct	false			all_solved	1	1	0							[]	[]	[]
direct:tlsf/sweap:package-delivery-real	package-delivery-real	direct	false			singleton_hard	1	0	1	374292						[]	[]	[]
direct:tlsf/sweap:patrolling	patrolling	direct	false			all_solved	26	26	0							[]	[]	[]
direct:tlsf/sweap:patrolling-alarm	patrolling-alarm	direct	false			all_solved	27	27	0							[]	[]	[]
direct:tlsf/sweap:precise-reachability	precise-reachability	direct	false			all_solved	1	1	0							[]	[]	[]
direct:tlsf/sweap:precise-reachability-real	precise-reachability-real	direct	false			all_solved	1	1	0							[]	[]	[]
direct:tlsf/sweap:reversible-lane-r-real	reversible-lane-r-real	direct	false			singleton_hard	1	0	1	9431						[]	[]	[]
direct:tlsf/sweap:reversible-lane-u	reversible-lane-u	direct	false			all_solved	2	2	0							[]	[]	[]
direct:tlsf/sweap:reversible-lane-u-unreal	reversible-lane-u-unreal	direct	false			all_solved	1	1	0							[]	[]	[]
direct:tlsf/sweap:robot-cat-real-1d-real	robot-cat-real-1d-real	direct	false			all_solved	1	1	0							[]	[]	[]
direct:tlsf/sweap:robot-cat-real-2d-real	robot-cat-real-2d-real	direct	false			singleton_hard	1	0	1	95423						[]	[]	[]
direct:tlsf/sweap:robot-cat-unreal-1d-unreal	robot-cat-unreal-1d-unreal	direct	false			all_solved	1	1	0							[]	[]	[]
direct:tlsf/sweap:robot-cat-unreal-2d-unreal	robot-cat-unreal-2d-unreal	direct	false			singleton_hard	1	0	1	94126						[]	[]	[]
direct:tlsf/sweap:robot-grid-commute-1d-real	robot-grid-commute-1d-real	direct	false			all_solved	1	1	0							[]	[]	[]
direct:tlsf/sweap:robot-grid-commute-2d-real	robot-grid-commute-2d-real	direct	false			singleton_hard	1	0	1	33535						[]	[]	[]
direct:tlsf/sweap:robot-grid-reach-1d-real	robot-grid-reach-1d-real	direct	false			all_solved	1	1	0							[]	[]	[]
direct:tlsf/sweap:robot-grid-reach-2d-real	robot-grid-reach-2d-real	direct	false			all_solved	1	1	0							[]	[]	[]
direct:tlsf/sweap:robot-grid-reach-repeated-with-obstacles-1d-real	robot-grid-reach-repeated-with-obstacles-1d-real	direct	false			all_solved	1	1	0							[]	[]	[]
direct:tlsf/sweap:robot-grid-reach-repeated-with-obstacles-2d-real	robot-grid-reach-repeated-with-obstacles-2d-real	direct	false			all_solved	1	1	0							[]	[]	[]
direct:tlsf/sweap:robot-grid-reach-repeated-with-obstacles-6d-real	robot-grid-reach-repeated-with-obstacles-6d-real	direct	false			singleton_hard	1	0	1	55906						[]	[]	[]
direct:tlsf/sweap:robot-resource-1d	robot-resource-1d	direct	false			all_solved	2	2	0							[]	[]	[]
direct:tlsf/sweap:robot-resource-1d-unreal	robot-resource-1d-unreal	direct	false			all_solved	1	1	0							[]	[]	[]
direct:tlsf/sweap:robot-resource-2d	robot-resource-2d	direct	false			mixed_direct	24	2	22	9890						[]	[]	[]
direct:tlsf/sweap:robot-tasks-real	robot-tasks-real	direct	false			all_solved	1	1	0							[]	[]	[]
direct:tlsf/sweap:robot-to-target	robot-to-target	direct	false			singleton_hard	1	0	1	1635808						[]	[]	[]
direct:tlsf/sweap:robot-to-target-charging	robot-to-target-charging	direct	false			direct_cluster	26	0	26	24244						[]	[]	[]
direct:tlsf/sweap:robot-to-target-charging-real	robot-to-target-charging-real	direct	false			singleton_hard	1	0	1	107913						[]	[]	[]
direct:tlsf/sweap:robot-to-target-charging-unreal	robot-to-target-charging-unreal	direct	false			direct_cluster	9	0	9	143699						[]	[]	[]
direct:tlsf/sweap:robot-to-target-unreal	robot-to-target-unreal	direct	false			all_solved	1	1	0							[]	[]	[]
direct:tlsf/sweap:robot_analyze_samples_v1-real	robot_analyze_samples_v1-real	direct	false			singleton_hard	1	0	1	37942						[]	[]	[]
direct:tlsf/sweap:robot_collect_samples_v1-real	robot_collect_samples_v1-real	direct	false			singleton_hard	1	0	1	26125						[]	[]	[]
direct:tlsf/sweap:robot_collect_samples_v2-real	robot_collect_samples_v2-real	direct	false			all_solved	1	1	0							[]	[]	[]
direct:tlsf/sweap:robot_collect_samples_v3-real	robot_collect_samples_v3-real	direct	false			singleton_hard	1	0	1	51513						[]	[]	[]
direct:tlsf/sweap:robot_collect_samples_v4-real	robot_collect_samples_v4-real	direct	false			singleton_hard	1	0	1	47844						[]	[]	[]
direct:tlsf/sweap:robot_deliver_products	robot_deliver_products	direct	false			direct_cluster	4	0	4	185437						[]	[]	[]
direct:tlsf/sweap:robot_deliver_products_1-real	robot_deliver_products_1-real	direct	false			singleton_hard	1	0	1	65678						[]	[]	[]
direct:tlsf/sweap:robot_repair	robot_repair	direct	false			direct_cluster	6	0	6	50637						[]	[]	[]
direct:tlsf/sweap:robot_running-real	robot_running-real	direct	false			singleton_hard	1	0	1	34305						[]	[]	[]
direct:tlsf/sweap:scheduler-real	scheduler-real	direct	false			singleton_hard	1	0	1	57825						[]	[]	[]
direct:tlsf/sweap:solitary	solitary	direct	false			all_solved	1	1	0							[]	[]	[]
direct:tlsf/sweap:solitary-real	solitary-real	direct	false			all_solved	1	1	0							[]	[]	[]
direct:tlsf/sweap:sort	sort	direct	false			mixed_direct	7	2	5	121905						[]	[]	[]
direct:tlsf/sweap:sort4-real	sort4-real	direct	false			singleton_hard	1	0	1	180367						[]	[]	[]
direct:tlsf/sweap:square5x	square5x	direct	false			mixed_direct	5	1	4	20782						[]	[]	[]
direct:tlsf/sweap:square5x5-real	square5x5-real	direct	false			singleton_hard	1	0	1	28822						[]	[]	[]
direct:tlsf/sweap:storage-GF-64-real	storage-GF-64-real	direct	false			all_solved	1	1	0							[]	[]	[]
direct:tlsf/sweap:tasks-real	tasks-real	direct	false			all_solved	1	1	0							[]	[]	[]
direct:tlsf/sweap:tasks-unreal	tasks-unreal	direct	false			direct_cluster	3	0	3	44220						[]	[]	[]
direct:tlsf/sweap:taxi-service-real	taxi-service-real	direct	false			all_solved	1	1	0							[]	[]	[]
direct:tlsf/sweap:taxi-service-u-unreal	taxi-service-u-unreal	direct	false			all_solved	1	1	0							[]	[]	[]
direct:tlsf/sweap:thermostat-F-real	thermostat-F-real	direct	false			singleton_hard	1	0	1	14188						[]	[]	[]
direct:tlsf/sweap:thermostat-GF-real	thermostat-GF-real	direct	false			singleton_hard	1	0	1	22662						[]	[]	[]
direct:tlsf/sweap:thermostat-GF-unreal	thermostat-GF-unreal	direct	false			direct_cluster	3	0	3	22646						[]	[]	[]
direct:tlsf/sweap:unordered-visits-charging	unordered-visits-charging	direct	false			singleton_hard	1	0	1	66909						[]	[]	[]
direct:tlsf/sweap:unordered-visits-real	unordered-visits-real	direct	false			singleton_hard	1	0	1	20766						[]	[]	[]
direct:tlsf/tsl_paper:ActionConverter	ActionConverter	direct	false			all_solved	1	1	0							[]	[]	[]
direct:tlsf/tsl_paper:Automata	Automata	direct	false			all_solved	1	1	0							[]	[]	[]
direct:tlsf/tsl_paper:Automata16S	Automata16S	direct	false			all_solved	1	1	0							[]	[]	[]
direct:tlsf/tsl_paper:Automata32S	Automata32S	direct	false			singleton_hard	1	0	1	12029						[]	[]	[]
direct:tlsf/tsl_paper:Button	Button	direct	false			all_solved	1	1	0							[]	[]	[]
direct:tlsf/tsl_paper:Cockpitboard	Cockpitboard	direct	false			all_solved	1	1	0							[]	[]	[]
direct:tlsf/tsl_paper:EnemeyModule	EnemeyModule	direct	false			all_solved	1	1	0							[]	[]	[]
direct:tlsf/tsl_paper:EscalatorBidirectional	EscalatorBidirectional	direct	false			all_solved	1	1	0							[]	[]	[]
direct:tlsf/tsl_paper:EscalatorBidirectionalInit	EscalatorBidirectionalInit	direct	false			all_solved	1	1	0							[]	[]	[]
direct:tlsf/tsl_paper:EscalatorCounting	EscalatorCounting	direct	false			all_solved	1	1	0							[]	[]	[]
direct:tlsf/tsl_paper:EscalatorCountingInit	EscalatorCountingInit	direct	false			all_solved	1	1	0							[]	[]	[]
direct:tlsf/tsl_paper:EscalatorNonCounting	EscalatorNonCounting	direct	false			all_solved	1	1	0							[]	[]	[]
direct:tlsf/tsl_paper:EscalatorNonReactive	EscalatorNonReactive	direct	false			all_solved	1	1	0							[]	[]	[]
direct:tlsf/tsl_paper:EscalatorSmart	EscalatorSmart	direct	false			all_solved	1	1	0							[]	[]	[]
direct:tlsf/tsl_paper:Gamelogic	Gamelogic	direct	false			all_solved	1	1	0							[]	[]	[]
direct:tlsf/tsl_paper:GamemodeChooser	GamemodeChooser	direct	false			all_solved	1	1	0							[]	[]	[]
direct:tlsf/tsl_paper:Gamemodule	Gamemodule	direct	false			all_solved	1	1	0							[]	[]	[]
direct:tlsf/tsl_paper:Increment	Increment	direct	false			all_solved	1	1	0							[]	[]	[]
direct:tlsf/tsl_paper:KitchenTimerV	KitchenTimerV	direct	false			all_solved	11	11	0							[]	[]	[]
direct:tlsf/tsl_paper:LedMatrix	LedMatrix	direct	false			singleton_hard	1	0	1	5681						[]	[]	[]
direct:tlsf/tsl_paper:ModdifiedLedMatrix4X	ModdifiedLedMatrix4X	direct	false			all_solved	1	1	0							[]	[]	[]
direct:tlsf/tsl_paper:ModdifiedLedMatrix5X	ModdifiedLedMatrix5X	direct	false			all_solved	1	1	0							[]	[]	[]
direct:tlsf/tsl_paper:MusicAppFeedback	MusicAppFeedback	direct	false			all_solved	1	1	0							[]	[]	[]
direct:tlsf/tsl_paper:MusicAppMotivating	MusicAppMotivating	direct	false			all_solved	1	1	0							[]	[]	[]
direct:tlsf/tsl_paper:MusicAppSimple	MusicAppSimple	direct	false			all_solved	1	1	0							[]	[]	[]
direct:tlsf/tsl_paper:OneCounter	OneCounter	direct	false			all_solved	1	1	0							[]	[]	[]
direct:tlsf/tsl_paper:OneCounterGui	OneCounterGui	direct	false			all_solved	1	1	0							[]	[]	[]
direct:tlsf/tsl_paper:OneCounterGuiA	OneCounterGuiA	direct	false			all_solved	8	8	0							[]	[]	[]
direct:tlsf/tsl_paper:OneCounterInRange	OneCounterInRange	direct	false			all_solved	1	1	0							[]	[]	[]
direct:tlsf/tsl_paper:OneCounterInRangeA	OneCounterInRangeA	direct	false			all_solved	3	3	0							[]	[]	[]
direct:tlsf/tsl_paper:Radarboard	Radarboard	direct	false			all_solved	1	1	0							[]	[]	[]
direct:tlsf/tsl_paper:RegManager	RegManager	direct	false			all_solved	1	1	0							[]	[]	[]
direct:tlsf/tsl_paper:RotationCalculator	RotationCalculator	direct	false			all_solved	1	1	0							[]	[]	[]
direct:tlsf/tsl_paper:SPI	SPI	direct	false			all_solved	1	1	0							[]	[]	[]
direct:tlsf/tsl_paper:SPIPureNext	SPIPureNext	direct	false			singleton_hard	1	0	1	12331						[]	[]	[]
direct:tlsf/tsl_paper:SPIReadClk	SPIReadClk	direct	false			all_solved	1	1	0							[]	[]	[]
direct:tlsf/tsl_paper:SPIReadManag	SPIReadManag	direct	false			all_solved	1	1	0							[]	[]	[]
direct:tlsf/tsl_paper:SPIReadSdi	SPIReadSdi	direct	false			all_solved	1	1	0							[]	[]	[]
direct:tlsf/tsl_paper:SPIWriteClk	SPIWriteClk	direct	false			all_solved	1	1	0							[]	[]	[]
direct:tlsf/tsl_paper:SPIWriteManag	SPIWriteManag	direct	false			all_solved	1	1	0							[]	[]	[]
direct:tlsf/tsl_paper:SPIWriteSdi	SPIWriteSdi	direct	false			all_solved	1	1	0							[]	[]	[]
direct:tlsf/tsl_paper:Scoreboard	Scoreboard	direct	false			all_solved	1	1	0							[]	[]	[]
direct:tlsf/tsl_paper:Sensor	Sensor	direct	false			all_solved	1	1	0							[]	[]	[]
direct:tlsf/tsl_paper:SensorInit	SensorInit	direct	false			all_solved	1	1	0							[]	[]	[]
direct:tlsf/tsl_paper:SensorPart	SensorPart	direct	false			all_solved	1	1	0							[]	[]	[]
direct:tlsf/tsl_paper:SensorRegister	SensorRegister	direct	false			all_solved	1	1	0							[]	[]	[]
direct:tlsf/tsl_paper:SensorSelector	SensorSelector	direct	false			all_solved	1	1	0							[]	[]	[]
direct:tlsf/tsl_paper:SensorSubmodulChooser	SensorSubmodulChooser	direct	false			all_solved	1	1	0							[]	[]	[]
direct:tlsf/tsl_paper:SliderDefault	SliderDefault	direct	false			all_solved	1	1	0							[]	[]	[]
direct:tlsf/tsl_paper:SliderDelayed	SliderDelayed	direct	false			all_solved	1	1	0							[]	[]	[]
direct:tlsf/tsl_paper:SliderScored	SliderScored	direct	false			all_solved	1	1	0							[]	[]	[]
direct:tlsf/tsl_paper:TorcsAccelerating	TorcsAccelerating	direct	false			all_solved	1	1	0							[]	[]	[]
direct:tlsf/tsl_paper:TorcsGearing	TorcsGearing	direct	false			all_solved	1	1	0							[]	[]	[]
direct:tlsf/tsl_paper:TorcsSimple	TorcsSimple	direct	false			all_solved	1	1	0							[]	[]	[]
direct:tlsf/tsl_paper:TorcsSteeringImproved	TorcsSteeringImproved	direct	false			all_solved	1	1	0							[]	[]	[]
direct:tlsf/tsl_paper:TorcsSteeringSimple	TorcsSteeringSimple	direct	false			all_solved	1	1	0							[]	[]	[]
direct:tlsf/tsl_paper:TorcsSteeringSmart	TorcsSteeringSmart	direct	false			all_solved	1	1	0							[]	[]	[]
direct:tlsf/tsl_paper:TwoCounters	TwoCounters	direct	false			all_solved	5	5	0							[]	[]	[]
direct:tlsf/tsl_paper:TwoCountersDisButA	TwoCountersDisButA	direct	false			all_solved	10	10	0							[]	[]	[]
direct:tlsf/tsl_paper:TwoCountersDisButAC	TwoCountersDisButAC	direct	false			all_solved	1	1	0							[]	[]	[]
direct:tlsf/tsl_paper:TwoCountersGui	TwoCountersGui	direct	false			all_solved	1	1	0							[]	[]	[]
direct:tlsf/tsl_paper:TwoCountersInRange	TwoCountersInRange	direct	false			all_solved	1	1	0							[]	[]	[]
direct:tlsf/tsl_paper:TwoCountersInRangeA	TwoCountersInRangeA	direct	false			all_solved	5	5	0							[]	[]	[]
direct:tlsf/tsl_paper:TwoCountersInRangeM	TwoCountersInRangeM	direct	false			all_solved	5	5	0							[]	[]	[]
direct:tlsf/tsl_paper:TwoCountersRefined	TwoCountersRefined	direct	false			all_solved	1	1	0							[]	[]	[]
direct:tlsf/tsl_paper:TwoCountersRefinedRefined	TwoCountersRefinedRefined	direct	false			all_solved	1	1	0							[]	[]	[]
direct:tlsf/tsl_paper:UnderapproxDemo	UnderapproxDemo	direct	false			all_solved	1	1	0							[]	[]	[]
direct:tlsf/tsl_paper:UnderapproxStrengthenedDemo	UnderapproxStrengthenedDemo	direct	false			all_solved	1	1	0							[]	[]	[]
direct:tlsf/tsl_paper:Zoo	Zoo	direct	false			all_solved	3	3	0							[]	[]	[]
direct:tlsf/tsl_smart_home_jarvis/extracted-benchmarks:Alarm	Alarm	direct	false			all_solved	8	8	0							[]	[]	[]
direct:tlsf/tsl_smart_home_jarvis/extracted-benchmarks:AlarmMin	AlarmMin	direct	false			all_solved	1	1	0							[]	[]	[]
direct:tlsf/tsl_smart_home_jarvis/extracted-benchmarks:AllHeating	AllHeating	direct	false			all_solved	1	1	0							[]	[]	[]
direct:tlsf/tsl_smart_home_jarvis/extracted-benchmarks:AllLights	AllLights	direct	false			all_solved	6	6	0							[]	[]	[]
direct:tlsf/tsl_smart_home_jarvis/extracted-benchmarks:AllShades	AllShades	direct	false			all_solved	1	1	0							[]	[]	[]
direct:tlsf/tsl_smart_home_jarvis/extracted-benchmarks:Assumptions	Assumptions	direct	false			all_solved	1	1	0							[]	[]	[]
direct:tlsf/tsl_smart_home_jarvis/extracted-benchmarks:CheckAlarm	CheckAlarm	direct	false			all_solved	1	1	0							[]	[]	[]
direct:tlsf/tsl_smart_home_jarvis/extracted-benchmarks:CheckAlarmBroken	CheckAlarmBroken	direct	false			all_solved	1	1	0							[]	[]	[]
direct:tlsf/tsl_smart_home_jarvis/extracted-benchmarks:CheckCoffeMachine	CheckCoffeMachine	direct	false			all_solved	2	2	0							[]	[]	[]
direct:tlsf/tsl_smart_home_jarvis/extracted-benchmarks:CheckCoffeMachineBroken	CheckCoffeMachineBroken	direct	false			all_solved	1	1	0							[]	[]	[]
direct:tlsf/tsl_smart_home_jarvis/extracted-benchmarks:CheckDoor	CheckDoor	direct	false			all_solved	1	1	0							[]	[]	[]
direct:tlsf/tsl_smart_home_jarvis/extracted-benchmarks:CheckHeating	CheckHeating	direct	false			all_solved	2	2	0							[]	[]	[]
direct:tlsf/tsl_smart_home_jarvis/extracted-benchmarks:CheckLight	CheckLight	direct	false			all_solved	2	2	0							[]	[]	[]
direct:tlsf/tsl_smart_home_jarvis/extracted-benchmarks:CheckRoom	CheckRoom	direct	false			all_solved	4	4	0							[]	[]	[]
direct:tlsf/tsl_smart_home_jarvis/extracted-benchmarks:CheckShades	CheckShades	direct	false			all_solved	4	4	0							[]	[]	[]
direct:tlsf/tsl_smart_home_jarvis/extracted-benchmarks:CheckTime	CheckTime	direct	false			all_solved	3	3	0							[]	[]	[]
direct:tlsf/tsl_smart_home_jarvis/extracted-benchmarks:CheckTimer	CheckTimer	direct	false			all_solved	2	2	0							[]	[]	[]
direct:tlsf/tsl_smart_home_jarvis/extracted-benchmarks:CheckWarnlight	CheckWarnlight	direct	false			all_solved	4	4	0							[]	[]	[]
direct:tlsf/tsl_smart_home_jarvis/extracted-benchmarks:CheckWarnlightBroken	CheckWarnlightBroken	direct	false			all_solved	1	1	0							[]	[]	[]
direct:tlsf/tsl_smart_home_jarvis/extracted-benchmarks:CheckWindows	CheckWindows	direct	false			all_solved	1	1	0							[]	[]	[]
direct:tlsf/tsl_smart_home_jarvis/extracted-benchmarks:Cockpitboard	Cockpitboard	direct	false			all_solved	1	1	0							[]	[]	[]
direct:tlsf/tsl_smart_home_jarvis/extracted-benchmarks:CoffeMachine	CoffeMachine	direct	false			all_solved	2	2	0							[]	[]	[]
direct:tlsf/tsl_smart_home_jarvis/extracted-benchmarks:Coffee	Coffee	direct	false			all_solved	7	7	0							[]	[]	[]
direct:tlsf/tsl_smart_home_jarvis/extracted-benchmarks:CoffeeMin	CoffeeMin	direct	false			all_solved	1	1	0							[]	[]	[]
direct:tlsf/tsl_smart_home_jarvis/extracted-benchmarks:Core	Core	direct	false			all_solved	3	3	0							[]	[]	[]
direct:tlsf/tsl_smart_home_jarvis/extracted-benchmarks:Core_solved	Core_solved	direct	false			all_solved	1	1	0							[]	[]	[]
direct:tlsf/tsl_smart_home_jarvis/extracted-benchmarks:Demo	Demo	direct	false			direct_cluster	5	0	5	11350						[]	[]	[]
direct:tlsf/tsl_smart_home_jarvis/extracted-benchmarks:DeviceBehaviorChec	DeviceBehaviorChec	direct	false			all_solved	1	1	0							[]	[]	[]
direct:tlsf/tsl_smart_home_jarvis/extracted-benchmarks:Door	Door	direct	false			all_solved	1	1	0							[]	[]	[]
direct:tlsf/tsl_smart_home_jarvis/extracted-benchmarks:Example	Example	direct	false			all_solved	1	1	0							[]	[]	[]
direct:tlsf/tsl_smart_home_jarvis/extracted-benchmarks:FelixSpecFixed	FelixSpecFixed	direct	false			direct_cluster	5	0	5	11762						[]	[]	[]
direct:tlsf/tsl_smart_home_jarvis/extracted-benchmarks:FelixSpecFixed2.2.core	FelixSpecFixed2.2.core	direct	false			all_solved	1	1	0							[]	[]	[]
direct:tlsf/tsl_smart_home_jarvis/extracted-benchmarks:FelixSpecFixed3.core	FelixSpecFixed3.core	direct	false			all_solved	1	1	0							[]	[]	[]
direct:tlsf/tsl_smart_home_jarvis/extracted-benchmarks:FelixSpecFixed4GuaranteesOnly	FelixSpecFixed4GuaranteesOnly	direct	false			all_solved	1	1	0							[]	[]	[]
direct:tlsf/tsl_smart_home_jarvis/extracted-benchmarks:Full	Full	direct	false			singleton_hard	1	0	1	18540						[]	[]	[]
direct:tlsf/tsl_smart_home_jarvis/extracted-benchmarks:Heating	Heating	direct	false			all_solved	4	4	0							[]	[]	[]
direct:tlsf/tsl_smart_home_jarvis/extracted-benchmarks:HeatingMin	HeatingMin	direct	false			all_solved	1	1	0							[]	[]	[]
direct:tlsf/tsl_smart_home_jarvis/extracted-benchmarks:IntendDemo	IntendDemo	direct	false			all_solved	1	1	0							[]	[]	[]
direct:tlsf/tsl_smart_home_jarvis/extracted-benchmarks:LampController	LampController	direct	false			all_solved	1	1	0							[]	[]	[]
direct:tlsf/tsl_smart_home_jarvis/extracted-benchmarks:Light	Light	direct	false			all_solved	3	3	0							[]	[]	[]
direct:tlsf/tsl_smart_home_jarvis/extracted-benchmarks:Lights	Lights	direct	false			all_solved	19	19	0							[]	[]	[]
direct:tlsf/tsl_smart_home_jarvis/extracted-benchmarks:Lights2Min	Lights2Min	direct	false			all_solved	1	1	0							[]	[]	[]
direct:tlsf/tsl_smart_home_jarvis/extracted-benchmarks:Lights3Min	Lights3Min	direct	false			all_solved	1	1	0							[]	[]	[]
direct:tlsf/tsl_smart_home_jarvis/extracted-benchmarks:LightsMin	LightsMin	direct	false			all_solved	1	1	0							[]	[]	[]
direct:tlsf/tsl_smart_home_jarvis/extracted-benchmarks:LightsTotal	LightsTotal	direct	false			all_solved	4	4	0							[]	[]	[]
direct:tlsf/tsl_smart_home_jarvis/extracted-benchmarks:Morning	Morning	direct	false			mixed_direct	16	8	8	5055						[]	[]	[]
direct:tlsf/tsl_smart_home_jarvis/extracted-benchmarks:Morning2Min	Morning2Min	direct	false			all_solved	1	1	0							[]	[]	[]
direct:tlsf/tsl_smart_home_jarvis/extracted-benchmarks:Morning2s	Morning2s	direct	false			direct_cluster	6	0	6	5860						[]	[]	[]
direct:tlsf/tsl_smart_home_jarvis/extracted-benchmarks:MorningMin	MorningMin	direct	false			all_solved	1	1	0							[]	[]	[]
direct:tlsf/tsl_smart_home_jarvis/extracted-benchmarks:PlugController	PlugController	direct	false			all_solved	1	1	0							[]	[]	[]
direct:tlsf/tsl_smart_home_jarvis/extracted-benchmarks:Room	Room	direct	false			all_solved	1	1	0							[]	[]	[]
direct:tlsf/tsl_smart_home_jarvis/extracted-benchmarks:Shades	Shades	direct	false			all_solved	8	8	0							[]	[]	[]
direct:tlsf/tsl_smart_home_jarvis/extracted-benchmarks:Shades2Min	Shades2Min	direct	false			all_solved	1	1	0							[]	[]	[]
direct:tlsf/tsl_smart_home_jarvis/extracted-benchmarks:ShadesMin	ShadesMin	direct	false			all_solved	1	1	0							[]	[]	[]
direct:tlsf/tsl_smart_home_jarvis/extracted-benchmarks:SingleContoller	SingleContoller	direct	false			all_solved	1	1	0							[]	[]	[]
direct:tlsf/tsl_smart_home_jarvis/extracted-benchmarks:System	System	direct	false			all_solved	1	1	0							[]	[]	[]
direct:tlsf/tsl_smart_home_jarvis/extracted-benchmarks:Time	Time	direct	false			all_solved	1	1	0							[]	[]	[]
direct:tlsf/tsl_smart_home_jarvis/extracted-benchmarks:Timer	Timer	direct	false			all_solved	1	1	0							[]	[]	[]
direct:tlsf/tsl_smart_home_jarvis/extracted-benchmarks:Warnlight	Warnlight	direct	false			all_solved	2	2	0							[]	[]	[]
direct:tlsf/tsl_smart_home_jarvis/extracted-benchmarks:Window	Window	direct	false			all_solved	8	8	0							[]	[]	[]
direct:tlsf/tsl_smart_home_jarvis/extracted-benchmarks:Window2Min	Window2Min	direct	false			all_solved	1	1	0							[]	[]	[]
direct:tlsf/tsl_smart_home_jarvis/extracted-benchmarks:WindowMin	WindowMin	direct	false			all_solved	1	1	0							[]	[]	[]
direct:tlsf/tsl_smart_home_jarvis/extracted-benchmarks:door_locking_problem	door_locking_problem	direct	false			all_solved	1	1	0							[]	[]	[]
direct:tlsf/tsl_smart_home_jarvis/extracted-benchmarks:jarvis_gideon	jarvis_gideon	direct	false			all_solved	1	1	0							[]	[]	[]
direct:tlsf/tsl_smart_home_jarvis/extracted-benchmarks:jarvis_philippe	jarvis_philippe	direct	false			all_solved	1	1	0							[]	[]	[]
direct:tlsf/tsl_smart_home_jarvis/extracted-benchmarks:lazy_shades_problem	lazy_shades_problem	direct	false			all_solved	1	1	0							[]	[]	[]
direct:tlsf/tsl_smart_home_jarvis/extracted-benchmarks:test	test	direct	false			all_solved	9	9	0							[]	[]	[]
direct:tlsf/tsl_smart_home_jarvis/extracted-benchmarks:tmp	tmp	direct	false			singleton_hard	1	0	1	3186						[]	[]	[]
param:tlsf/amba/amba/parametric/amba_case_study.tlsf	amba_case_study	param	true	n	1	clean_cutoff	3	1	2	7395	2	3	amba_case_study_pb_3_pe_.ltl	amba_case_study_pb_2_pe_.ltl	0.9308039869647473	[]	[]	[]
param:tlsf/amba/amba/parametric/amba_case_study_unreal.tlsf	amba_case_study_unreal	param	true	n	1	all_unsolved	4	0	4	7482		2	amba_case_study_unreal_pb_2_pe_.ltl			[]	[]	[]
param:tlsf/amba/amba_decomposed/parametric/amba_decomposed_arbiter.tlsf	amba_decomposed_arbiter	param	true	n	1	clean_cutoff	12	5	7	2265	6	7	amba_decomposed_arbiter_pb_7_pe_.ltl	amba_decomposed_arbiter_pb_6_pe_.ltl	1.1554492310388014	[]	[]	[]
param:tlsf/amba/amba_decomposed/parametric/amba_decomposed_encode.tlsf	amba_decomposed_encode	param	true	n	1	clean_cutoff	17	15	2	2427	16	20	amba_decomposed_encode_pb_20_pe_.ltl	amba_decomposed_encode_pb_16_pe_.ltl	0.8028807360678911	[]	[]	[]
param:tlsf/amba/amba_decomposed/parametric/amba_decomposed_lock.tlsf	amba_decomposed_lock	param	true	n	1	clean_cutoff	16	12	4	2100	13	14	amba_decomposed_lock_pb_14_pe_.ltl	amba_decomposed_lock_pb_13_pe_.ltl	20.220548374927603	[]	[]	[]
param:tlsf/arbiters_s4/parametric/example10.tlsf	example10	param	true	n	1	all_solved	2	2	0		2					[]	[]	[]
param:tlsf/arbiters_s4/parametric/example10a.tlsf	example10a	param	true	n	1	all_solved	2	2	0		2					[]	[]	[]
param:tlsf/arbiters_s4/parametric/example7.tlsf	example7	param	true	n	1	all_solved	2	2	0		2					[]	[]	[]
param:tlsf/arbiters_s4/parametric/example7a.tlsf	example7a	param	true	n	1	all_solved	2	2	0		2					[]	[]	[]
param:tlsf/arbiters_s4/parametric/example8.tlsf	example8	param	true	n	1	all_solved	2	2	0		2					[]	[]	[]
param:tlsf/arbiters_s4/parametric/example9.tlsf	example9	param	true	n	1	all_solved	2	2	0		2					[]	[]	[]
param:tlsf/arbiters_zoo/parametric/abcg_arbiter.tlsf	abcg_arbiter	param	true	n	1	clean_cutoff	6	3	3	1429	3	4	abcg_arbiter_pb_4_pe_.ltl	abcg_arbiter_pb_3_pe_.ltl	36.370379983098246	[]	[]	[]
param:tlsf/arbiters_zoo/parametric/arbiter.tlsf	arbiter	param	true	n	1	clean_cutoff	10	5	5	1352	5	6	arbiter_pb_6_pe_.ltl	arbiter_pb_5_pe_.ltl	0.41484881192445755	[]	[]	[]
param:tlsf/arbiters_zoo/parametric/arbiter_on_inpchange.tlsf	arbiter_on_inpchange	param	true	n	1	clean_cutoff	7	4	3	1327	4	5	arbiter_on_inpchange_pb_5_pe_.ltl	arbiter_on_inpchange_pb_4_pe_.ltl	1.2906023460673168	[]	[]	[]
param:tlsf/arbiters_zoo/parametric/arbiter_with_buffer.tlsf	arbiter_with_buffer	param	true	n	1	clean_cutoff	10	5	5	1129	5	6	arbiter_with_buffer_pb_6_pe_.ltl	arbiter_with_buffer_pb_5_pe_.ltl	4.657058052020147	[]	[]	[]
param:tlsf/arbiters_zoo/parametric/arbiter_with_cancel.tlsf	arbiter_with_cancel	param	true	n	1	clean_cutoff	10	5	5	1848	5	6	arbiter_with_cancel_pb_6_pe_.ltl	arbiter_with_cancel_pb_5_pe_.ltl	1.3234717140439898	[]	[]	[]
param:tlsf/arbiters_zoo/parametric/rw_arbiter.tlsf	rw_arbiter	param	true	n	1	clean_cutoff	5	3	2	2123	3	4	rw_arbiter_pb_4_pe_.ltl	rw_arbiter_pb_3_pe_.ltl	0.7697880920022726	[]	[]	[]
param:tlsf/chomp_game/parametric/chomp.tlsf	chomp	param	true	N,M	2	clean_cutoff	15	3	12	2970						"[{""instance"":""chomp_pb_2_4_pe_.ltl"",""params"":{""N"":2,""M"":4},""failure"":""TIMEOUT""},{""instance"":""chomp_pb_3_3_pe_.ltl"",""params"":{""N"":3,""M"":3},""failure"":""TIMEOUT""},{""instance"":""chomp_pb_4_2_pe_.ltl"",""params"":{""N"":4,""M"":2},""failure"":""TIMEOUT""}]"	"[{""instance"":""chomp_pb_2_3_pe_.ltl"",""params"":{""N"":2,""M"":3},""seconds"":""3.2606341149657965""},{""instance"":""chomp_pb_3_2_pe_.ltl"",""params"":{""N"":3,""M"":2},""seconds"":""3.1990205920301378""}]"	[]
param:tlsf/collector/parametric/collector_v1.tlsf	collector_v1	param	true	n	1	clean_cutoff	9	4	5	487	9	11	collector_v1_pb_11_pe_.ltl	collector_v1_pb_9_pe_.ltl	2.7098509030183777	[]	[]	[]
param:tlsf/collector/parametric/collector_v2.tlsf	collector_v2	param	true	n	1	clean_cutoff	10	9	1	511	15	27	collector_v2_pb_27_pe_.ltl	collector_v2_pb_15_pe_.ltl	12.335180721012875	[]	[]	[]
param:tlsf/collector/parametric/collector_v3.tlsf	collector_v3	param	true	n	1	clean_cutoff	9	3	6	564	7	9	collector_v3_pb_9_pe_.ltl	collector_v3_pb_7_pe_.ltl	0.9186115009943023	[]	[]	[]
param:tlsf/full_arbiter_log/parametric/full_arbiter_enc.tlsf	full_arbiter_enc	param	true	n	1	all_unsolved	3	0	3	2534		8	full_arbiter_enc_pb_8_pe_.ltl			[]	[]	[]
param:tlsf/full_arbiter_unreal/parametric/full_arbiter_unreal1.tlsf	full_arbiter_unreal1	param	true	n,u	2	clean_cutoff	46	29	17	1836						"[{""instance"":""full_arbiter_unreal1_pb_2_20_pe_.ltl"",""params"":{""n"":2,""u"":20},""failure"":""TIMEOUT""},{""instance"":""full_arbiter_unreal1_pb_3_8_pe_.ltl"",""params"":{""n"":3,""u"":8},""failure"":""TIMEOUT""},{""instance"":""full_arbiter_unreal1_pb_4_6_pe_.ltl"",""params"":{""n"":4,""u"":6},""failure"":""TIMEOUT""}]"	"[{""instance"":""full_arbiter_unreal1_pb_2_18_pe_.ltl"",""params"":{""n"":2,""u"":18},""seconds"":""21.144463615957648""},{""instance"":""full_arbiter_unreal1_pb_3_7_pe_.ltl"",""params"":{""n"":3,""u"":7},""seconds"":""9.15032415103633""},{""instance"":""full_arbiter_unreal1_pb_4_5_pe_.ltl"",""params"":{""n"":4,""u"":5},""seconds"":""53.304735154961236""}]"	[]
param:tlsf/full_arbiter_unreal/parametric/full_arbiter_unreal2.tlsf	full_arbiter_unreal2	param	true	n	1	clean_cutoff	6	3	3	1823	4	5	full_arbiter_unreal2_pb_5_pe_.ltl	full_arbiter_unreal2_pb_4_pe_.ltl	4.799529746058397	[]	[]	[]
param:tlsf/generalized_buffer/parametric/generalized_buffer.tlsf	generalized_buffer	param	true	n	1	clean_cutoff	5	3	2	2185	4	5	generalized_buffer_pb_5_pe_.ltl	generalized_buffer_pb_4_pe_.ltl	11.897390626952983	[]	[]	[]
param:tlsf/lift/parametric/lift.tlsf	lift	param	true	n	1	clean_cutoff	9	2	7	3444	3	4	lift_pb_4_pe_.ltl	lift_pb_3_pe_.ltl	0.1530895009636879	[]	[]	[]
param:tlsf/lift/parametric/lift_gr1+.tlsf	lift_gr1+	param	true	n	1	clean_cutoff	6	1	5	3234	2	3	lift_gr1+_pb_3_pe_.ltl	lift_gr1+_pb_2_pe_.ltl	0.039298087009228766	[]	[]	[]
param:tlsf/lift/parametric/lift_gr1.tlsf	lift_gr1	param	true	n	1	clean_cutoff	6	1	5	3294	2	3	lift_gr1_pb_3_pe_.ltl	lift_gr1_pb_2_pe_.ltl	0.025112343952059746	[]	[]	[]
param:tlsf/lift/parametric/lift_unary_enc.tlsf	lift_unary_enc	param	true	n	1	clean_cutoff	6	2	4	2239	3	4	lift_unary_enc_pb_4_pe_.ltl	lift_unary_enc_pb_3_pe_.ltl	4.529931035009213	[]	[]	[]
param:tlsf/lift/parametric/lift_wrong_physics_unreal.tlsf	lift_wrong_physics_unreal	param	true	n	1	all_solved	9	9	0		10					[]	[]	[]
param:tlsf/load_balancer/parametric/load_balancer.tlsf	load_balancer	param	true	n	1	clean_cutoff	10	6	4	1608	7	8	load_balancer_pb_8_pe_.ltl	load_balancer_pb_7_pe_.ltl	5.385427915956825	[]	[]	[]
param:tlsf/load_balancer_unreal/parametric/load_balancer_unreal1.tlsf	load_balancer_unreal1	param	true	n,u	2	clean_cutoff	51	43	8	1865						"[{""instance"":""load_balancer_unreal1_pb_4_8_pe_.ltl"",""params"":{""n"":4,""u"":8},""failure"":""TIMEOUT""},{""instance"":""load_balancer_unreal1_pb_5_6_pe_.ltl"",""params"":{""n"":5,""u"":6},""failure"":""TIMEOUT""},{""instance"":""load_balancer_unreal1_pb_6_5_pe_.ltl"",""params"":{""n"":6,""u"":5},""failure"":""TIMEOUT""}]"	"[{""instance"":""load_balancer_unreal1_pb_2_16_pe_.ltl"",""params"":{""n"":2,""u"":16},""seconds"":""1.4928069269517437""},{""instance"":""load_balancer_unreal1_pb_3_12_pe_.ltl"",""params"":{""n"":3,""u"":12},""seconds"":""0.5731185000622645""},{""instance"":""load_balancer_unreal1_pb_4_7_pe_.ltl"",""params"":{""n"":4,""u"":7},""seconds"":""7.421917250961997""},{""instance"":""load_balancer_unreal1_pb_5_5_pe_.ltl"",""params"":{""n"":5,""u"":5},""seconds"":""13.392795808031224""},{""instance"":""load_balancer_unreal1_pb_6_4_pe_.ltl"",""params"":{""n"":6,""u"":4},""seconds"":""22.16016351489816""}]"	[]
param:tlsf/load_balancer_unreal/parametric/load_balancer_unreal2.tlsf	load_balancer_unreal2	param	true	n	1	clean_cutoff	7	4	3	1852	5	6	load_balancer_unreal2_pb_6_pe_.ltl	load_balancer_unreal2_pb_5_pe_.ltl	11.358172932988964	[]	[]	[]
param:tlsf/ltl2dba/parametric/ltl2dba_C2.tlsf	ltl2dba_C2	param	true	n	1	all_solved	19	19	0		100					[]	[]	[]
param:tlsf/ltl2dba/parametric/ltl2dba_C2_unreal.tlsf	ltl2dba_C2_unreal	param	true	n	1	clean_cutoff	21	15	6	508	16	25	ltl2dba_C2_unreal_pb_25_pe_.ltl	ltl2dba_C2_unreal_pb_16_pe_.ltl	17.8909107450163	[]	[]	[]
param:tlsf/ltl2dba/parametric/ltl2dba_E.tlsf	ltl2dba_E	param	true	n	1	all_solved	14	14	0		16					[]	[]	[]
param:tlsf/ltl2dba/parametric/ltl2dba_Q.tlsf	ltl2dba_Q	param	true	n	1	all_solved	15	15	0		100					[]	[]	[]
param:tlsf/ltl2dba/parametric/ltl2dba_R.tlsf	ltl2dba_R	param	true	n	1	clean_cutoff	12	7	5	669	7	8	ltl2dba_R_pb_8_pe_.ltl	ltl2dba_R_pb_7_pe_.ltl	6.143375063082203	[]	[]	[]
param:tlsf/ltl2dba/parametric/ltl2dba_U1.tlsf	ltl2dba_U1	param	true	n	1	all_solved	16	16	0		100					[]	[]	[]
param:tlsf/ltl2dba/parametric/ltl2dba_alpha.tlsf	ltl2dba_alpha	param	true	n	1	all_solved	18	18	0		100					[]	[]	[]
param:tlsf/ltl2dba/parametric/ltl2dba_beta.tlsf	ltl2dba_beta	param	true	n	1	all_solved	15	15	0		100					[]	[]	[]
param:tlsf/ltl2dba/parametric/ltl2dba_theta.tlsf	ltl2dba_theta	param	true	n	1	clean_cutoff	17	11	6	679	14	16	ltl2dba_theta_pb_16_pe_.ltl	ltl2dba_theta_pb_14_pe_.ltl	21.47702676896006	[]	[]	[]
param:tlsf/ltl_with_hints/parametric/simple_arbiter_with_hints.tlsf	simple_arbiter_with_hints	param	true	n	1	clean_cutoff	7	3	4	2330	6	8	simple_arbiter_with_hints_pb_8_pe_.ltl	simple_arbiter_with_hints_pb_6_pe_.ltl	2.2578052220633253	[]	[]	[]
param:tlsf/mux/parametric/mux.tlsf	mux	param	true	n	1	all_solved	12	12	0		200					[]	[]	[]
param:tlsf/nary_latch/parametric/narylatch.tlsf	narylatch	param	true	n	1	all_solved	7	7	0		64					[]	[]	[]
param:tlsf/prioritized_arbiter/parametric/prioritized_arbiter.tlsf	prioritized_arbiter	param	true	n	1	clean_cutoff	11	6	5	1851	6	7	prioritized_arbiter_pb_7_pe_.ltl	prioritized_arbiter_pb_6_pe_.ltl	0.41450733493547887	[]	[]	[]
param:tlsf/prioritized_arbiter_log/parametric/prioritized_arbiter_enc.tlsf	prioritized_arbiter_enc	param	true	n	1	all_unsolved	6	0	6	2582		8	prioritized_arbiter_enc_pb_8_pe_.ltl			[]	[]	[]
param:tlsf/prioritized_arbiter_unreal/parametric/prioritized_arbiter_unreal1.tlsf	prioritized_arbiter_unreal1	param	true	n,u	2	all_solved	56	56	0							[]	"[{""instance"":""prioritized_arbiter_unreal1_pb_6_32_pe_.ltl"",""params"":{""n"":6,""u"":32},""seconds"":""0.04281140898820013""}]"	[]
param:tlsf/prioritized_arbiter_unreal/parametric/prioritized_arbiter_unreal2.tlsf	prioritized_arbiter_unreal2	param	true	n	1	clean_cutoff	11	8	3	2075	10	30	prioritized_arbiter_unreal2_pb_30_pe_.ltl	prioritized_arbiter_unreal2_pb_10_pe_.ltl	0.02162167802453041	[]	[]	[]
param:tlsf/robot_grid/parametric/robot_grid.tlsf	robot_grid	param	true	xN,yN	2	clean_cutoff	9	2	7	5795						"[{""instance"":""robot_grid_pb_3_3_pe_.ltl"",""params"":{""xN"":3,""yN"":3},""failure"":""TIMEOUT""},{""instance"":""robot_grid_pb_6_1_pe_.ltl"",""params"":{""xN"":6,""yN"":1},""failure"":""TIMEOUT""}]"	"[{""instance"":""robot_grid_pb_2_2_pe_.ltl"",""params"":{""xN"":2,""yN"":2},""seconds"":""0.028204491012729704""},{""instance"":""robot_grid_pb_5_1_pe_.ltl"",""params"":{""xN"":5,""yN"":1},""seconds"":""0.06563924893271178""}]"	[]
param:tlsf/round_robin_arbiter/parametric/round_robin_arbiter.tlsf	round_robin_arbiter	param	true	n	1	clean_cutoff	8	3	5	1745	4	5	round_robin_arbiter_pb_5_pe_.ltl	round_robin_arbiter_pb_4_pe_.ltl	11.729962211102247	[]	[]	[]
param:tlsf/round_robin_arbiter_unreal/parametric/round_robin_arbiter_unreal1.tlsf	round_robin_arbiter_unreal1	param	true	n,u	2	clean_cutoff	50	29	21	1983						"[{""instance"":""round_robin_arbiter_unreal1_pb_3_9_pe_.ltl"",""params"":{""n"":3,""u"":9},""failure"":""TIMEOUT""},{""instance"":""round_robin_arbiter_unreal1_pb_4_6_pe_.ltl"",""params"":{""n"":4,""u"":6},""failure"":""TIMEOUT""}]"	"[{""instance"":""round_robin_arbiter_unreal1_pb_2_16_pe_.ltl"",""params"":{""n"":2,""u"":16},""seconds"":""2.529041346977465""},{""instance"":""round_robin_arbiter_unreal1_pb_3_8_pe_.ltl"",""params"":{""n"":3,""u"":8},""seconds"":""57.61703180603217""},{""instance"":""round_robin_arbiter_unreal1_pb_4_5_pe_.ltl"",""params"":{""n"":4,""u"":5},""seconds"":""35.745270455954596""}]"	[]
param:tlsf/round_robin_arbiter_unreal/parametric/round_robin_arbiter_unreal2.tlsf	round_robin_arbiter_unreal2	param	true	n	1	clean_cutoff	6	3	3	1970	4	5	round_robin_arbiter_unreal2_pb_5_pe_.ltl	round_robin_arbiter_unreal2_pb_4_pe_.ltl	0.460778112988919	[]	[]	[]
param:tlsf/shift/parametric/shift.tlsf	shift	param	true	n	1	all_solved	11	11	0		500					[]	[]	[]
param:tlsf/simple_arbiter_log/parametric/simple_arbiter_enc.tlsf	simple_arbiter_enc	param	true	n	1	all_unsolved	9	0	9	2191		8	simple_arbiter_enc_pb_8_pe_.ltl			[]	[]	[]
param:tlsf/simple_arbiter_unreal/parametric/simple_arbiter_unreal1.tlsf	simple_arbiter_unreal1	param	true	n,u	2	all_solved	53	53	0							[]	"[{""instance"":""simple_arbiter_unreal1_pb_16_5_pe_.ltl"",""params"":{""n"":16,""u"":5},""seconds"":""0.03412178799044341""},{""instance"":""simple_arbiter_unreal1_pb_4_12_pe_.ltl"",""params"":{""n"":4,""u"":12},""seconds"":""0.031986305955797434""},{""instance"":""simple_arbiter_unreal1_pb_5_10_pe_.ltl"",""params"":{""n"":5,""u"":10},""seconds"":""0.03155062603764236""},{""instance"":""simple_arbiter_unreal1_pb_8_8_pe_.ltl"",""params"":{""n"":8,""u"":8},""seconds"":""0.016593370004557073""}]"	[]
param:tlsf/simple_arbiter_unreal/parametric/simple_arbiter_unreal2.tlsf	simple_arbiter_unreal2	param	true	n	1	all_solved	12	12	0		75					[]	[]	[]
