rank	score	instance	tlsf_file	family_key	family_display	origin_kind	parameter_values_json	parameter_dimension	tlsf_bytes	expectation	unsolved_result	failure_kind	neighbour_instance	neighbour_params_json	neighbour_seconds	neighbour_result	pair_kind	score_breakdown
1	40	amba_case_study_pb_3_pe_.ltl	amba_case_study_pb_3_pe_.tlsf	param:tlsf/amba/amba/parametric/amba_case_study.tlsf	amba_case_study	param	"{""n"": 3}"	1	7395	none	TIMEOUT	time_limit	amba_case_study_pb_2_pe_.ltl	"{""n"":2}"	0.9308039869647473	REALIZABLE	cover	minimal+12,unsolved60+10,nbr5s+8,family3+6,tlsf20k+4
2	40	amba_decomposed_arbiter_pb_7_pe_.ltl	amba_decomposed_arbiter_pb_7_pe_.tlsf	param:tlsf/amba/amba_decomposed/parametric/amba_decomposed_arbiter.tlsf	amba_decomposed_arbiter	param	"{""n"": 7}"	1	2269	realizable	TIMEOUT	time_limit	amba_decomposed_arbiter_pb_6_pe_.ltl	"{""n"":6}"	1.1554492310388014	REALIZABLE	cover	minimal+12,unsolved60+10,nbr5s+8,family3+6,tlsf20k+4
3	40	amba_decomposed_encode_pb_20_pe_.ltl	amba_decomposed_encode_pb_20_pe_.tlsf	param:tlsf/amba/amba_decomposed/parametric/amba_decomposed_encode.tlsf	amba_decomposed_encode	param	"{""n"": 20}"	1	2432	realizable	TIMEOUT	time_limit	amba_decomposed_encode_pb_16_pe_.ltl	"{""n"":16}"	0.8028807360678911	REALIZABLE	cover	minimal+12,unsolved60+10,nbr5s+8,family3+6,tlsf20k+4
4	40	arbiter_on_inpchange_pb_5_pe_.ltl	arbiter_on_inpchange_pb_5_pe_.tlsf	param:tlsf/arbiters_zoo/parametric/arbiter_on_inpchange.tlsf	arbiter_on_inpchange	param	"{""n"": 5}"	1	1327	none	TIMEOUT	time_limit	arbiter_on_inpchange_pb_4_pe_.ltl	"{""n"":4}"	1.2906023460673168	REALIZABLE	cover	minimal+12,unsolved60+10,nbr5s+8,family3+6,tlsf20k+4
5	40	arbiter_pb_6_pe_.ltl	arbiter_pb_6_pe_.tlsf	param:tlsf/arbiters_zoo/parametric/arbiter.tlsf	arbiter	param	"{""n"": 6}"	1	1352	none	TIMEOUT	time_limit	arbiter_pb_5_pe_.ltl	"{""n"":5}"	0.41484881192445755	REALIZABLE	cover	minimal+12,unsolved60+10,nbr5s+8,family3+6,tlsf20k+4
6	40	arbiter_with_buffer_pb_6_pe_.ltl	arbiter_with_buffer_pb_6_pe_.tlsf	param:tlsf/arbiters_zoo/parametric/arbiter_with_buffer.tlsf	arbiter_with_buffer	param	"{""n"": 6}"	1	1129	none	TIMEOUT	time_limit	arbiter_with_buffer_pb_5_pe_.ltl	"{""n"":5}"	4.657058052020147	REALIZABLE	cover	minimal+12,unsolved60+10,nbr5s+8,family3+6,tlsf20k+4
7	40	arbiter_with_cancel_pb_6_pe_.ltl	arbiter_with_cancel_pb_6_pe_.tlsf	param:tlsf/arbiters_zoo/parametric/arbiter_with_cancel.tlsf	arbiter_with_cancel	param	"{""n"": 6}"	1	1848	none	TIMEOUT	time_limit	arbiter_with_cancel_pb_5_pe_.ltl	"{""n"":5}"	1.3234717140439898	REALIZABLE	cover	minimal+12,unsolved60+10,nbr5s+8,family3+6,tlsf20k+4
8	40	chomp_pb_2_4_pe_.ltl	chomp_pb_2_4_pe_.tlsf	param:tlsf/chomp_game/parametric/chomp.tlsf	chomp	param	"{""N"": 2, ""M"": 4}"	2	2970	realizable	TIMEOUT	time_limit	chomp_pb_2_3_pe_.ltl	"{""N"":2,""M"":3}"	3.2606341149657965	REALIZABLE	cover	minimal+12,unsolved60+10,nbr5s+8,family3+6,tlsf20k+4
9	40	chomp_pb_3_3_pe_.ltl	chomp_pb_3_3_pe_.tlsf	param:tlsf/chomp_game/parametric/chomp.tlsf	chomp	param	"{""N"": 3, ""M"": 3}"	2	2970	realizable	TIMEOUT	time_limit	chomp_pb_3_2_pe_.ltl	"{""N"":3,""M"":2}"	3.1990205920301378	REALIZABLE	cover	minimal+12,unsolved60+10,nbr5s+8,family3+6,tlsf20k+4
10	40	chomp_pb_4_2_pe_.ltl	chomp_pb_4_2_pe_.tlsf	param:tlsf/chomp_game/parametric/chomp.tlsf	chomp	param	"{""N"": 4, ""M"": 2}"	2	2970	realizable	TIMEOUT	time_limit	chomp_pb_3_2_pe_.ltl	"{""N"":3,""M"":2}"	3.1990205920301378	REALIZABLE	cover	minimal+12,unsolved60+10,nbr5s+8,family3+6,tlsf20k+4
11	40	collector_v1_pb_11_pe_.ltl	collector_v1_pb_11_pe_.tlsf	param:tlsf/collector/parametric/collector_v1.tlsf	collector_v1	param	"{""n"": 11}"	1	492	realizable	TIMEOUT	time_limit	collector_v1_pb_9_pe_.ltl	"{""n"":9}"	2.7098509030183777	REALIZABLE	cover	minimal+12,unsolved60+10,nbr5s+8,family3+6,tlsf20k+4
12	40	collector_v3_pb_9_pe_.ltl	collector_v3_pb_9_pe_.tlsf	param:tlsf/collector/parametric/collector_v3.tlsf	collector_v3	param	"{""n"": 9}"	1	566	realizable	TIMEOUT	time_limit	collector_v3_pb_7_pe_.ltl	"{""n"":7}"	0.9186115009943023	REALIZABLE	cover	minimal+12,unsolved60+10,nbr5s+8,family3+6,tlsf20k+4
13	40	full_arbiter_unreal1_pb_3_8_pe_.ltl	full_arbiter_unreal1_pb_3_8_pe_.tlsf	param:tlsf/full_arbiter_unreal/parametric/full_arbiter_unreal1.tlsf	full_arbiter_unreal1	param	"{""n"": 3, ""u"": 8}"	2	1842	unrealizable	TIMEOUT	time_limit	full_arbiter_unreal1_pb_2_8_pe_.ltl	"{""n"":2,""u"":8}"	0.023844068055041134	UNREALIZABLE	cover	minimal+12,unsolved60+10,nbr5s+8,family3+6,tlsf20k+4
14	40	full_arbiter_unreal1_pb_4_6_pe_.ltl	full_arbiter_unreal1_pb_4_6_pe_.tlsf	param:tlsf/full_arbiter_unreal/parametric/full_arbiter_unreal1.tlsf	full_arbiter_unreal1	param	"{""n"": 4, ""u"": 6}"	2	1836	none	TIMEOUT	time_limit	full_arbiter_unreal1_pb_3_6_pe_.ltl	"{""n"":3,""u"":6}"	1.3740547569468617	UNREALIZABLE	cover	minimal+12,unsolved60+10,nbr5s+8,family3+6,tlsf20k+4
15	40	full_arbiter_unreal2_pb_5_pe_.ltl	full_arbiter_unreal2_pb_5_pe_.tlsf	param:tlsf/full_arbiter_unreal/parametric/full_arbiter_unreal2.tlsf	full_arbiter_unreal2	param	"{""n"": 5}"	1	1823	none	TIMEOUT	time_limit	full_arbiter_unreal2_pb_4_pe_.ltl	"{""n"":4}"	4.799529746058397	UNREALIZABLE	cover	minimal+12,unsolved60+10,nbr5s+8,family3+6,tlsf20k+4
16	40	lift_gr1+_pb_3_pe_.ltl	lift_gr1+_pb_3_pe_.tlsf	param:tlsf/lift/parametric/lift_gr1+.tlsf	lift_gr1+	param	"{""n"": 3}"	1	3234	none	TIMEOUT	time_limit	lift_gr1+_pb_2_pe_.ltl	"{""n"":2}"	0.039298087009228766	REALIZABLE	cover	minimal+12,unsolved60+10,nbr5s+8,family3+6,tlsf20k+4
17	40	lift_gr1_pb_3_pe_.ltl	lift_gr1_pb_3_pe_.tlsf	param:tlsf/lift/parametric/lift_gr1.tlsf	lift_gr1	param	"{""n"": 3}"	1	3294	none	TIMEOUT	time_limit	lift_gr1_pb_2_pe_.ltl	"{""n"":2}"	0.025112343952059746	REALIZABLE	cover	minimal+12,unsolved60+10,nbr5s+8,family3+6,tlsf20k+4
18	40	lift_pb_4_pe_.ltl	lift_pb_4_pe_.tlsf	param:tlsf/lift/parametric/lift.tlsf	lift	param	"{""n"": 4}"	1	3444	none	TIMEOUT	time_limit	lift_pb_3_pe_.ltl	"{""n"":3}"	0.1530895009636879	REALIZABLE	cover	minimal+12,unsolved60+10,nbr5s+8,family3+6,tlsf20k+4
19	40	lift_unary_enc_pb_4_pe_.ltl	lift_unary_enc_pb_4_pe_.tlsf	param:tlsf/lift/parametric/lift_unary_enc.tlsf	lift_unary_enc	param	"{""n"": 4}"	1	2239	none	TIMEOUT	time_limit	lift_unary_enc_pb_3_pe_.ltl	"{""n"":3}"	4.529931035009213	REALIZABLE	cover	minimal+12,unsolved60+10,nbr5s+8,family3+6,tlsf20k+4
20	40	load_balancer_unreal1_pb_4_8_pe_.ltl	load_balancer_unreal1_pb_4_8_pe_.tlsf	param:tlsf/load_balancer_unreal/parametric/load_balancer_unreal1.tlsf	load_balancer_unreal1	param	"{""n"": 4, ""u"": 8}"	2	1871	unrealizable	TIMEOUT	time_limit	load_balancer_unreal1_pb_3_8_pe_.ltl	"{""n"":3,""u"":8}"	0.045859429985284805	UNREALIZABLE	cover	minimal+12,unsolved60+10,nbr5s+8,family3+6,tlsf20k+4
21	40	load_balancer_unreal1_pb_5_6_pe_.ltl	load_balancer_unreal1_pb_5_6_pe_.tlsf	param:tlsf/load_balancer_unreal/parametric/load_balancer_unreal1.tlsf	load_balancer_unreal1	param	"{""n"": 5, ""u"": 6}"	2	1871	unrealizable	TIMEOUT	time_limit	load_balancer_unreal1_pb_4_6_pe_.ltl	"{""n"":4,""u"":6}"	1.012876237044111	UNREALIZABLE	cover	minimal+12,unsolved60+10,nbr5s+8,family3+6,tlsf20k+4
22	40	prioritized_arbiter_pb_7_pe_.ltl	prioritized_arbiter_pb_7_pe_.tlsf	param:tlsf/prioritized_arbiter/parametric/prioritized_arbiter.tlsf	prioritized_arbiter	param	"{""n"": 7}"	1	1855	realizable	TIMEOUT	time_limit	prioritized_arbiter_pb_6_pe_.ltl	"{""n"":6}"	0.41450733493547887	REALIZABLE	cover	minimal+12,unsolved60+10,nbr5s+8,family3+6,tlsf20k+4
23	40	prioritized_arbiter_unreal2_pb_30_pe_.ltl	prioritized_arbiter_unreal2_pb_30_pe_.tlsf	param:tlsf/prioritized_arbiter_unreal/parametric/prioritized_arbiter_unreal2.tlsf	prioritized_arbiter_unreal2	param	"{""n"": 30}"	1	2081	unrealizable	TIMEOUT	time_limit	prioritized_arbiter_unreal2_pb_10_pe_.ltl	"{""n"":10}"	0.02162167802453041	UNREALIZABLE	cover	minimal+12,unsolved60+10,nbr5s+8,family3+6,tlsf20k+4
24	40	robot_grid_pb_3_3_pe_.ltl	robot_grid_pb_3_3_pe_.tlsf	param:tlsf/robot_grid/parametric/robot_grid.tlsf	robot_grid	param	"{""xN"": 3, ""yN"": 3}"	2	5795	none	TIMEOUT	time_limit	robot_grid_pb_2_2_pe_.ltl	"{""xN"":2,""yN"":2}"	0.028204491012729704	REALIZABLE	cover	minimal+12,unsolved60+10,nbr5s+8,family3+6,tlsf20k+4
25	40	robot_grid_pb_6_1_pe_.ltl	robot_grid_pb_6_1_pe_.tlsf	param:tlsf/robot_grid/parametric/robot_grid.tlsf	robot_grid	param	"{""xN"": 6, ""yN"": 1}"	2	5799	realizable	TIMEOUT	time_limit	robot_grid_pb_5_1_pe_.ltl	"{""xN"":5,""yN"":1}"	0.06563924893271178	REALIZABLE	cover	minimal+12,unsolved60+10,nbr5s+8,family3+6,tlsf20k+4
26	40	round_robin_arbiter_unreal1_pb_3_9_pe_.ltl	round_robin_arbiter_unreal1_pb_3_9_pe_.tlsf	param:tlsf/round_robin_arbiter_unreal/parametric/round_robin_arbiter_unreal1.tlsf	round_robin_arbiter_unreal1	param	"{""n"": 3, ""u"": 9}"	2	1989	unrealizable	TIMEOUT	time_limit	round_robin_arbiter_unreal1_pb_2_9_pe_.ltl	"{""n"":2,""u"":9}"	0.04020173498429358	UNREALIZABLE	cover	minimal+12,unsolved60+10,nbr5s+8,family3+6,tlsf20k+4
27	40	round_robin_arbiter_unreal1_pb_4_6_pe_.ltl	round_robin_arbiter_unreal1_pb_4_6_pe_.tlsf	param:tlsf/round_robin_arbiter_unreal/parametric/round_robin_arbiter_unreal1.tlsf	round_robin_arbiter_unreal1	param	"{""n"": 4, ""u"": 6}"	2	1989	unrealizable	TIMEOUT	time_limit	round_robin_arbiter_unreal1_pb_3_6_pe_.ltl	"{""n"":3,""u"":6}"	0.9435929029714316	UNREALIZABLE	cover	minimal+12,unsolved60+10,nbr5s+8,family3+6,tlsf20k+4
28	40	round_robin_arbiter_unreal2_pb_5_pe_.ltl	round_robin_arbiter_unreal2_pb_5_pe_.tlsf	param:tlsf/round_robin_arbiter_unreal/parametric/round_robin_arbiter_unreal2.tlsf	round_robin_arbiter_unreal2	param	"{""n"": 5}"	1	1976	unrealizable	TIMEOUT	time_limit	round_robin_arbiter_unreal2_pb_4_pe_.ltl	"{""n"":4}"	0.460778112988919	UNREALIZABLE	cover	minimal+12,unsolved60+10,nbr5s+8,family3+6,tlsf20k+4
29	40	rw_arbiter_pb_4_pe_.ltl	rw_arbiter_pb_4_pe_.tlsf	param:tlsf/arbiters_zoo/parametric/rw_arbiter.tlsf	rw_arbiter	param	"{""n"": 4}"	1	2123	none	TIMEOUT	time_limit	rw_arbiter_pb_3_pe_.ltl	"{""n"":3}"	0.7697880920022726	REALIZABLE	cover	minimal+12,unsolved60+10,nbr5s+8,family3+6,tlsf20k+4
30	40	simple_arbiter_with_hints_pb_8_pe_.ltl	simple_arbiter_with_hints_pb_8_pe_.tlsf	param:tlsf/ltl_with_hints/parametric/simple_arbiter_with_hints.tlsf	simple_arbiter_with_hints	param	"{""n"": 8}"	1	2330	none	TIMEOUT	time_limit	simple_arbiter_with_hints_pb_6_pe_.ltl	"{""n"":6}"	2.2578052220633253	REALIZABLE	cover	minimal+12,unsolved60+10,nbr5s+8,family3+6,tlsf20k+4
31	37	collector_v2_pb_27_pe_.ltl	collector_v2_pb_27_pe_.tlsf	param:tlsf/collector/parametric/collector_v2.tlsf	collector_v2	param	"{""n"": 27}"	1	511	none	TIMEOUT	time_limit	collector_v2_pb_15_pe_.ltl	"{""n"":15}"	12.335180721012875	REALIZABLE	cover	minimal+12,unsolved60+10,nbr17s+5,family3+6,tlsf20k+4
32	37	generalized_buffer_pb_5_pe_.ltl	generalized_buffer_pb_5_pe_.tlsf	param:tlsf/generalized_buffer/parametric/generalized_buffer.tlsf	generalized_buffer	param	"{""n"": 5}"	1	2185	none	TIMEOUT	time_limit	generalized_buffer_pb_4_pe_.ltl	"{""n"":4}"	11.897390626952983	REALIZABLE	cover	minimal+12,unsolved60+10,nbr17s+5,family3+6,tlsf20k+4
33	37	load_balancer_pb_8_pe_.ltl	load_balancer_pb_8_pe_.tlsf	param:tlsf/load_balancer/parametric/load_balancer.tlsf	load_balancer	param	"{""n"": 8}"	1	1613	realizable	TIMEOUT	time_limit	load_balancer_pb_7_pe_.ltl	"{""n"":7}"	5.385427915956825	REALIZABLE	cover	minimal+12,unsolved60+10,nbr17s+5,family3+6,tlsf20k+4
34	37	load_balancer_unreal1_pb_6_5_pe_.ltl	load_balancer_unreal1_pb_6_5_pe_.tlsf	param:tlsf/load_balancer_unreal/parametric/load_balancer_unreal1.tlsf	load_balancer_unreal1	param	"{""n"": 6, ""u"": 5}"	2	1865	none	TIMEOUT	time_limit	load_balancer_unreal1_pb_5_5_pe_.ltl	"{""n"":5,""u"":5}"	13.392795808031224	UNREALIZABLE	cover	minimal+12,unsolved60+10,nbr17s+5,family3+6,tlsf20k+4
35	37	load_balancer_unreal2_pb_6_pe_.ltl	load_balancer_unreal2_pb_6_pe_.tlsf	param:tlsf/load_balancer_unreal/parametric/load_balancer_unreal2.tlsf	load_balancer_unreal2	param	"{""n"": 6}"	1	1858	unrealizable	TIMEOUT	time_limit	load_balancer_unreal2_pb_5_pe_.ltl	"{""n"":5}"	11.358172932988964	UNREALIZABLE	cover	minimal+12,unsolved60+10,nbr17s+5,family3+6,tlsf20k+4
36	37	ltl2dba_R_pb_8_pe_.ltl	ltl2dba_R_pb_8_pe_.tlsf	param:tlsf/ltl2dba/parametric/ltl2dba_R.tlsf	ltl2dba_R	param	"{""n"": 8}"	1	674	unrealizable	TIMEOUT	time_limit	ltl2dba_R_pb_7_pe_.ltl	"{""n"":7}"	6.143375063082203	UNREALIZABLE	cover	minimal+12,unsolved60+10,nbr17s+5,family3+6,tlsf20k+4
37	37	round_robin_arbiter_pb_5_pe_.ltl	round_robin_arbiter_pb_5_pe_.tlsf	param:tlsf/round_robin_arbiter/parametric/round_robin_arbiter.tlsf	round_robin_arbiter	param	"{""n"": 5}"	1	1750	realizable	TIMEOUT	time_limit	round_robin_arbiter_pb_4_pe_.ltl	"{""n"":4}"	11.729962211102247	REALIZABLE	cover	minimal+12,unsolved60+10,nbr17s+5,family3+6,tlsf20k+4
38	32	abcg_arbiter_pb_4_pe_.ltl	abcg_arbiter_pb_4_pe_.tlsf	param:tlsf/arbiters_zoo/parametric/abcg_arbiter.tlsf	abcg_arbiter	param	"{""n"": 4}"	1	1429	none	TIMEOUT	time_limit	abcg_arbiter_pb_3_pe_.ltl	"{""n"":3}"	36.370379983098246	REALIZABLE	cover	minimal+12,unsolved60+10,family3+6,tlsf20k+4
39	32	amba_decomposed_lock_pb_14_pe_.ltl	amba_decomposed_lock_pb_14_pe_.tlsf	param:tlsf/amba/amba_decomposed/parametric/amba_decomposed_lock.tlsf	amba_decomposed_lock	param	"{""n"": 14}"	1	2100	realizable	TIMEOUT	time_limit	amba_decomposed_lock_pb_13_pe_.ltl	"{""n"":13}"	20.220548374927603	REALIZABLE	cover	minimal+12,unsolved60+10,family3+6,tlsf20k+4
40	32	full_arbiter_unreal1_pb_2_20_pe_.ltl	full_arbiter_unreal1_pb_2_20_pe_.tlsf	param:tlsf/full_arbiter_unreal/parametric/full_arbiter_unreal1.tlsf	full_arbiter_unreal1	param	"{""n"": 2, ""u"": 20}"	2	1843	unrealizable	TIMEOUT	time_limit	full_arbiter_unreal1_pb_2_18_pe_.ltl	"{""n"":2,""u"":18}"	21.144463615957648	UNREALIZABLE	cover	minimal+12,unsolved60+10,family3+6,tlsf20k+4
