family_key	solved_instance	solved_params_json	solved_seconds	unsolved_instance	unsolved_params_json	unsolved_failure	pair_kind	l1_distance
param:tlsf/amba/amba/parametric/amba_case_study.tlsf	amba_case_study_pb_2_pe_.ltl	"{""n"":2}"	0.9308039869647473	amba_case_study_pb_3_pe_.ltl	"{""n"":3}"	TIMEOUT	cover	0.5
param:tlsf/amba/amba/parametric/amba_case_study_unreal.tlsf				amba_case_study_unreal_pb_2_pe_.ltl	"{""n"":2}"	TIMEOUT	none	
param:tlsf/amba/amba_decomposed/parametric/amba_decomposed_arbiter.tlsf	amba_decomposed_arbiter_pb_6_pe_.ltl	"{""n"":6}"	1.1554492310388014	amba_decomposed_arbiter_pb_7_pe_.ltl	"{""n"":7}"	TIMEOUT	cover	0.09090909090909090909090909091
param:tlsf/amba/amba_decomposed/parametric/amba_decomposed_encode.tlsf	amba_decomposed_encode_pb_16_pe_.ltl	"{""n"":16}"	0.8028807360678911	amba_decomposed_encode_pb_20_pe_.ltl	"{""n"":20}"	TIMEOUT	cover	0.1739130434782608695652173913
param:tlsf/amba/amba_decomposed/parametric/amba_decomposed_lock.tlsf	amba_decomposed_lock_pb_13_pe_.ltl	"{""n"":13}"	20.220548374927603	amba_decomposed_lock_pb_14_pe_.ltl	"{""n"":14}"	TIMEOUT	cover	0.03571428571428571428571428571
param:tlsf/arbiters_zoo/parametric/abcg_arbiter.tlsf	abcg_arbiter_pb_3_pe_.ltl	"{""n"":3}"	36.370379983098246	abcg_arbiter_pb_4_pe_.ltl	"{""n"":4}"	TIMEOUT	cover	0.2
param:tlsf/arbiters_zoo/parametric/arbiter.tlsf	arbiter_pb_5_pe_.ltl	"{""n"":5}"	0.41484881192445755	arbiter_pb_6_pe_.ltl	"{""n"":6}"	TIMEOUT	cover	0.1111111111111111111111111111
param:tlsf/arbiters_zoo/parametric/arbiter_on_inpchange.tlsf	arbiter_on_inpchange_pb_4_pe_.ltl	"{""n"":4}"	1.2906023460673168	arbiter_on_inpchange_pb_5_pe_.ltl	"{""n"":5}"	TIMEOUT	cover	0.1666666666666666666666666667
param:tlsf/arbiters_zoo/parametric/arbiter_with_buffer.tlsf	arbiter_with_buffer_pb_5_pe_.ltl	"{""n"":5}"	4.657058052020147	arbiter_with_buffer_pb_6_pe_.ltl	"{""n"":6}"	TIMEOUT	cover	0.1111111111111111111111111111
param:tlsf/arbiters_zoo/parametric/arbiter_with_cancel.tlsf	arbiter_with_cancel_pb_5_pe_.ltl	"{""n"":5}"	1.3234717140439898	arbiter_with_cancel_pb_6_pe_.ltl	"{""n"":6}"	TIMEOUT	cover	0.1111111111111111111111111111
param:tlsf/arbiters_zoo/parametric/rw_arbiter.tlsf	rw_arbiter_pb_3_pe_.ltl	"{""n"":3}"	0.7697880920022726	rw_arbiter_pb_4_pe_.ltl	"{""n"":4}"	TIMEOUT	cover	0.25
param:tlsf/chomp_game/parametric/chomp.tlsf	chomp_pb_2_3_pe_.ltl	"{""N"":2,""M"":3}"	3.2606341149657965	chomp_pb_2_4_pe_.ltl	"{""N"":2,""M"":4}"	TIMEOUT	cover	0.25
param:tlsf/chomp_game/parametric/chomp.tlsf	chomp_pb_2_3_pe_.ltl	"{""N"":2,""M"":3}"	3.2606341149657965	chomp_pb_3_3_pe_.ltl	"{""N"":3,""M"":3}"	TIMEOUT	cover	0.5
param:tlsf/chomp_game/parametric/chomp.tlsf	chomp_pb_3_2_pe_.ltl	"{""N"":3,""M"":2}"	3.1990205920301378	chomp_pb_3_3_pe_.ltl	"{""N"":3,""M"":3}"	TIMEOUT	cover	0.25
param:tlsf/chomp_game/parametric/chomp.tlsf	chomp_pb_3_2_pe_.ltl	"{""N"":3,""M"":2}"	3.1990205920301378	chomp_pb_4_2_pe_.ltl	"{""N"":4,""M"":2}"	TIMEOUT	cover	0.5
param:tlsf/collector/parametric/collector_v1.tlsf	collector_v1_pb_9_pe_.ltl	"{""n"":9}"	2.7098509030183777	collector_v1_pb_11_pe_.ltl	"{""n"":11}"	TIMEOUT	cover	0.1666666666666666666666666667
param:tlsf/collector/parametric/collector_v2.tlsf	collector_v2_pb_15_pe_.ltl	"{""n"":15}"	12.335180721012875	collector_v2_pb_27_pe_.ltl	"{""n"":27}"	TIMEOUT	cover	0.5
param:tlsf/collector/parametric/collector_v3.tlsf	collector_v3_pb_7_pe_.ltl	"{""n"":7}"	0.9186115009943023	collector_v3_pb_9_pe_.ltl	"{""n"":9}"	TIMEOUT	cover	0.1666666666666666666666666667
param:tlsf/full_arbiter_log/parametric/full_arbiter_enc.tlsf				full_arbiter_enc_pb_8_pe_.ltl	"{""n"":8}"	TIMEOUT	none	
param:tlsf/full_arbiter_unreal/parametric/full_arbiter_unreal1.tlsf	full_arbiter_unreal1_pb_2_18_pe_.ltl	"{""n"":2,""u"":18}"	21.144463615957648	full_arbiter_unreal1_pb_2_20_pe_.ltl	"{""n"":2,""u"":20}"	TIMEOUT	cover	0.08
param:tlsf/full_arbiter_unreal/parametric/full_arbiter_unreal1.tlsf	full_arbiter_unreal1_pb_2_10_pe_.ltl	"{""n"":2,""u"":10}"	0.05569348705466837	full_arbiter_unreal1_pb_3_10_pe_.ltl	"{""n"":3,""u"":10}"	TIMEOUT	cover	0.25
param:tlsf/full_arbiter_unreal/parametric/full_arbiter_unreal1.tlsf	full_arbiter_unreal1_pb_2_11_pe_.ltl	"{""n"":2,""u"":11}"	0.102278325939551	full_arbiter_unreal1_pb_3_11_pe_.ltl	"{""n"":3,""u"":11}"	TIMEOUT	cover	0.25
param:tlsf/full_arbiter_unreal/parametric/full_arbiter_unreal1.tlsf	full_arbiter_unreal1_pb_2_12_pe_.ltl	"{""n"":2,""u"":12}"	0.19861297402530909	full_arbiter_unreal1_pb_3_12_pe_.ltl	"{""n"":3,""u"":12}"	TIMEOUT	cover	0.25
param:tlsf/full_arbiter_unreal/parametric/full_arbiter_unreal1.tlsf	full_arbiter_unreal1_pb_2_13_pe_.ltl	"{""n"":2,""u"":13}"	0.4122366000665352	full_arbiter_unreal1_pb_3_13_pe_.ltl	"{""n"":3,""u"":13}"	TIMEOUT	cover	0.25
param:tlsf/full_arbiter_unreal/parametric/full_arbiter_unreal1.tlsf	full_arbiter_unreal1_pb_2_14_pe_.ltl	"{""n"":2,""u"":14}"	0.9030105849960819	full_arbiter_unreal1_pb_3_14_pe_.ltl	"{""n"":3,""u"":14}"	TIMEOUT	cover	0.25
param:tlsf/full_arbiter_unreal/parametric/full_arbiter_unreal1.tlsf	full_arbiter_unreal1_pb_2_15_pe_.ltl	"{""n"":2,""u"":15}"	1.8973865759326145	full_arbiter_unreal1_pb_3_15_pe_.ltl	"{""n"":3,""u"":15}"	TIMEOUT	cover	0.25
param:tlsf/full_arbiter_unreal/parametric/full_arbiter_unreal1.tlsf	full_arbiter_unreal1_pb_2_8_pe_.ltl	"{""n"":2,""u"":8}"	0.023844068055041134	full_arbiter_unreal1_pb_3_8_pe_.ltl	"{""n"":3,""u"":8}"	TIMEOUT	cover	0.25
param:tlsf/full_arbiter_unreal/parametric/full_arbiter_unreal1.tlsf	full_arbiter_unreal1_pb_3_7_pe_.ltl	"{""n"":3,""u"":7}"	9.15032415103633	full_arbiter_unreal1_pb_3_8_pe_.ltl	"{""n"":3,""u"":8}"	TIMEOUT	cover	0.04
param:tlsf/full_arbiter_unreal/parametric/full_arbiter_unreal1.tlsf	full_arbiter_unreal1_pb_2_9_pe_.ltl	"{""n"":2,""u"":9}"	0.03732861496973783	full_arbiter_unreal1_pb_3_9_pe_.ltl	"{""n"":3,""u"":9}"	TIMEOUT	cover	0.25
param:tlsf/full_arbiter_unreal/parametric/full_arbiter_unreal1.tlsf	full_arbiter_unreal1_pb_3_6_pe_.ltl	"{""n"":3,""u"":6}"	1.3740547569468617	full_arbiter_unreal1_pb_4_6_pe_.ltl	"{""n"":4,""u"":6}"	TIMEOUT	cover	0.25
param:tlsf/full_arbiter_unreal/parametric/full_arbiter_unreal1.tlsf	full_arbiter_unreal1_pb_4_5_pe_.ltl	"{""n"":4,""u"":5}"	53.304735154961236	full_arbiter_unreal1_pb_4_6_pe_.ltl	"{""n"":4,""u"":6}"	TIMEOUT	cover	0.04
param:tlsf/full_arbiter_unreal/parametric/full_arbiter_unreal1.tlsf	full_arbiter_unreal1_pb_3_7_pe_.ltl	"{""n"":3,""u"":7}"	9.15032415103633	full_arbiter_unreal1_pb_4_7_pe_.ltl	"{""n"":4,""u"":7}"	TIMEOUT	cover	0.25
param:tlsf/full_arbiter_unreal/parametric/full_arbiter_unreal2.tlsf	full_arbiter_unreal2_pb_4_pe_.ltl	"{""n"":4}"	4.799529746058397	full_arbiter_unreal2_pb_5_pe_.ltl	"{""n"":5}"	TIMEOUT	cover	0.2
param:tlsf/generalized_buffer/parametric/generalized_buffer.tlsf	generalized_buffer_pb_4_pe_.ltl	"{""n"":4}"	11.897390626952983	generalized_buffer_pb_5_pe_.ltl	"{""n"":5}"	TIMEOUT	cover	0.25
param:tlsf/lift/parametric/lift.tlsf	lift_pb_3_pe_.ltl	"{""n"":3}"	0.1530895009636879	lift_pb_4_pe_.ltl	"{""n"":4}"	TIMEOUT	cover	0.125
param:tlsf/lift/parametric/lift_gr1+.tlsf	lift_gr1+_pb_2_pe_.ltl	"{""n"":2}"	0.039298087009228766	lift_gr1+_pb_3_pe_.ltl	"{""n"":3}"	TIMEOUT	cover	0.1428571428571428571428571429
param:tlsf/lift/parametric/lift_gr1.tlsf	lift_gr1_pb_2_pe_.ltl	"{""n"":2}"	0.025112343952059746	lift_gr1_pb_3_pe_.ltl	"{""n"":3}"	TIMEOUT	cover	0.125
param:tlsf/lift/parametric/lift_unary_enc.tlsf	lift_unary_enc_pb_3_pe_.ltl	"{""n"":3}"	4.529931035009213	lift_unary_enc_pb_4_pe_.ltl	"{""n"":4}"	TIMEOUT	cover	0.2
param:tlsf/load_balancer/parametric/load_balancer.tlsf	load_balancer_pb_7_pe_.ltl	"{""n"":7}"	5.385427915956825	load_balancer_pb_8_pe_.ltl	"{""n"":8}"	TIMEOUT	cover	0.1111111111111111111111111111
param:tlsf/load_balancer_unreal/parametric/load_balancer_unreal1.tlsf	load_balancer_unreal1_pb_3_10_pe_.ltl	"{""n"":3,""u"":10}"	0.14200824301224202	load_balancer_unreal1_pb_4_10_pe_.ltl	"{""n"":4,""u"":10}"	TIMEOUT	cover	0.25
param:tlsf/load_balancer_unreal/parametric/load_balancer_unreal1.tlsf	load_balancer_unreal1_pb_3_11_pe_.ltl	"{""n"":3,""u"":11}"	0.27232529199682176	load_balancer_unreal1_pb_4_11_pe_.ltl	"{""n"":4,""u"":11}"	TIMEOUT	cover	0.25
param:tlsf/load_balancer_unreal/parametric/load_balancer_unreal1.tlsf	load_balancer_unreal1_pb_3_12_pe_.ltl	"{""n"":3,""u"":12}"	0.5731185000622645	load_balancer_unreal1_pb_4_12_pe_.ltl	"{""n"":4,""u"":12}"	TIMEOUT	cover	0.25
param:tlsf/load_balancer_unreal/parametric/load_balancer_unreal1.tlsf	load_balancer_unreal1_pb_3_8_pe_.ltl	"{""n"":3,""u"":8}"	0.045859429985284805	load_balancer_unreal1_pb_4_8_pe_.ltl	"{""n"":4,""u"":8}"	TIMEOUT	cover	0.25
param:tlsf/load_balancer_unreal/parametric/load_balancer_unreal1.tlsf	load_balancer_unreal1_pb_4_7_pe_.ltl	"{""n"":4,""u"":7}"	7.421917250961997	load_balancer_unreal1_pb_4_8_pe_.ltl	"{""n"":4,""u"":8}"	TIMEOUT	cover	0.06666666666666666666666666667
param:tlsf/load_balancer_unreal/parametric/load_balancer_unreal1.tlsf	load_balancer_unreal1_pb_3_9_pe_.ltl	"{""n"":3,""u"":9}"	0.08065850706771016	load_balancer_unreal1_pb_4_9_pe_.ltl	"{""n"":4,""u"":9}"	TIMEOUT	cover	0.25
param:tlsf/load_balancer_unreal/parametric/load_balancer_unreal1.tlsf	load_balancer_unreal1_pb_4_6_pe_.ltl	"{""n"":4,""u"":6}"	1.012876237044111	load_balancer_unreal1_pb_5_6_pe_.ltl	"{""n"":5,""u"":6}"	TIMEOUT	cover	0.25
param:tlsf/load_balancer_unreal/parametric/load_balancer_unreal1.tlsf	load_balancer_unreal1_pb_5_5_pe_.ltl	"{""n"":5,""u"":5}"	13.392795808031224	load_balancer_unreal1_pb_5_6_pe_.ltl	"{""n"":5,""u"":6}"	TIMEOUT	cover	0.06666666666666666666666666667
param:tlsf/load_balancer_unreal/parametric/load_balancer_unreal1.tlsf	load_balancer_unreal1_pb_4_7_pe_.ltl	"{""n"":4,""u"":7}"	7.421917250961997	load_balancer_unreal1_pb_5_7_pe_.ltl	"{""n"":5,""u"":7}"	TIMEOUT	cover	0.25
param:tlsf/load_balancer_unreal/parametric/load_balancer_unreal1.tlsf	load_balancer_unreal1_pb_5_5_pe_.ltl	"{""n"":5,""u"":5}"	13.392795808031224	load_balancer_unreal1_pb_6_5_pe_.ltl	"{""n"":6,""u"":5}"	TIMEOUT	cover	0.25
param:tlsf/load_balancer_unreal/parametric/load_balancer_unreal1.tlsf	load_balancer_unreal1_pb_6_4_pe_.ltl	"{""n"":6,""u"":4}"	22.16016351489816	load_balancer_unreal1_pb_6_5_pe_.ltl	"{""n"":6,""u"":5}"	TIMEOUT	cover	0.06666666666666666666666666667
param:tlsf/load_balancer_unreal/parametric/load_balancer_unreal2.tlsf	load_balancer_unreal2_pb_5_pe_.ltl	"{""n"":5}"	11.358172932988964	load_balancer_unreal2_pb_6_pe_.ltl	"{""n"":6}"	TIMEOUT	cover	0.1666666666666666666666666667
param:tlsf/ltl2dba/parametric/ltl2dba_C2_unreal.tlsf	ltl2dba_C2_unreal_pb_16_pe_.ltl	"{""n"":16}"	17.8909107450163	ltl2dba_C2_unreal_pb_25_pe_.ltl	"{""n"":25}"	TIMEOUT	cover	0.09183673469387755102040816327
param:tlsf/ltl2dba/parametric/ltl2dba_R.tlsf	ltl2dba_R_pb_7_pe_.ltl	"{""n"":7}"	6.143375063082203	ltl2dba_R_pb_8_pe_.ltl	"{""n"":8}"	TIMEOUT	cover	0.07692307692307692307692307692
param:tlsf/ltl2dba/parametric/ltl2dba_theta.tlsf	ltl2dba_theta_pb_14_pe_.ltl	"{""n"":14}"	21.47702676896006	ltl2dba_theta_pb_16_pe_.ltl	"{""n"":16}"	TIMEOUT	cover	0.004008016032064128256513026052
param:tlsf/ltl_with_hints/parametric/simple_arbiter_with_hints.tlsf	simple_arbiter_with_hints_pb_6_pe_.ltl	"{""n"":6}"	2.2578052220633253	simple_arbiter_with_hints_pb_8_pe_.ltl	"{""n"":8}"	TIMEOUT	cover	0.1538461538461538461538461538
param:tlsf/prioritized_arbiter/parametric/prioritized_arbiter.tlsf	prioritized_arbiter_pb_6_pe_.ltl	"{""n"":6}"	0.41450733493547887	prioritized_arbiter_pb_7_pe_.ltl	"{""n"":7}"	TIMEOUT	cover	0.09090909090909090909090909091
param:tlsf/prioritized_arbiter_log/parametric/prioritized_arbiter_enc.tlsf				prioritized_arbiter_enc_pb_8_pe_.ltl	"{""n"":8}"	TIMEOUT	none	
param:tlsf/prioritized_arbiter_unreal/parametric/prioritized_arbiter_unreal2.tlsf	prioritized_arbiter_unreal2_pb_10_pe_.ltl	"{""n"":10}"	0.02162167802453041	prioritized_arbiter_unreal2_pb_30_pe_.ltl	"{""n"":30}"	TIMEOUT	cover	0.2040816326530612244897959184
param:tlsf/robot_grid/parametric/robot_grid.tlsf	robot_grid_pb_2_2_pe_.ltl	"{""xN"":2,""yN"":2}"	0.028204491012729704	robot_grid_pb_3_3_pe_.ltl	"{""xN"":3,""yN"":3}"	TIMEOUT	cover	0.3095238095238095238095238096
param:tlsf/robot_grid/parametric/robot_grid.tlsf	robot_grid_pb_5_1_pe_.ltl	"{""xN"":5,""yN"":1}"	0.06563924893271178	robot_grid_pb_5_5_pe_.ltl	"{""xN"":5,""yN"":5}"	TIMEOUT	cover	0.5714285714285714285714285714
param:tlsf/robot_grid/parametric/robot_grid.tlsf	robot_grid_pb_5_1_pe_.ltl	"{""xN"":5,""yN"":1}"	0.06563924893271178	robot_grid_pb_6_1_pe_.ltl	"{""xN"":6,""yN"":1}"	TIMEOUT	cover	0.1666666666666666666666666667
param:tlsf/round_robin_arbiter/parametric/round_robin_arbiter.tlsf	round_robin_arbiter_pb_4_pe_.ltl	"{""n"":4}"	11.729962211102247	round_robin_arbiter_pb_5_pe_.ltl	"{""n"":5}"	TIMEOUT	cover	0.125
param:tlsf/round_robin_arbiter_unreal/parametric/round_robin_arbiter_unreal1.tlsf	round_robin_arbiter_unreal1_pb_2_10_pe_.ltl	"{""n"":2,""u"":10}"	0.04547470202669501	round_robin_arbiter_unreal1_pb_3_10_pe_.ltl	"{""n"":3,""u"":10}"	TIMEOUT	cover	0.5
param:tlsf/round_robin_arbiter_unreal/parametric/round_robin_arbiter_unreal1.tlsf	round_robin_arbiter_unreal1_pb_2_11_pe_.ltl	"{""n"":2,""u"":11}"	0.077230688999407	round_robin_arbiter_unreal1_pb_3_11_pe_.ltl	"{""n"":3,""u"":11}"	TIMEOUT	cover	0.5
param:tlsf/round_robin_arbiter_unreal/parametric/round_robin_arbiter_unreal1.tlsf	round_robin_arbiter_unreal1_pb_2_12_pe_.ltl	"{""n"":2,""u"":12}"	0.12732653797138482	round_robin_arbiter_unreal1_pb_3_12_pe_.ltl	"{""n"":3,""u"":12}"	TIMEOUT	cover	0.5
param:tlsf/round_robin_arbiter_unreal/parametric/round_robin_arbiter_unreal1.tlsf	round_robin_arbiter_unreal1_pb_2_13_pe_.ltl	"{""n"":2,""u"":13}"	0.25135781697463244	round_robin_arbiter_unreal1_pb_3_13_pe_.ltl	"{""n"":3,""u"":13}"	TIMEOUT	cover	0.5
param:tlsf/round_robin_arbiter_unreal/parametric/round_robin_arbiter_unreal1.tlsf	round_robin_arbiter_unreal1_pb_2_14_pe_.ltl	"{""n"":2,""u"":14}"	0.5421257239067927	round_robin_arbiter_unreal1_pb_3_14_pe_.ltl	"{""n"":3,""u"":14}"	TIMEOUT	cover	0.5
param:tlsf/round_robin_arbiter_unreal/parametric/round_robin_arbiter_unreal1.tlsf	round_robin_arbiter_unreal1_pb_2_15_pe_.ltl	"{""n"":2,""u"":15}"	1.1932140049757436	round_robin_arbiter_unreal1_pb_3_15_pe_.ltl	"{""n"":3,""u"":15}"	TIMEOUT	cover	0.5
param:tlsf/round_robin_arbiter_unreal/parametric/round_robin_arbiter_unreal1.tlsf	round_robin_arbiter_unreal1_pb_2_16_pe_.ltl	"{""n"":2,""u"":16}"	2.529041346977465	round_robin_arbiter_unreal1_pb_3_16_pe_.ltl	"{""n"":3,""u"":16}"	TIMEOUT	cover	0.5
param:tlsf/round_robin_arbiter_unreal/parametric/round_robin_arbiter_unreal1.tlsf	round_robin_arbiter_unreal1_pb_2_9_pe_.ltl	"{""n"":2,""u"":9}"	0.04020173498429358	round_robin_arbiter_unreal1_pb_3_9_pe_.ltl	"{""n"":3,""u"":9}"	TIMEOUT	cover	0.5
param:tlsf/round_robin_arbiter_unreal/parametric/round_robin_arbiter_unreal1.tlsf	round_robin_arbiter_unreal1_pb_3_8_pe_.ltl	"{""n"":3,""u"":8}"	57.61703180603217	round_robin_arbiter_unreal1_pb_3_9_pe_.ltl	"{""n"":3,""u"":9}"	TIMEOUT	cover	0.02040816326530612244897959184
param:tlsf/round_robin_arbiter_unreal/parametric/round_robin_arbiter_unreal1.tlsf	round_robin_arbiter_unreal1_pb_3_6_pe_.ltl	"{""n"":3,""u"":6}"	0.9435929029714316	round_robin_arbiter_unreal1_pb_4_6_pe_.ltl	"{""n"":4,""u"":6}"	TIMEOUT	cover	0.5
param:tlsf/round_robin_arbiter_unreal/parametric/round_robin_arbiter_unreal1.tlsf	round_robin_arbiter_unreal1_pb_4_5_pe_.ltl	"{""n"":4,""u"":5}"	35.745270455954596	round_robin_arbiter_unreal1_pb_4_6_pe_.ltl	"{""n"":4,""u"":6}"	TIMEOUT	cover	0.02040816326530612244897959184
param:tlsf/round_robin_arbiter_unreal/parametric/round_robin_arbiter_unreal1.tlsf	round_robin_arbiter_unreal1_pb_3_7_pe_.ltl	"{""n"":3,""u"":7}"	6.910148633061908	round_robin_arbiter_unreal1_pb_4_7_pe_.ltl	"{""n"":4,""u"":7}"	TIMEOUT	cover	0.5
param:tlsf/round_robin_arbiter_unreal/parametric/round_robin_arbiter_unreal1.tlsf	round_robin_arbiter_unreal1_pb_3_8_pe_.ltl	"{""n"":3,""u"":8}"	57.61703180603217	round_robin_arbiter_unreal1_pb_4_8_pe_.ltl	"{""n"":4,""u"":8}"	TIMEOUT	cover	0.5
param:tlsf/round_robin_arbiter_unreal/parametric/round_robin_arbiter_unreal2.tlsf	round_robin_arbiter_unreal2_pb_4_pe_.ltl	"{""n"":4}"	0.460778112988919	round_robin_arbiter_unreal2_pb_5_pe_.ltl	"{""n"":5}"	TIMEOUT	cover	0.2
param:tlsf/simple_arbiter_log/parametric/simple_arbiter_enc.tlsf				simple_arbiter_enc_pb_8_pe_.ltl	"{""n"":8}"	TIMEOUT	none	
