Benchmark,Strix,AB
ActionConverter.ltl,0.03325629234313965,0.01717686653137207
Alarm_68c86764.ltl,1.5725321769714355,0.37145185470581055
Alarm_70523fbe.ltl,0.9877612590789795,0.35652828216552734
Alarm_88c5c1c3.ltl,0.06124687194824219,0.017663002014160156
Alarm_9cac58d3.ltl,0.05739259719848633,0.017314910888671875
Alarm_f2774e0b.ltl,0.989370584487915,0.21497392654418945
amba_case_study2.ltl,4.975348234176636,1.2565157413482666
amba_decomposed_arbiter3.ltl,0.08366131782531738,0.0788266658782959
amba_decomposed_arbiter4.ltl,0.1499791145324707,0.07687926292419434
amba_decomposed_arbiter5.ltl,0.3296234607696533,0.1200406551361084
amba_decomposed_arbiter6.ltl,0.796943187713623,0.3181619644165039
amba_decomposed_arbiter7.ltl,2.745258331298828,1.3161206245422363
amba_decomposed_decode.ltl,0.021323442459106445,0.015982866287231445
amba_decomposed_encode10.ltl,0.2916581630706787,0.1679370403289795
amba_decomposed_encode11.ltl,0.5214734077453613,0.27072596549987793
amba_decomposed_encode12.ltl,0.9192135334014893,0.5344915390014648
amba_decomposed_encode13.ltl,1.9423151016235352,1.3448851108551025
amba_decomposed_encode14.ltl,5.243350028991699,2.9617412090301514
amba_decomposed_encode15.ltl,TO,7.104299306869507
amba_decomposed_encode2.ltl,0.025708675384521484,0.018975019454956055
amba_decomposed_encode6.ltl,0.07102155685424805,0.06782150268554688
amba_decomposed_encode7.ltl,0.08376169204711914,0.06992650032043457
amba_decomposed_encode8.ltl,0.10016870498657227,0.07554841041564941
amba_decomposed_encode9.ltl,0.1890735626220703,0.11980605125427246
amba_decomposed_lock15.ltl,TO,0.02712392807006836
amba_decomposed_lock16.ltl,TO,0.026833295822143555
amba_decomposed_shift.ltl,0.01715850830078125,0.016601085662841797
Assumptions_a50cadd7.ltl,0.3988809585571289,0.019174575805664062
Button.ltl,0.020598649978637695,0.016273021697998047
CheckAlarm_6bea956e.ltl,0.029114484786987305,0.016216039657592773
CheckAlarm_88f351a6.ltl,0.02896857261657715,0.016460895538330078
CheckAlarmBroken1_1a2942e3.ltl,0.024031400680541992,0.01597452163696289
CheckCoffeMachine_f3987563.ltl,0.07784509658813477,0.06395483016967773
CheckDoor_c2b9e44d.ltl,0.0273592472076416,0.01746201515197754
CheckRoom_06e9cad4.ltl,0.02337789535522461,0.016768932342529297
CheckRoom_2c5b09da.ltl,0.02752065658569336,0.017829179763793945
CheckRoom_3916ec59.ltl,0.02879953384399414,0.016414880752563477
CheckRoom_70523fbe.ltl,0.02196025848388672,0.016180992126464844
CheckRoom_88c5c1c3.ltl,0.022072315216064453,0.016150951385498047
CheckShades_4d4ca5c4.ltl,0.026980876922607422,0.015601158142089844
CheckTimer_54e1f7d2.ltl,0.026247501373291016,0.016541481018066406
CheckTimer_fa8592c8.ltl,0.02645707130432129,0.016640186309814453
CheckWarnlight_1cf58fc1.ltl,0.028455734252929688,0.017032623291015625
CheckWarnlight_4b5a2bad.ltl,0.02877974510192871,0.016790151596069336
CheckWarnlight_54e1f7d2.ltl,0.02879810333251953,0.016838788986206055
CheckWarnlight_6bea956e.ltl,0.02849864959716797,0.01702117919921875
CheckWarnlightBroken1_70523fbe.ltl,0.02459120750427246,0.015880584716796875
CheckWindows_2418b67e.ltl,0.01724720001220703,0.015775680541992188
CheckWindows_54e1f7d2.ltl,0.017289161682128906,0.015759944915771484
Cockpitboard_efe2feaf.ltl,0.112640380859375,0.0175020694732666
Cockpitboard.ltl,0.1106560230255127,0.017404794692993164
Coffee_06e9cad4.ltl,0.4257545471191406,0.07056856155395508
Coffee_235467da.ltl,0.08157086372375488,0.06926226615905762
Coffee_6479ef9a.ltl,0.4326143264770508,0.06908535957336426
Coffee_d6376bf9.ltl,0.41269373893737793,0.09128499031066895
Coffee_efe2feaf.ltl,0.0868082046508789,0.06959819793701172
Coffee_f1477cc5.ltl,0.2501199245452881,0.07771897315979004
CoffeMachine_974f4a68.ltl,0.1358938217163086,0.06675195693969727
CoffeMachine_a50cadd7.ltl,0.03937792778015137,0.017911911010742188
collector_v19.ltl,1.3548805713653564,0.9367547035217285
collector_v211.ltl,TO,1.13525390625
collector_v213.ltl,TO,9.220649719238281
collector_v215.ltl,TO,7.340184688568115
collector_v25.ltl,0.08836960792541504,0.06613898277282715
collector_v27.ltl,0.6205723285675049,0.08608198165893555
collector_v29.ltl,7.577456951141357,0.18321824073791504
collector_v327.ltl,TO,0.023797273635864258
collector_v33.ltl,0.036136627197265625,0.01834702491760254
collector_v35.ltl,0.10707879066467285,0.0329585075378418
collector_v37.ltl,0.7142512798309326,0.395427942276001
Core_4b5a2bad.ltl,0.31353282928466797,0.1046898365020752
Core_66f450a4.ltl,0.03988289833068848,0.021667003631591797
Core_solved_974f4a68.ltl,0.2418382167816162,0.04502224922180176
DeviceBehaviorChec_fa8592c8.ltl,0.08089756965637207,0.06405401229858398
door_locking_problem_d6c5ac79.ltl,0.06512236595153809,0.06506967544555664
EnemeyModule.ltl,0.031812191009521484,0.016168594360351562
EscalatorNonCounting.ltl,0.022792816162109375,0.01592707633972168
EscalatorNonReactive.ltl,0.017832517623901367,0.015682458877563477
EscalatorSmart.ltl,0.08787727355957031,0.06324362754821777
example7a.ltl,0.021384239196777344,0.016944408416748047
example7.ltl,0.01817774772644043,0.01643681526184082
example8.ltl,0.022603511810302734,0.01691126823425293
FelixSpecFixed3.core_b209ff21.ltl,2.921152114868164,0.3514978885650635
full_arbiter3.ltl,0.08333301544189453,0.0644843578338623
full_arbiter4.ltl,0.22414493560791016,0.07083368301391602
full_arbiter5.ltl,0.7798304557800293,0.10933613777160645
full_arbiter6.ltl,3.818678855895996,0.3782942295074463
full_arbiter7.ltl,TO,2.504216194152832
full_arbiter_enc16.ltl,TO,0.04779338836669922
full_arbiter_enc32.ltl,TO,0.13744783401489258
full_arbiter_unreal12_10.ltl,0.7192821502685547,0.06351375579833984
full_arbiter_unreal12_11.ltl,1.3473844528198242,0.06310701370239258
full_arbiter_unreal12_12.ltl,2.657167673110962,0.06342434883117676
full_arbiter_unreal12_13.ltl,5.860456466674805,0.06256890296936035
full_arbiter_unreal12_14.ltl,14.084249019622803,0.062337636947631836
full_arbiter_unreal12_15.ltl,TO,0.06327152252197266
full_arbiter_unreal12_16.ltl,TO,0.06311917304992676
full_arbiter_unreal12_18.ltl,TO,0.0627737045288086
full_arbiter_unreal12_1.ltl,0.04769730567932129,0.018044710159301758
full_arbiter_unreal12_20.ltl,TO,0.06318354606628418
full_arbiter_unreal12_21.ltl,TO,0.06270885467529297
full_arbiter_unreal12_22.ltl,TO,0.06355142593383789
full_arbiter_unreal12_24.ltl,TO,0.06389975547790527
full_arbiter_unreal12_26.ltl,TO,0.06322336196899414
full_arbiter_unreal12_2.ltl,0.04795050621032715,0.017826557159423828
full_arbiter_unreal12_5.ltl,0.0691375732421875,0.06172752380371094
full_arbiter_unreal12_6.ltl,0.09465146064758301,0.0615994930267334
full_arbiter_unreal12_7.ltl,0.1422107219696045,0.06140923500061035
full_arbiter_unreal12_8.ltl,0.2381734848022461,0.061383962631225586
full_arbiter_unreal12_9.ltl,0.4029965400695801,0.06279635429382324
full_arbiter_unreal13_10.ltl,TO,0.26650524139404297
full_arbiter_unreal13_11.ltl,TO,1.06264066696167
full_arbiter_unreal13_13.ltl,TO,0.29796814918518066
full_arbiter_unreal13_14.ltl,TO,0.08780527114868164
full_arbiter_unreal13_15.ltl,TO,0.07049322128295898
full_arbiter_unreal13_16.ltl,TO,0.07025885581970215
full_arbiter_unreal13_1.ltl,0.09386992454528809,0.06325292587280273
full_arbiter_unreal13_2.ltl,0.09807467460632324,0.06383132934570312
full_arbiter_unreal13_3.ltl,0.13581037521362305,0.06469297409057617
full_arbiter_unreal13_4.ltl,0.39472007751464844,0.06624555587768555
full_arbiter_unreal13_5.ltl,2.2166264057159424,0.06667208671569824
full_arbiter_unreal13_6.ltl,TO,0.06749200820922852
full_arbiter_unreal13_7.ltl,TO,0.06709623336791992
full_arbiter_unreal13_8.ltl,TO,0.06757044792175293
full_arbiter_unreal13_9.ltl,TO,2.3772647380828857
full_arbiter_unreal14_1.ltl,0.19346904754638672,0.0728604793548584
full_arbiter_unreal14_2.ltl,0.35859227180480957,0.08276677131652832
full_arbiter_unreal14_3.ltl,0.9835414886474609,0.09319472312927246
full_arbiter_unreal14_4.ltl,TO,5.288431644439697
full_arbiter_unreal14_6.ltl,TO,0.9358863830566406
full_arbiter_unreal23.ltl,0.49458980560302734,0.06612992286682129
full_arbiter_unreal24.ltl,TO,0.10199570655822754
full_arbiter_unreal25.ltl,TO,6.500295877456665
full_arbiter_unreal27.ltl,TO,0.02876448631286621
full_arbiter_unreal28.ltl,TO,0.034653663635253906
Gamemodule.ltl,0.03350329399108887,0.018445730209350586
generalized_buffer4.ltl,TO,0.6099534034729004
Increment.ltl,0.01758885383605957,0.015573978424072266
KitchenTimerV2.ltl,0.1340174674987793,0.07207036018371582
KitchenTimerV3.ltl,0.1970663070678711,0.082275390625
KitchenTimerV4.ltl,0.27469825744628906,0.08473372459411621
KitchenTimerV5.ltl,0.37212443351745605,0.14846324920654297
LampController_974f4a68.ltl,0.10171127319335938,0.06391477584838867
lazy_shades_problem_d6376bf9.ltl,0.13917136192321777,0.06542277336120605
lift.ltl,0.073150634765625,0.06534552574157715
lift_wrong_physics_unreal.ltl,0.18079733848571777,0.06670951843261719
Light_a50cadd7.ltl,0.034761905670166016,0.017470598220825195
Light_aeb1d897.ltl,0.12897086143493652,0.0687410831451416
Light_d65ed84e.ltl,0.07888531684875488,0.06416654586791992
Lights_06e9cad4.ltl,0.10382938385009766,0.06630325317382812
Lights2_06e9cad4.ltl,2.815110445022583,0.12636804580688477
Lights2_0f5381e9.ltl,3.171246290206909,0.16657710075378418
Lights2_9cac58d3.ltl,2.5898349285125732,0.11606240272521973
Lights2_b02056d6.ltl,2.577486276626587,0.11684131622314453
Lights2_f1477cc5.ltl,1.5948739051818848,0.12850165367126465
Lights2_f3987563.ltl,2.800551652908325,0.1176297664642334
Lights3_06e9cad4.ltl,0.11142158508300781,0.09344339370727539
Lights3_235467da.ltl,0.10001301765441895,0.08976531028747559
Lights3_3916ec59.ltl,0.12045764923095703,0.10264778137207031
Lights_3461125b.ltl,0.0953669548034668,0.07342815399169922
Lights3_6bea956e.ltl,0.10382246971130371,0.0899806022644043
Lights3_f1477cc5.ltl,0.11156439781188965,0.09032964706420898
Lights_9cac58d3.ltl,0.09418582916259766,0.06637001037597656
Lights_b0840146.ltl,0.11324834823608398,0.0688314437866211
Lights_f3987563.ltl,0.10206866264343262,0.06515312194824219
LightsTotal_06e9cad4.ltl,7.673369884490967,0.6395847797393799
LightsTotal_2c5b09da.ltl,3.413344621658325,1.0231456756591797
LightsTotal_9cbf2546.ltl,7.681740760803223,0.46930789947509766
LightsTotal_d65ed84e.ltl,8.229678630828857,0.528766393661499
lilydemo03.ltl,0.024433135986328125,0.01720142364501953
lilydemo13.ltl,0.015877962112426758,0.015634775161743164
lilydemo15.ltl,0.020386934280395508,0.01643514633178711
lilydemo16.ltl,0.02796149253845215,0.018869876861572266
lilydemo20.ltl,0.0414583683013916,0.018329858779907227
lilydemo21.ltl,0.13127636909484863,0.07090234756469727
load_balancer4.ltl,0.12126827239990234,0.09078192710876465
load_balancer5.ltl,0.32481980323791504,0.2525620460510254
load_balancer_unreal12_10.ltl,0.5547597408294678,0.08984041213989258
load_balancer_unreal12_11.ltl,1.0141162872314453,0.1196448802947998
load_balancer_unreal12_12.ltl,1.986098051071167,0.1825721263885498
load_balancer_unreal12_13.ltl,4.046080589294434,0.3158838748931885
load_balancer_unreal12_14.ltl,10.099911212921143,0.0645139217376709
load_balancer_unreal12_15.ltl,TO,0.06449007987976074
load_balancer_unreal12_16.ltl,TO,0.06407785415649414
load_balancer_unreal12_6.ltl,0.07866883277893066,0.07260012626647949
load_balancer_unreal12_7.ltl,0.11298775672912598,0.0838475227355957
load_balancer_unreal12_8.ltl,0.18330693244934082,0.10329222679138184
load_balancer_unreal12_9.ltl,0.33566856384277344,0.07547354698181152
load_balancer_unreal13_10.ltl,5.323600769042969,0.2694127559661865
load_balancer_unreal13_11.ltl,12.151801347732544,0.5409114360809326
load_balancer_unreal13_12.ltl,TO,1.1365432739257812
load_balancer_unreal13_1.ltl,0.0778810977935791,0.02068042755126953
load_balancer_unreal13_2.ltl,0.07876706123352051,0.020935535430908203
load_balancer_unreal13_3.ltl,0.08911776542663574,0.021640539169311523
load_balancer_unreal13_4.ltl,0.1209573745727539,0.02272796630859375
load_balancer_unreal13_5.ltl,0.20718932151794434,0.02545952796936035
load_balancer_unreal13_6.ltl,0.3920590877532959,0.031677961349487305
load_balancer_unreal13_7.ltl,0.6592469215393066,0.04503822326660156
load_balancer_unreal13_8.ltl,1.2807178497314453,0.07313346862792969
load_balancer_unreal13_9.ltl,2.507798671722412,0.13288307189941406
load_balancer_unreal14_1.ltl,0.1321885585784912,0.03302907943725586
load_balancer_unreal14_2.ltl,0.14775800704956055,0.033200740814208984
load_balancer_unreal14_3.ltl,0.35883188247680664,0.03814983367919922
load_balancer_unreal14_4.ltl,1.2185308933258057,0.07723641395568848
load_balancer_unreal14_5.ltl,6.441333770751953,0.327193021774292
load_balancer_unreal14_6.ltl,TO,2.0951597690582275
load_balancer_unreal14_7.ltl,TO,14.496214389801025
load_balancer_unreal23.ltl,0.12964439392089844,0.024569272994995117
load_balancer_unreal24.ltl,0.7820723056793213,0.10949468612670898
load_balancer_unreal28.ltl,TO,0.08590102195739746
ltl2dba_R10.ltl,TO,0.01940321922302246
ltl2dba_R12.ltl,TO,0.020519018173217773
ltl2dba_R14.ltl,TO,0.021850109100341797
ltl2dba_R16.ltl,TO,0.023317337036132812
Morning2_4d4ca5c4.ltl,0.09533214569091797,0.020923137664794922
Morning2_9cac58d3.ltl,0.08765244483947754,0.01869511604309082
Morning2Min_6cbc6174.ltl,0.03727293014526367,0.01663064956665039
MusicAppFeedback.ltl,0.07602095603942871,0.06481361389160156
MusicAppSimple.ltl,0.07141590118408203,0.06434488296508789
mux10.ltl,0.06937718391418457,0.016676902770996094
mux12.ltl,0.17287874221801758,0.016651153564453125
mux16.ltl,1.637915849685669,0.016887664794921875
mux32.ltl,TO,0.017452001571655273
mux64.ltl,TO,0.018449783325195312
mux8.ltl,0.03844046592712402,0.016006946563720703
OneCounterInRangeA3.ltl,0.03039407730102539,0.0198822021484375
PlugDeviceModel_b0840146.ltl,0.016557693481445312,0.015412092208862305
prioritized_arbiter1.ltl,0.020788908004760742,0.0165555477142334
prioritized_arbiter_enc10.ltl,TO,0.11824393272399902
prioritized_arbiter_enc32.ltl,TO,0.043593645095825195
prioritized_arbiter_enc64.ltl,TO,0.12486457824707031
prioritized_arbiter_enc8.ltl,10.556281805038452,0.0769045352935791
prioritized_arbiter_unreal13_10.ltl,0.06608462333679199,0.06524324417114258
prioritized_arbiter_unreal13_16.ltl,0.07655119895935059,0.06879377365112305
prioritized_arbiter_unreal14_10.ltl,0.11021065711975098,0.07753467559814453
prioritized_arbiter_unreal14_13.ltl,0.12020659446716309,0.08620047569274902
prioritized_arbiter_unreal14_14.ltl,0.12473702430725098,0.08373141288757324
prioritized_arbiter_unreal14_16.ltl,0.1314535140991211,0.08459782600402832
prioritized_arbiter_unreal14_1.ltl,0.07711338996887207,0.06974482536315918
prioritized_arbiter_unreal14_2.ltl,0.08035445213317871,0.0700995922088623
prioritized_arbiter_unreal14_3.ltl,0.08390402793884277,0.07185077667236328
prioritized_arbiter_unreal14_4.ltl,0.08787918090820312,0.0722808837890625
prioritized_arbiter_unreal14_8.ltl,0.10153961181640625,0.07846951484680176
prioritized_arbiter_unreal14_9.ltl,0.10674214363098145,0.07665395736694336
prioritized_arbiter_unreal24.ltl,0.08381533622741699,0.0710763931274414
prioritized_arbiter_unreal25.ltl,0.13469290733337402,0.11728882789611816
prioritized_arbiter_unreal28.ltl,0.4660067558288574,0.030199527740478516
Radarboard.ltl,0.13058066368103027,0.017935991287231445
RegManager.ltl,0.03830528259277344,0.016341209411621094
robot_grid16_16.ltl,TO,3.0113210678100586
robot_grid2_2.ltl,0.37052106857299805,0.0830690860748291
robot_grid8_8.ltl,TO,0.22296524047851562
Room_a50cadd7.ltl,0.02020263671875,0.016324758529663086
round_robin_arbiter3.ltl,0.08140730857849121,0.0652461051940918
round_robin_arbiter4.ltl,0.37476468086242676,0.07693600654602051
round_robin_arbiter6.ltl,TO,0.9081165790557861
round_robin_arbiter_unreal12_10.ltl,0.5280027389526367,0.06628704071044922
round_robin_arbiter_unreal12_11.ltl,0.9398293495178223,0.16167688369750977
round_robin_arbiter_unreal12_12.ltl,1.82057523727417,0.2721216678619385
round_robin_arbiter_unreal12_13.ltl,3.6089015007019043,0.508673906326294
round_robin_arbiter_unreal12_14.ltl,8.153252601623535,1.011218786239624
round_robin_arbiter_unreal12_15.ltl,TO,2.1152701377868652
round_robin_arbiter_unreal12_16.ltl,TO,4.552916526794434
round_robin_arbiter_unreal12_6.ltl,0.0722041130065918,0.06401419639587402
round_robin_arbiter_unreal12_7.ltl,0.10640192031860352,0.06535959243774414
round_robin_arbiter_unreal12_8.ltl,0.1730515956878662,0.07231593132019043
round_robin_arbiter_unreal12_9.ltl,0.3193776607513428,0.08374881744384766
round_robin_arbiter_unreal13_14.ltl,TO,0.14889216423034668
round_robin_arbiter_unreal13_15.ltl,TO,0.21168994903564453
round_robin_arbiter_unreal13_16.ltl,TO,0.2093815803527832
round_robin_arbiter_unreal13_1.ltl,0.09363722801208496,0.06406855583190918
round_robin_arbiter_unreal13_2.ltl,0.09555244445800781,0.06920909881591797
round_robin_arbiter_unreal13_3.ltl,0.1393272876739502,0.08565926551818848
round_robin_arbiter_unreal13_4.ltl,0.3461136817932129,0.1096031665802002
round_robin_arbiter_unreal13_5.ltl,1.1470465660095215,0.34687089920043945
round_robin_arbiter_unreal13_6.ltl,5.710807800292969,1.8387882709503174
round_robin_arbiter_unreal13_7.ltl,TO,11.837679386138916
round_robin_arbiter_unreal14_1.ltl,0.4082164764404297,0.048899173736572266
round_robin_arbiter_unreal14_2.ltl,0.423475980758667,0.1162574291229248
round_robin_arbiter_unreal14_3.ltl,1.0188980102539062,0.2915799617767334
round_robin_arbiter_unreal14_4.ltl,7.948661804199219,0.7764902114868164
round_robin_arbiter_unreal23.ltl,0.3358933925628662,0.08482575416564941
round_robin_arbiter_unreal24.ltl,6.564974069595337,0.94808030128479
round_robin_arbiter_unreal28.ltl,TO,0.0711977481842041
Scoreboard.ltl,0.0589747428894043,0.01699542999267578
SensorRegister.ltl,0.01768350601196289,0.016821861267089844
Sensor.ltl,0.20223069190979004,0.06380343437194824
shift10.ltl,0.04450583457946777,0.016900062561035156
shift12.ltl,0.1016383171081543,0.016894102096557617
shift16.ltl,1.7334444522857666,0.017182588577270508
shift32.ltl,TO,0.017623424530029297
shift64.ltl,TO,0.0184478759765625
shift8.ltl,0.02461981773376465,0.016521453857421875
simple_arbiter_enc10.ltl,TO,0.08583354949951172
simple_arbiter_enc64.ltl,TO,0.11859011650085449
simple_arbiter_enc8.ltl,2.677716016769409,0.07011604309082031
simple_arbiter_unreal14_9.ltl,0.07095074653625488,0.06925511360168457
simple_arbiter_unreal15_1.ltl,0.08120250701904297,0.07488822937011719
simple_arbiter_unreal15_2.ltl,0.08780646324157715,0.07379651069641113
simple_arbiter_unreal15_3.ltl,0.09087753295898438,0.07573676109313965
simple_arbiter_unreal15_5.ltl,0.10232663154602051,0.08285903930664062
simple_arbiter_unreal15_7.ltl,0.11150097846984863,0.08670258522033691
simple_arbiter_unreal15_8.ltl,0.1155405044555664,0.08835053443908691
simple_arbiter_unreal16_2.ltl,0.14051461219787598,0.11408281326293945
simple_arbiter_unreal25.ltl,0.08644342422485352,0.07377839088439941
simple_arbiter_unreal26.ltl,0.13770818710327148,0.10938286781311035
simple_arbiter_unreal28.ltl,0.3176560401916504,0.029616117477416992
SliderScored.ltl,0.14095067977905273,0.08733582496643066
SPIReadClk.ltl,0.025099754333496094,0.01734447479248047
SPIReadManag.ltl,0.5730419158935547,0.15636110305786133
SPIReadSdi.ltl,0.025531768798828125,0.017660856246948242
SPIWriteClk.ltl,0.02744269371032715,0.016018152236938477
SPIWriteManag.ltl,0.16700100898742676,0.10457706451416016
SPIWriteSdi.ltl,0.03340649604797363,0.021892309188842773
System_b0840146.ltl,0.029122114181518555,0.018198490142822266
test4_4b82b1f4.ltl,0.04100847244262695,0.017984867095947266
test8_88f351a6.ltl,0.031109094619750977,0.017441272735595703
Time_a50cadd7.ltl,0.018392562866210938,0.016843557357788086
Timer_a50cadd7.ltl,0.03337693214416504,0.016634702682495117
tmp_13cfc6f2.ltl,0.5587821006774902,0.09230899810791016
TorcsAccelerating.ltl,0.03056955337524414,0.01624011993408203
TorcsSimple.ltl,0.03663802146911621,0.02618265151977539
TorcsSteeringImproved.ltl,0.06251025199890137,0.03066706657409668
TorcsSteeringSimple.ltl,0.02935957908630371,0.017815828323364258
TorcsSteeringSmart.ltl,0.0778512954711914,0.0668182373046875
UnderapproxDemo2.ltl,0.017711639404296875,0.016195058822631836
UnderapproxStrengthenedDemo.ltl,0.01732802391052246,0.015748977661132812
Warnlight_a50cadd7.ltl,0.02426600456237793,0.01591181755065918
Window2_54e1f7d2.ltl,0.07634902000427246,0.02131366729736328
Window2_9cac58d3.ltl,0.07210159301757812,0.01846790313720703
Window2_aeb1d897.ltl,0.12380099296569824,0.0891721248626709
Window2_f1477cc5.ltl,0.05693554878234863,0.03132176399230957
Window2Min_88c5c1c3.ltl,0.03852725028991699,0.017848730087280273
Alarm_a5f99bc6.ltl,8.88964581489563,2.2259907722473145
full_arbiter_unreal14_7.ltl,TO,0.29537010192871094
full_arbiter_unreal14_8.ltl,TO,1.0795543193817139
generalized_buffer5.ltl,TO,2.582340955734253
round_robin_arbiter_unreal14_5.ltl,TO,1.002924919128418
simple_arbiter_enc12.ltl,TO,0.09232711791992188
abcg_arbiter.ltl,0.033693790435791016,0.06634783744812012
Alarm_06e9cad4.ltl,1.6021063327789307,3.0860326290130615
Alarm_2d1010f8.ltl,0.04102206230163574,0.06294107437133789
AlarmMin_efe2feaf.ltl,0.030512571334838867,0.06604552268981934
AllHeating_d6376bf9.ltl,0.045961856842041016,0.0695488452911377
amba_decomposed_arbiter2.ltl,0.051276445388793945,0.06874299049377441
amba_decomposed_encode3.ltl,0.03534817695617676,0.06186056137084961
amba_decomposed_encode4.ltl,0.04245710372924805,0.06270051002502441
amba_decomposed_encode5.ltl,0.05951070785522461,0.06556844711303711
amba_decomposed_lock10.ltl,0.5434284210205078,9.714962244033813
amba_decomposed_lock11.ltl,1.560180902481079,TO
amba_decomposed_lock2.ltl,0.02673792839050293,0.06098055839538574
amba_decomposed_lock3.ltl,0.031790971755981445,0.06109619140625
amba_decomposed_lock4.ltl,0.0380859375,0.06160688400268555
amba_decomposed_lock5.ltl,0.05375933647155762,0.06577515602111816
amba_decomposed_lock6.ltl,0.058153390884399414,0.07730817794799805
amba_decomposed_lock7.ltl,0.07576274871826172,0.12201833724975586
amba_decomposed_lock8.ltl,0.11941170692443848,0.41061925888061523
amba_decomposed_lock9.ltl,0.23702573776245117,1.7750017642974854
amba_decomposed_tburst4.ltl,0.058595895767211914,0.06205582618713379
amba_decomposed_tincr.ltl,0.04036259651184082,0.06513524055480957
amba_decomposed_tsingle.ltl,0.03710436820983887,0.07803702354431152
arbiter.ltl,0.024846315383911133,0.06022500991821289
arbiter_with_buffer.ltl,0.016455888748168945,0.05947399139404297
arbiter_with_cancel.ltl,0.0399622917175293,0.061942100524902344
Automata16S.ltl,0.3848395347595215,TO
Automata32S.ltl,1.3443584442138672,TO
Automata.ltl,0.1592879295349121,0.38155221939086914
CheckCoffeMachine_1cf58fc1.ltl,0.061664581298828125,0.062125205993652344
CheckCoffeMachine_3461125b.ltl,0.05972480773925781,0.06272673606872559
CheckCoffeMachineBroken1_a5f99bc6.ltl,0.04246926307678223,0.06156039237976074
CheckHeating_2418b67e.ltl,0.028444766998291016,0.06296491622924805
CheckHeating_3461125b.ltl,0.02862095832824707,0.06247353553771973
CheckLight_007df645.ltl,0.03682827949523926,0.06304526329040527
CheckLight_aeb1d897.ltl,0.03626537322998047,0.06332540512084961
CheckShades_1a2942e3.ltl,0.03131508827209473,0.06347489356994629
CheckShades_3461125b.ltl,0.03125429153442383,0.062230825424194336
CheckShades_aeb1d897.ltl,0.037639617919921875,0.0634305477142334
CheckTime_3916ec59.ltl,0.024993181228637695,0.0762014389038086
CheckTime_4b5e6eaa.ltl,0.02309250831604004,0.062456607818603516
CheckTime_54e1f7d2.ltl,0.022269010543823242,0.06223344802856445
CheckTime_6479ef9a.ltl,0.022025585174560547,0.06125283241271973
Coffee_2c5b09da.ltl,0.09391140937805176,0.09680485725402832
CoffeeMin_88f351a6.ltl,0.031138181686401367,0.06312298774719238
collector_v111.ltl,13.729934215545654,TO
collector_v13.ltl,0.028063297271728516,0.06332731246948242
collector_v15.ltl,0.05363607406616211,0.08099699020385742
collector_v17.ltl,0.25198817253112793,0.6213207244873047
collector_v23.ltl,0.030965328216552734,0.06469440460205078
collector_v39.ltl,11.314242601394653,11.897413969039917
Core_fa4d4ce3.ltl,0.243880033493042,0.4404270648956299
detector10.ltl,0.024450302124023438,0.31218576431274414
detector12.ltl,0.025675535202026367,1.7838330268859863
detector14.ltl,0.028061866760253906,9.05818223953247
detector1.ltl,0.01622748374938965,0.0601496696472168
detector2.ltl,0.016979694366455078,0.06321167945861816
detector3.ltl,0.01967644691467285,0.06262922286987305
detector4.ltl,0.022171735763549805,0.06436872482299805
detector5.ltl,0.023241758346557617,0.06728601455688477
detector6.ltl,0.024164676666259766,0.06824398040771484
detector7.ltl,0.025540828704833984,0.08490872383117676
detector8.ltl,0.026651620864868164,0.11301851272583008
detector9.ltl,0.027927398681640625,0.15507245063781738
detector_unreal10.ltl,0.13879132270812988,0.2557492256164551
detector_unreal11.ltl,0.1573348045349121,0.5330209732055664
detector_unreal12.ltl,0.186417818069458,1.3439395427703857
detector_unreal13.ltl,0.26081132888793945,3.713181257247925
detector_unreal14.ltl,0.29665613174438477,11.385824203491211
detector_unreal15.ltl,0.3302760124206543,TO
detector_unreal16.ltl,0.3605523109436035,TO
detector_unreal2.ltl,0.01941823959350586,0.06087470054626465
detector_unreal3.ltl,0.02374863624572754,0.06096696853637695
detector_unreal4.ltl,0.031043291091918945,0.06183314323425293
detector_unreal5.ltl,0.0410008430480957,0.06371188163757324
detector_unreal6.ltl,0.053420066833496094,0.06626248359680176
detector_unreal7.ltl,0.06714153289794922,0.07381057739257812
detector_unreal8.ltl,0.08544802665710449,0.0891273021697998
detector_unreal9.ltl,0.10457444190979004,0.13057899475097656
Door_2d1010f8.ltl,0.037232160568237305,0.06224370002746582
EscalatorBidirectionalInit.ltl,0.08138346672058105,0.09879279136657715
EscalatorBidirectional.ltl,0.07187795639038086,0.08785557746887207
EscalatorCountingInit.ltl,0.048006534576416016,0.06409311294555664
EscalatorCounting.ltl,0.03521871566772461,0.06296014785766602
example10a.ltl,0.034590959548950195,0.062233686447143555
example10.ltl,0.018070697784423828,0.05938267707824707
Example1_d6376bf9.ltl,0.03284645080566406,0.11498904228210449
example9.ltl,0.020003795623779297,0.059668779373168945
FelixSpecFixed2.2.core_fa8592c8.ltl,0.054964303970336914,0.10809183120727539
FelixSpecFixed_2418b67e.ltl,0.415374755859375,TO
FelixSpecFixed2_fa4d4ce3.ltl,0.4127836227416992,TO
FelixSpecFixed3_b0840146.ltl,0.41799235343933105,TO
FelixSpecFixed4_3916ec59.ltl,0.417722225189209,TO
FelixSpecFixed4_dd3a27e1.ltl,0.41855907440185547,TO
FelixSpecFixed4GuaranteesOnly_88f351a6.ltl,0.14758586883544922,TO
full_arbiter2.ltl,0.04365086555480957,0.06312966346740723
full_arbiter_unreal12_3.ltl,0.04911065101623535,0.06115317344665527
full_arbiter_unreal12_4.ltl,0.055674076080322266,0.061594486236572266
full_arbiter_unreal22.ltl,0.05519700050354004,0.061838626861572266
Gamelogic.ltl,0.29454946517944336,TO
GamemodeChooser.ltl,0.06586670875549316,6.858689785003662
Heating_235467da.ltl,0.03052663803100586,0.06269383430480957
Heating_974f4a68.ltl,0.041932106018066406,0.06339740753173828
Heating_b02056d6.ltl,0.02997446060180664,0.06224870681762695
Heating_b209ff21.ltl,0.02921748161315918,0.061939239501953125
HeatingMin_d6c5ac79.ltl,0.024319887161254883,0.06110787391662598
IntendDemo_42dc4fff.ltl,0.1014409065246582,TO
jarvis_gideon_a02758ea.ltl,0.3822817802429199,TO
jarvis_philippe_484face8.ltl,0.17205214500427246,TO
KitchenTimerV0.ltl,0.01789379119873047,0.018018722534179688
KitchenTimerV10.ltl,0.577277660369873,2.1994121074676514
KitchenTimerV1.ltl,0.044843435287475586,0.06174731254577637
KitchenTimerV6.ltl,0.43956542015075684,0.7406773567199707
KitchenTimerV7.ltl,0.47307443618774414,0.8889331817626953
KitchenTimerV8.ltl,0.5263094902038574,3.120574712753296
KitchenTimerV9.ltl,0.5684235095977783,8.546660661697388
lift_unary_enc.ltl,0.05477452278137207,0.06654596328735352
Lights2_2c5b09da.ltl,0.22752046585083008,0.48353075981140137
Lights_2c5b09da.ltl,0.053807735443115234,0.08293914794921875
Lights2Min_9cbf2546.ltl,0.04831075668334961,0.06847310066223145
Lights3_2c5b09da.ltl,0.06065654754638672,0.10282301902770996
Lights3Min_6479ef9a.ltl,0.03693675994873047,0.06283235549926758
LightsMin_6bea956e.ltl,0.03883194923400879,0.06417059898376465
lilydemo01.ltl,0.019418001174926758,0.059832096099853516
lilydemo02.ltl,0.020016193389892578,0.06049060821533203
lilydemo04.ltl,0.02548527717590332,0.06326031684875488
lilydemo05.ltl,0.02650594711303711,0.06186938285827637
lilydemo06.ltl,0.027216672897338867,0.06266307830810547
lilydemo07.ltl,0.027219772338867188,0.06113123893737793
lilydemo08.ltl,0.014433622360229492,0.015932559967041016
lilydemo09.ltl,0.021213531494140625,0.06075692176818848
lilydemo10.ltl,0.015297889709472656,0.016948223114013672
lilydemo11.ltl,0.01570272445678711,0.01596212387084961
lilydemo12.ltl,0.015447616577148438,0.01645636558532715
lilydemo14.ltl,0.01706409454345703,0.017266511917114258
lilydemo17.ltl,0.020465850830078125,0.06296753883361816
lilydemo18.ltl,0.026676416397094727,0.06350040435791016
lilydemo19.ltl,0.023975610733032227,0.06188511848449707
lilydemo22.ltl,0.033371925354003906,0.06277251243591309
lilydemo23.ltl,0.019440174102783203,0.06102132797241211
lilydemo24.ltl,0.03347492218017578,0.06160092353820801
load_balancer2.ltl,0.042349815368652344,0.06489062309265137
load_balancer3.ltl,0.06447720527648926,0.06815457344055176
load_balancer6.ltl,1.0114243030548096,1.2515649795532227
load_balancer7.ltl,4.682013034820557,6.587750673294067
load_balancer_unreal12_1.ltl,0.04696202278137207,0.06455159187316895
load_balancer_unreal12_2.ltl,0.0455479621887207,0.063812255859375
load_balancer_unreal12_3.ltl,0.04778313636779785,0.06474781036376953
load_balancer_unreal12_4.ltl,0.05294466018676758,0.06553816795349121
load_balancer_unreal12_5.ltl,0.06137371063232422,0.06601738929748535
load_balancer_unreal22.ltl,0.05237126350402832,0.06607222557067871
load_balancer_unreal25.ltl,10.830036163330078,TO
ltl2dba01.ltl,0.018393278121948242,0.062152862548828125
ltl2dba02.ltl,0.019957780838012695,0.06407499313354492
ltl2dba03.ltl,0.018002748489379883,0.0630791187286377
ltl2dba04.ltl,0.017583847045898438,0.06303858757019043
ltl2dba05.ltl,0.017115354537963867,0.06369924545288086
ltl2dba06.ltl,0.01953887939453125,0.0630490779876709
ltl2dba07.ltl,0.02741384506225586,0.06813764572143555
ltl2dba08.ltl,0.02176046371459961,0.06660699844360352
ltl2dba09.ltl,0.019462108612060547,0.06122946739196777
ltl2dba10.ltl,0.018784284591674805,0.06253266334533691
ltl2dba11.ltl,0.02207779884338379,0.06041669845581055
ltl2dba12.ltl,0.029935359954833984,0.062172889709472656
ltl2dba13.ltl,0.04126119613647461,0.06296491622924805
ltl2dba14.ltl,0.042139530181884766,0.06293773651123047
ltl2dba15.ltl,0.026211261749267578,0.06062722206115723
ltl2dba16.ltl,0.02227306365966797,0.06229543685913086
ltl2dba17.ltl,0.021490097045898438,0.06342887878417969
ltl2dba18.ltl,0.02171945571899414,0.06318116188049316
ltl2dba19.ltl,0.020512819290161133,0.06315326690673828
ltl2dba20.ltl,0.022166967391967773,0.06449723243713379
ltl2dba21.ltl,0.023626327514648438,0.06561112403869629
ltl2dba22.ltl,0.017996788024902344,0.06238961219787598
ltl2dba23.ltl,0.018652915954589844,0.06301212310791016
ltl2dba24.ltl,0.01777362823486328,0.06134796142578125
ltl2dba25.ltl,0.021457672119140625,0.0632634162902832
ltl2dba26.ltl,0.02041172981262207,0.0630941390991211
ltl2dba27.ltl,0.018671035766601562,0.061228036880493164
ltl2dba_alpha10.ltl,0.046586036682128906,0.06447839736938477
ltl2dba_alpha12.ltl,0.04031944274902344,6.975662469863892
ltl2dba_alpha14.ltl,0.04536843299865723,0.06077742576599121
ltl2dba_alpha16.ltl,0.05012679100036621,0.06283855438232422
ltl2dba_alpha1.ltl,0.017258167266845703,0.06230282783508301
ltl2dba_alpha2.ltl,0.01917266845703125,0.06218600273132324
ltl2dba_alpha3.ltl,0.021603822708129883,0.06297802925109863
ltl2dba_alpha4.ltl,0.024258852005004883,0.06334924697875977
ltl2dba_alpha5.ltl,0.026102066040039062,0.0636281967163086
ltl2dba_alpha6.ltl,0.029241323471069336,0.06404995918273926
ltl2dba_alpha7.ltl,0.0328524112701416,0.0642859935760498
ltl2dba_alpha8.ltl,0.0351104736328125,0.06454038619995117
ltl2dba_beta1.ltl,0.018245458602905273,0.06304931640625
ltl2dba_beta2.ltl,0.02050304412841797,0.06444263458251953
ltl2dba_beta3.ltl,0.024794340133666992,0.07417941093444824
ltl2dba_beta4.ltl,0.030874252319335938,0.13390874862670898
ltl2dba_beta5.ltl,0.032685041427612305,0.560924768447876
ltl2dba_beta6.ltl,0.04369688034057617,3.2692716121673584
ltl2dba_beta7.ltl,0.05858254432678223,TO
ltl2dba_beta8.ltl,0.07969903945922852,TO
ltl2dba_C210.ltl,0.02316570281982422,0.31194305419921875
ltl2dba_C212.ltl,0.02570652961730957,1.820650339126587
ltl2dba_C214.ltl,0.02769017219543457,9.066757202148438
ltl2dba_C216.ltl,0.03058147430419922,TO
ltl2dba_C21.ltl,0.015834808349609375,0.06128835678100586
ltl2dba_C22.ltl,0.016771793365478516,0.06281590461730957
ltl2dba_C23.ltl,0.017422914505004883,0.06339645385742188
ltl2dba_C24.ltl,0.01853775978088379,0.06381058692932129
ltl2dba_C25.ltl,0.020123720169067383,0.06751632690429688
ltl2dba_C26.ltl,0.02106618881225586,0.069061279296875
ltl2dba_C27.ltl,0.022395610809326172,0.08301210403442383
ltl2dba_C28.ltl,0.025860071182250977,0.11224794387817383
ltl2dba_C29.ltl,0.02770519256591797,0.15729570388793945
ltl2dba_E10.ltl,1.1761760711669922,14.123490333557129
ltl2dba_E1.ltl,0.016105175018310547,0.061907291412353516
ltl2dba_E2.ltl,0.01626133918762207,0.06324529647827148
ltl2dba_E3.ltl,0.0169374942779541,0.06338000297546387
ltl2dba_E4.ltl,0.019119977951049805,0.0652320384979248
ltl2dba_E5.ltl,0.024120569229125977,2.700681209564209
ltl2dba_E6.ltl,0.036133527755737305,0.08190679550170898
ltl2dba_E7.ltl,0.06981778144836426,TO
ltl2dba_E8.ltl,0.16906976699829102,0.549224853515625
ltl2dba_E9.ltl,0.42987680435180664,2.6204123497009277
ltl2dba_Q1.ltl,0.015938282012939453,0.061751365661621094
ltl2dba_Q2.ltl,0.017017602920532227,0.06391167640686035
ltl2dba_Q3.ltl,0.019268035888671875,0.06331896781921387
ltl2dba_Q4.ltl,0.02297234535217285,0.06467914581298828
ltl2dba_Q5.ltl,0.036218881607055664,0.40520167350769043
ltl2dba_Q6.ltl,0.08309555053710938,0.09845137596130371
ltl2dba_Q7.ltl,0.25048160552978516,2.915360689163208
ltl2dba_Q8.ltl,0.7699036598205566,1.0146548748016357
ltl2dba_R1.ltl,0.01731085777282715,0.0601651668548584
ltl2dba_R2.ltl,0.01920938491821289,0.06350421905517578
ltl2dba_R3.ltl,0.025395870208740234,0.06597304344177246
ltl2dba_R4.ltl,0.04420900344848633,0.0733482837677002
ltl2dba_R5.ltl,0.1238243579864502,0.18971991539001465
ltl2dba_R6.ltl,0.4848148822784424,1.1293256282806396
ltl2dba_R7.ltl,2.798513174057007,6.597723007202148
ltl2dba_theta10.ltl,0.04106330871582031,1.3310060501098633
ltl2dba_theta12.ltl,0.04702591896057129,7.226435661315918
ltl2dba_theta14.ltl,0.05408215522766113,TO
ltl2dba_theta16.ltl,0.06241297721862793,TO
ltl2dba_theta1.ltl,0.018513917922973633,0.06441950798034668
ltl2dba_theta2.ltl,0.020488977432250977,0.06458377838134766
ltl2dba_theta3.ltl,0.022492647171020508,0.06639599800109863
ltl2dba_theta4.ltl,0.02468729019165039,0.06856751441955566
ltl2dba_theta5.ltl,0.027104854583740234,0.07485175132751465
ltl2dba_theta6.ltl,0.03197956085205078,0.10329246520996094
ltl2dba_theta7.ltl,0.0354464054107666,0.15747284889221191
ltl2dba_theta8.ltl,0.03468465805053711,0.2739293575286865
ltl2dba_U110.ltl,1.8612635135650635,13.242083311080933
ltl2dba_U11.ltl,0.017705440521240234,0.059238433837890625
ltl2dba_U12.ltl,0.015728235244750977,0.06162524223327637
ltl2dba_U13.ltl,0.01615452766418457,0.06345057487487793
ltl2dba_U14.ltl,0.017651796340942383,0.0647895336151123
ltl2dba_U15.ltl,0.022899150848388672,0.06674790382385254
ltl2dba_U16.ltl,0.030958890914916992,11.436522245407104
ltl2dba_U17.ltl,0.06720495223999023,0.16658926010131836
ltl2dba_U18.ltl,0.18889570236206055,1.409614086151123
ltl2dba_U19.ltl,0.5490171909332275,2.317037343978882
ltl2dpa01.ltl,0.023790597915649414,0.06259489059448242
ltl2dpa02.ltl,0.018149375915527344,0.06284403800964355
ltl2dpa03.ltl,0.030727624893188477,0.06362175941467285
ltl2dpa04.ltl,0.0180203914642334,0.061461448669433594
ltl2dpa05.ltl,0.018781661987304688,0.06094837188720703
ltl2dpa06.ltl,0.017445802688598633,0.06245303153991699
ltl2dpa07.ltl,0.019308090209960938,0.06242704391479492
ltl2dpa08.ltl,0.023406267166137695,0.06261754035949707
ltl2dpa09.ltl,0.030655622482299805,0.06281805038452148
ltl2dpa10.ltl,0.048064470291137695,0.0634605884552002
ltl2dpa11.ltl,0.025829553604125977,0.06304025650024414
ltl2dpa12.ltl,0.037230730056762695,0.06469917297363281
ltl2dpa13.ltl,0.034288883209228516,0.0661311149597168
ltl2dpa14.ltl,0.030611038208007812,0.06227588653564453
ltl2dpa15.ltl,0.02228069305419922,0.06425189971923828
ltl2dpa16.ltl,0.02142190933227539,0.06356620788574219
ltl2dpa17.ltl,0.02762007713317871,0.06286907196044922
ltl2dpa18.ltl,0.028700828552246094,0.06472611427307129
ltl2dpa19.ltl,0.03657865524291992,0.07036137580871582
ltl2dpa20.ltl,0.023177385330200195,0.06446981430053711
ltl2dpa21.ltl,0.026363849639892578,0.06337666511535645
ltl2dpa22.ltl,0.03940725326538086,0.09687018394470215
ltl2dpa23.ltl,0.021546602249145508,0.06165003776550293
ltl2dpa24.ltl,0.024207115173339844,0.061327219009399414
ModdifiedLedMatrix4X.ltl,0.17631864547729492,0.6920530796051025
ModdifiedLedMatrix5X.ltl,0.3012230396270752,TO
MorningMin_d6c5ac79.ltl,0.13756394386291504,0.27198123931884766
MusicAppMotivating.ltl,0.06169772148132324,0.07373428344726562
narylatch8.ltl,1.3946352005004883,TO
OneCounterGuiA0.ltl,0.045412540435791016,0.0848228931427002
OneCounterGuiA1.ltl,0.05341005325317383,0.09187006950378418
OneCounterGuiA2.ltl,0.07684087753295898,0.15646791458129883
OneCounterGuiA3.ltl,0.16103148460388184,0.41754889488220215
OneCounterGuiA4.ltl,0.16754865646362305,0.41805553436279297
OneCounterGuiA5.ltl,0.17395830154418945,0.41934823989868164
OneCounterGuiA6.ltl,0.272662878036499,0.9884886741638184
OneCounterGuiA7.ltl,0.3691120147705078,1.000593662261963
OneCounterGuiA8.ltl,0.7032372951507568,2.6800007820129395
OneCounterGuiA9.ltl,2.5712709426879883,3.2147650718688965
OneCounterGui.ltl,0.04548907279968262,0.08254742622375488
OneCounterInRangeA0.ltl,0.025877714157104492,0.06280517578125
OneCounterInRangeA1.ltl,0.028362035751342773,0.06281065940856934
OneCounterInRangeA2.ltl,0.029685258865356445,0.06266617774963379
OneCounterInRange.ltl,0.026208877563476562,0.06222724914550781
OneCounter.ltl,2.582948684692383,3.200348138809204
PlugController_fa4d4ce3.ltl,0.043149471282958984,0.06255340576171875
prioritized_arbiter2.ltl,0.027879714965820312,0.06340694427490234
prioritized_arbiter3.ltl,0.03789186477661133,0.07107234001159668
prioritized_arbiter4.ltl,0.05106186866760254,0.06837844848632812
prioritized_arbiter5.ltl,0.06810569763183594,0.08702945709228516
prioritized_arbiter6.ltl,0.08772945404052734,0.15926194190979004
prioritized_arbiter7.ltl,0.11237764358520508,0.4973869323730469
prioritized_arbiter8.ltl,0.13941049575805664,2.073960304260254
prioritized_arbiter_unreal12_10.ltl,0.03314805030822754,0.06171560287475586
prioritized_arbiter_unreal12_11.ltl,0.03355598449707031,0.06311964988708496
prioritized_arbiter_unreal12_12.ltl,0.034596920013427734,0.06270051002502441
prioritized_arbiter_unreal12_13.ltl,0.03515791893005371,0.0626983642578125
prioritized_arbiter_unreal12_14.ltl,0.03617429733276367,0.062490224838256836
prioritized_arbiter_unreal12_15.ltl,0.03682231903076172,0.062247514724731445
prioritized_arbiter_unreal12_16.ltl,0.03780841827392578,0.06192803382873535
prioritized_arbiter_unreal12_1.ltl,0.02780008316040039,0.061249494552612305
prioritized_arbiter_unreal12_2.ltl,0.028502702713012695,0.06073498725891113
prioritized_arbiter_unreal12_3.ltl,0.02897047996520996,0.06143689155578613
prioritized_arbiter_unreal12_4.ltl,0.029697418212890625,0.061270952224731445
prioritized_arbiter_unreal12_5.ltl,0.0305635929107666,0.06115317344665527
prioritized_arbiter_unreal12_6.ltl,0.031008005142211914,0.060897111892700195
prioritized_arbiter_unreal12_7.ltl,0.03157854080200195,0.061952829360961914
prioritized_arbiter_unreal12_8.ltl,0.032549142837524414,0.06199955940246582
prioritized_arbiter_unreal12_9.ltl,0.03286457061767578,0.06168341636657715
prioritized_arbiter_unreal13_11.ltl,0.0678243637084961,TO
prioritized_arbiter_unreal13_12.ltl,0.06959247589111328,TO
prioritized_arbiter_unreal13_13.ltl,0.07073187828063965,TO
prioritized_arbiter_unreal13_14.ltl,0.07325577735900879,TO
prioritized_arbiter_unreal13_15.ltl,0.07487750053405762,TO
prioritized_arbiter_unreal13_1.ltl,0.0476384162902832,0.06375765800476074
prioritized_arbiter_unreal13_2.ltl,0.049552202224731445,0.06327962875366211
prioritized_arbiter_unreal13_3.ltl,0.05110883712768555,0.06343317031860352
prioritized_arbiter_unreal13_4.ltl,0.052915096282958984,0.06465673446655273
prioritized_arbiter_unreal13_5.ltl,0.05613541603088379,0.06479835510253906
prioritized_arbiter_unreal13_6.ltl,0.056786298751831055,0.06522917747497559
prioritized_arbiter_unreal13_7.ltl,0.05955791473388672,0.06448602676391602
prioritized_arbiter_unreal13_8.ltl,0.06079983711242676,0.06486749649047852
prioritized_arbiter_unreal13_9.ltl,0.06361818313598633,0.06564998626708984
prioritized_arbiter_unreal14_11.ltl,0.11323404312133789,TO
prioritized_arbiter_unreal14_12.ltl,0.11744546890258789,TO
prioritized_arbiter_unreal14_15.ltl,0.1285409927368164,TO
prioritized_arbiter_unreal14_5.ltl,0.09019184112548828,TO
prioritized_arbiter_unreal14_6.ltl,0.09404492378234863,TO
prioritized_arbiter_unreal14_7.ltl,0.09767031669616699,TO
prioritized_arbiter_unreal22.ltl,0.027609825134277344,0.06099224090576172
prioritized_arbiter_unreal23.ltl,0.05141305923461914,0.06494259834289551
prioritized_arbiter_unreal26.ltl,0.2096564769744873,0.262678861618042
prioritized_arbiter_unreal27.ltl,0.3197343349456787,TO
RotationCalculator.ltl,0.04022955894470215,0.10456180572509766
round_robin_arbiter2.ltl,0.03599405288696289,0.06055736541748047
round_robin_arbiter5.ltl,2.516300678253174,TO
round_robin_arbiter_unreal12_1.ltl,0.04033041000366211,0.06110525131225586
round_robin_arbiter_unreal12_2.ltl,0.0383913516998291,0.06218123435974121
round_robin_arbiter_unreal12_3.ltl,0.040700674057006836,0.06266546249389648
round_robin_arbiter_unreal12_4.ltl,0.04596567153930664,0.06208920478820801
round_robin_arbiter_unreal12_5.ltl,0.05469489097595215,0.06282711029052734
round_robin_arbiter_unreal22.ltl,0.0419917106628418,0.06337332725524902
SensorInit.ltl,0.2000868320465088,10.578216314315796
SensorPart.ltl,0.3102755546569824,TO
SensorSelector.ltl,0.5434226989746094,TO
SensorSubmodulChooser.ltl,0.1875324249267578,11.861861944198608
Shades2_235467da.ltl,0.031786203384399414,0.06378388404846191
Shades2_42dc4fff.ltl,0.038208961486816406,0.06311607360839844
Shades2_70523fbe.ltl,0.03234291076660156,0.06267976760864258
Shades2_a5f99bc6.ltl,0.033150672912597656,0.06289339065551758
Shades2Min_63831f8c.ltl,0.02171015739440918,0.06140255928039551
Shades_6479ef9a.ltl,0.03302931785583496,0.06248354911804199
Shades_974f4a68.ltl,0.06062650680541992,0.06326627731323242
Shades_9cac58d3.ltl,0.032100677490234375,0.06209135055541992
Shades_a02758ea.ltl,0.033023834228515625,0.06249260902404785
Shades_b209ff21.ltl,0.03803420066833496,0.06304287910461426
ShadesMin_aeb1d897.ltl,0.021739721298217773,0.06139016151428223
simple_arbiter10.ltl,0.09806466102600098,7.653309345245361
simple_arbiter12.ltl,0.13318204879760742,TO
simple_arbiter2.ltl,0.017884492874145508,0.01803445816040039
simple_arbiter3.ltl,0.021820068359375,0.05905485153198242
simple_arbiter4.ltl,0.02724599838256836,0.06322908401489258
simple_arbiter5.ltl,0.03438401222229004,0.06647276878356934
simple_arbiter6.ltl,0.04308629035949707,0.08175826072692871
simple_arbiter7.ltl,0.05332303047180176,0.13656210899353027
simple_arbiter8.ltl,0.06555628776550293,0.38031768798828125
simple_arbiter9.ltl,0.07986235618591309,1.538032054901123
simple_arbiter_unreal12_10.ltl,0.02480459213256836,0.06084418296813965
simple_arbiter_unreal12_12.ltl,0.02570486068725586,0.061132192611694336
simple_arbiter_unreal12_1.ltl,0.02005791664123535,0.060018301010131836
simple_arbiter_unreal12_2.ltl,0.020908594131469727,0.05984687805175781
simple_arbiter_unreal12_3.ltl,0.02243208885192871,0.05976724624633789
simple_arbiter_unreal12_4.ltl,0.02406001091003418,0.059697628021240234
simple_arbiter_unreal12_5.ltl,0.025592327117919922,0.06016826629638672
simple_arbiter_unreal12_6.ltl,0.02599787712097168,0.05970358848571777
simple_arbiter_unreal12_7.ltl,0.02533888816833496,0.06021451950073242
simple_arbiter_unreal12_8.ltl,0.023522615432739258,0.06078672409057617
simple_arbiter_unreal12_9.ltl,0.024020671844482422,0.06060528755187988
simple_arbiter_unreal13_11.ltl,0.04516720771789551,0.06389617919921875
simple_arbiter_unreal13_1.ltl,0.031227588653564453,0.06088423728942871
simple_arbiter_unreal13_2.ltl,0.03282880783081055,0.06147050857543945
simple_arbiter_unreal13_3.ltl,0.03414011001586914,0.06174135208129883
simple_arbiter_unreal13_4.ltl,0.03506159782409668,0.06241869926452637
simple_arbiter_unreal13_5.ltl,0.0364687442779541,0.062395334243774414
simple_arbiter_unreal13_6.ltl,0.03800702095031738,0.06393051147460938
simple_arbiter_unreal13_7.ltl,0.03954577445983887,0.06311750411987305
simple_arbiter_unreal13_8.ltl,0.040671348571777344,0.06279611587524414
simple_arbiter_unreal13_9.ltl,0.04195976257324219,0.06324124336242676
simple_arbiter_unreal14_10.ltl,0.07499098777770996,0.0969533920288086
simple_arbiter_unreal14_12.ltl,0.0785512924194336,TO
simple_arbiter_unreal14_1.ltl,0.050537109375,0.0662221908569336
simple_arbiter_unreal14_2.ltl,0.0529022216796875,0.06419849395751953
simple_arbiter_unreal14_3.ltl,0.05610084533691406,0.06582951545715332
simple_arbiter_unreal14_4.ltl,0.05939507484436035,0.06662511825561523
simple_arbiter_unreal14_5.ltl,0.061864376068115234,0.06679415702819824
simple_arbiter_unreal14_6.ltl,0.06377339363098145,TO
simple_arbiter_unreal14_7.ltl,0.0668177604675293,TO
simple_arbiter_unreal14_8.ltl,0.06906795501708984,0.19203710556030273
simple_arbiter_unreal15_10.ltl,0.12628412246704102,TO
simple_arbiter_unreal15_4.ltl,0.09522247314453125,TO
simple_arbiter_unreal15_6.ltl,0.1063070297241211,0.10768961906433105
simple_arbiter_unreal15_9.ltl,0.11974859237670898,TO
simple_arbiter_unreal18_8.ltl,0.38981080055236816,TO
simple_arbiter_unreal22.ltl,0.019553184509277344,0.06276988983154297
simple_arbiter_unreal23.ltl,0.031713008880615234,0.06117820739746094
simple_arbiter_unreal24.ltl,0.05226898193359375,0.06470847129821777
simple_arbiter_unreal27.ltl,0.20965147018432617,TO
SingleContoller_d65ed84e.ltl,0.4160890579223633,0.5689630508422852
SliderDefault.ltl,0.04368758201599121,0.06481170654296875
SliderDelayed.ltl,0.24080204963684082,0.4719583988189697
SPIPureNext.ltl,0.9470183849334717,TO
SPI.ltl,0.14653563499450684,1.6711664199829102
test2_f2774e0b.ltl,0.07588672637939453,4.089587211608887
test3_efe2feaf.ltl,0.05188417434692383,4.3541786670684814
test5_6cbc6174.ltl,0.031066179275512695,0.06203770637512207
test6_0f5381e9.ltl,0.037880659103393555,0.06561875343322754
test7_2c5b09da.ltl,0.03903555870056152,0.06428050994873047
test9_dd3a27e1.ltl,0.04766964912414551,0.06228184700012207
test_f3987563.ltl,0.023283720016479492,0.06275153160095215
TorcsGearing.ltl,0.025501012802124023,0.060172080993652344
TwoCounters2.ltl,0.16414117813110352,2.615420341491699
TwoCounters3.ltl,0.18260884284973145,9.954065322875977
TwoCounters4.ltl,0.2678389549255371,1.8936960697174072
TwoCounters5.ltl,0.9140863418579102,TO
TwoCountersDisButA0.ltl,0.10054612159729004,TO
TwoCountersDisButA1.ltl,0.16264677047729492,TO
TwoCountersDisButA2.ltl,0.3027503490447998,TO
TwoCountersDisButA3.ltl,0.45575833320617676,TO
TwoCountersDisButA4.ltl,0.45635342597961426,TO
TwoCountersDisButA5.ltl,0.8350846767425537,TO
TwoCountersDisButA6.ltl,0.8358712196350098,TO
TwoCountersDisButA7.ltl,2.9504308700561523,TO
TwoCountersDisButA8.ltl,2.7937543392181396,TO
TwoCountersDisButA9.ltl,5.430004358291626,TO
TwoCountersDisButAC.ltl,4.953790664672852,TO
TwoCountersGui.ltl,0.18016672134399414,TO
TwoCountersInRangeA0.ltl,0.055194854736328125,1.135096549987793
TwoCountersInRangeA1.ltl,0.06753730773925781,1.3237624168395996
TwoCountersInRangeA2.ltl,0.0810847282409668,1.6668047904968262
TwoCountersInRangeA3.ltl,0.09982538223266602,1.7183783054351807
TwoCountersInRangeA4.ltl,0.13576269149780273,1.7737526893615723
TwoCountersInRangeA5.ltl,0.17351770401000977,1.7958321571350098
TwoCountersInRangeA6.ltl,0.2705874443054199,1.8823139667510986
TwoCountersInRangeM0.ltl,0.24169564247131348,1.8036627769470215
TwoCountersInRangeM1.ltl,0.24459362030029297,1.7894628047943115
TwoCountersInRangeM2.ltl,0.17946577072143555,1.8111064434051514
TwoCountersInRangeM3.ltl,0.17894601821899414,1.824004888534546
TwoCountersInRangeM4.ltl,0.17343974113464355,1.7861428260803223
TwoCountersInRangeM5.ltl,0.17200136184692383,1.7908146381378174
TwoCountersInRange.ltl,0.055197715759277344,1.1132619380950928
TwoCountersRefinedRefined.ltl,0.06245684623718262,0.14965558052062988
TwoCountersRefined.ltl,0.06563138961791992,0.13473773002624512
TwoCounters.ltl,0.06266379356384277,0.10664939880371094
UnderapproxDemo.ltl,0.015209197998046875,0.015761852264404297
Warnlight_2d1010f8.ltl,0.0380091667175293,0.06631875038146973
Window_235467da.ltl,0.04411959648132324,0.06651568412780762
Window2_6479ef9a.ltl,0.06499314308166504,0.07721686363220215
Window_42dc4fff.ltl,0.04395270347595215,0.06635022163391113
Window_54e1f7d2.ltl,0.04396677017211914,0.06578493118286133
WindowMin_a5f99bc6.ltl,0.030812740325927734,0.06307625770568848
Zoo0.ltl,0.054503679275512695,0.07792401313781738
Zoo10.ltl,0.049132585525512695,0.0723104476928711
Zoo5.ltl,0.049070119857788086,0.07105684280395508
amba_decomposed_arbiter8.ltl,11.63636565208435,TO
